{"type":"Topology","arcs":[[[29404,69371],[-24,0],[15,72],[34,-20],[-25,-52]],[[29892,69764],[-64,-120],[35,-10],[41,69],[58,25],[14,-38],[-127,-113],[-77,-40],[-20,3],[-69,-39],[-117,-53],[-16,-37],[-50,-1],[-23,12],[-34,-21],[-7,49],[31,104],[23,9],[68,83],[28,10],[73,-17],[53,41],[77,-3],[34,13],[51,77],[46,52],[8,-23],[-36,-32]],[[30214,70091],[-1,-32],[-34,-27],[25,124],[10,-65]],[[31028,72184],[30,-45],[1,-41],[-40,-66],[-27,60],[22,86],[14,6]],[[30940,71996],[-27,-7],[-2,39],[32,14],[-3,-46]],[[30551,69881],[-26,35],[20,45],[21,-61],[-15,-19]],[[30414,69996],[-2,-38],[-59,-9],[-30,14],[50,70],[27,6],[14,-43]],[[15944,75030],[26,-70],[-30,-5],[-13,-40],[49,-104],[33,-45],[8,-46],[-24,-35],[-30,40],[-21,77],[-41,109],[26,99],[17,20]],[[15844,75064],[-45,23],[-15,49],[21,37],[30,-53],[9,-56]],[[15867,75162],[-40,30],[25,56],[22,-3],[29,-35],[-36,-48]],[[15886,75043],[-35,23],[18,73],[17,-96]],[[15807,75458],[16,1]],[[15823,75459],[-16,-1]],[[23646,61245],[-62,-85],[76,154],[11,-19],[-25,-50]],[[23124,60452],[30,86],[59,84],[4,-37],[-31,-33],[-62,-100]],[[25706,62004],[32,98],[-19,13],[-15,-67],[-29,-57],[-46,-32],[-39,-2]],[[25590,61957],[27,22],[4,29],[-40,76],[-7,62],[6,53],[-11,73],[-19,22],[-23,-136],[-3,-104],[-22,-6],[-45,32],[-29,-62],[-43,33],[-30,-12],[-31,48],[-41,4],[-1,-23],[-61,-43],[-30,-12],[-38,-91],[-40,-22],[-108,81],[-23,67],[-34,21],[-14,-9],[-50,-124],[1,-76],[18,-26],[49,-28],[38,10],[62,45],[38,49],[9,-25],[-21,-54],[-35,-36],[7,-45],[38,-47],[26,14],[6,45],[25,81],[22,-17],[18,-124],[-22,-63],[-18,30],[-52,-119],[-25,-24],[21,-78],[44,-45],[16,-43],[57,-49],[20,4],[49,-104],[-9,-61],[-31,-51],[-27,40],[-31,-102],[-10,15],[27,78],[-25,6],[-24,102],[-36,13],[-46,63],[0,55],[-59,51],[-37,47],[-15,-46],[31,-20],[9,-25],[-8,-81],[1,-65],[-17,-60],[-26,-34],[-8,19],[-10,102],[-20,36],[-28,12],[-22,-26],[-49,-126],[-49,10],[-34,65],[-13,-18],[-58,36],[-23,58],[32,26],[-12,76],[-41,53],[-36,2],[-4,63],[-20,78],[-54,40],[-21,30],[-69,-49],[-8,-56],[21,-54],[-48,-54],[-17,1],[-98,42],[-60,67],[-59,51],[-51,16],[-102,-16],[-43,-40],[-18,26],[-1,52],[22,12],[11,48],[1,55],[-23,6],[-30,-121],[28,-97],[-49,-2],[-28,-19],[-144,-148],[-28,-57],[-7,21],[24,50],[49,36],[-16,41],[-28,-15],[-15,43],[5,104],[-13,20],[-55,-64],[-29,14],[12,-108],[33,-104],[-1,-77],[-51,-95],[-17,-94],[-43,-86],[-88,-127],[-50,-13],[-40,-36],[0,-44],[-24,14],[-29,-31],[-16,67],[-21,-7],[-49,54],[10,-90],[-7,-26],[-34,35],[-11,51],[-16,-24],[19,-85],[51,-90],[-62,-85],[-21,7],[-2,46],[-26,53],[-13,-44],[17,-44],[1,-78],[-28,-72],[-28,-14],[-12,47],[-40,-18],[-12,-67],[19,-25],[28,42],[6,-43],[-48,-151],[-82,40],[2,-38],[25,-30],[32,-92],[-37,-236],[-22,-15],[-10,51],[-27,-24],[-3,-66],[28,-12],[29,19],[-4,-96],[-9,-70],[-23,-19],[0,-117],[19,-37],[19,-177],[3,-96],[12,-33],[14,-86],[3,-89],[18,-101],[26,42],[2,-49]],[[23016,58892],[-34,-22],[-43,-71],[-27,40],[-27,77],[-18,23],[-47,19],[-59,-18],[-39,17],[-24,25],[-43,91],[-45,24],[-26,23],[-24,43],[-89,62],[-27,201],[-20,105],[-13,7],[-39,127],[5,152],[-9,157],[-8,66],[-29,53],[-30,20],[-7,33],[-33,65],[-6,71],[-23,58],[-32,123],[-30,30],[-26,60],[-14,86],[-8,85],[-33,113],[-13,106],[-27,79],[-12,127],[-36,107],[-39,66],[-30,80],[-48,57],[-39,86],[-13,81],[-62,-4],[-55,27],[-76,-1],[-56,61],[-54,-77],[-49,-27],[-37,-194],[-25,-158],[-17,-51],[-58,-143],[-58,28],[-44,74],[-57,52],[-42,63],[-38,25],[-40,73],[-17,52],[-53,54],[-34,74],[-37,193],[-7,85],[7,78],[-52,215],[-9,72],[-64,132],[-74,83],[-41,94],[-17,62],[-47,69],[-24,75],[-43,81],[-37,27],[-18,29],[-17,62],[-18,92],[-17,44],[-37,24],[-235,1],[-231,0],[0,-323],[-158,-1],[-204,1],[-222,-1],[-204,1],[-250,209],[-154,125],[-235,189],[-199,158],[-206,161],[22,152],[-133,-22],[-196,-38],[-167,-34],[-170,-36]],[[17466,63613],[1,78],[-39,92],[-6,42],[8,43],[-19,155],[-25,100],[-24,71],[-102,182],[-13,8],[-55,108],[-32,20],[-21,-49],[-28,24],[4,66],[-10,57],[-24,80],[-13,17],[-78,-18],[-82,60],[-25,37],[-26,85],[-28,53],[-35,41],[-72,9],[-57,30],[-35,8],[-88,-17],[-13,54],[-36,39],[9,91],[-2,107],[-7,25],[7,148],[-5,28],[-34,18],[-32,46],[4,91],[-22,67],[-22,22],[-47,123],[-28,36],[-8,48],[-38,92],[-10,74],[-54,134],[-36,41],[-20,54],[-2,56],[-19,145],[27,14],[13,38],[10,104],[-25,100],[-17,21],[-30,-18],[-44,45],[-55,131],[0,126],[-13,79],[-16,20],[-5,56],[4,144],[29,17],[8,-59],[-1,-84],[81,-112],[-31,183],[-34,81],[-26,95],[46,76],[27,-21],[32,22],[91,-34],[-37,45],[-24,-11],[-31,59],[-26,-62],[-71,68],[-31,-26],[0,-132],[16,-38],[-23,-38],[-42,57],[-35,66],[-49,40],[8,76],[27,-26],[-77,242],[-57,80],[-37,115],[-71,141],[10,68],[-5,70],[-31,166],[6,103],[10,42],[-9,112],[-27,114],[-54,160],[-39,60],[-36,71],[3,45],[-15,81],[28,177],[37,85],[12,129],[-7,119],[22,171],[-1,49],[-20,158],[-26,99],[11,93],[-3,36],[-43,90],[-11,85],[-11,173],[10,51],[-3,80],[-24,59],[-12,58],[2,56],[25,97],[16,161],[-3,39],[36,55],[-8,32],[25,169],[20,36],[-10,50],[31,680],[-4,70],[9,36],[22,211],[-3,26],[3,219],[12,111],[-14,65],[12,191],[-12,108],[99,16],[33,31],[-60,39],[-46,-29],[-40,46],[5,50],[23,36],[6,64],[-17,75],[30,56],[-68,25],[-6,81],[35,51],[-5,49],[-23,47],[-21,-24],[-10,136],[-12,66],[-20,43],[-16,211],[-29,113],[-43,73],[-14,82],[-4,153],[-9,104],[21,2],[62,-60],[51,-29],[53,-59],[71,-20],[31,4],[76,-28],[44,-2],[36,44],[40,-56],[53,-16],[41,-126],[-33,-110],[-28,-8],[-12,-53],[16,-15],[30,65],[45,137],[14,-11],[15,-114],[-38,-41],[0,-71],[17,-11],[8,-67],[-11,-153],[-35,25],[-21,-96],[-27,90],[-20,-21],[-6,-57],[-34,-36],[-1,-30],[76,50],[21,-45],[30,38],[23,74],[59,69],[-20,126],[-9,90],[12,115],[23,91],[-23,183],[-17,30],[12,39],[-55,84],[-25,-5],[-5,55],[22,11],[37,-42],[14,99],[-18,112],[-41,14],[-45,128],[14,39]],[[15900,75456],[183,2],[282,0],[153,0],[296,0],[195,0],[250,0],[240,0],[265,0],[245,0],[231,0],[306,0],[296,0],[222,0],[352,0],[213,0],[324,0],[148,0],[250,0],[287,0],[241,0],[305,0],[158,0],[231,0],[241,0],[269,0],[324,0],[231,0],[356,0],[574,0],[0,240],[20,19],[42,-1],[31,-38],[4,-86],[24,-152],[3,-128],[28,-52],[30,-20],[56,7],[14,-33],[31,-13],[77,-10],[20,-80],[81,15],[24,51],[45,22],[82,-12],[66,-59],[4,-40],[68,-66],[26,-117],[19,13],[10,70],[60,-1],[13,-60],[40,-42],[30,-9],[27,-67],[63,-41],[49,31],[26,43],[69,67],[18,-23],[23,-81],[168,21],[23,-11],[19,-58],[27,-25],[40,28],[110,-36],[185,199],[90,40],[257,-256],[155,-159],[232,-242],[329,-354],[25,-182],[58,-135],[23,-4],[21,35],[60,27],[20,-28],[-11,-59],[16,-133],[41,-122],[32,39],[49,1],[25,-18],[35,-65],[-42,-132],[293,-340],[59,-643],[56,-630],[-80,-408],[-18,-138],[3,-47],[-13,-96],[-17,-46],[-23,-13],[-50,-107],[-67,-70],[-15,-71],[-9,-112],[26,-128],[105,-132],[76,-6],[167,205],[160,190],[205,75],[116,50],[307,303],[18,84],[-26,33],[-18,74],[10,56],[-3,69],[-36,149],[128,118],[17,5],[215,2],[300,-5],[103,338],[105,173],[52,39],[14,54],[39,83],[103,183],[87,102],[41,23],[167,-17],[250,13],[158,7],[75,-2],[282,2],[26,140],[-6,25],[35,39],[43,-37],[34,53],[40,-61],[50,160],[-8,24],[26,94],[46,61],[58,141],[-13,51],[4,161],[25,96],[39,68],[14,192],[214,554],[53,-27],[4,-126],[39,-48],[160,127],[36,-23],[63,-103],[19,-54],[27,-32],[4,-566],[2,-235],[-9,-124],[3,-64],[37,-46],[69,-33],[-19,-65],[8,-117],[-3,-35],[16,-63],[18,-33],[21,35],[16,-12]],[[31331,72712],[12,-10],[36,-132],[-7,-61],[25,-52],[-61,-121],[-63,-23],[-36,28],[-5,-82],[-41,-29],[-18,25],[-79,-141],[-13,74],[-59,8],[-40,-48],[-27,14],[3,-70],[-18,-10],[-55,17],[5,92],[18,70],[-19,13],[-14,-73],[-37,-22],[-11,-133],[-17,-92],[5,-45],[-51,-92],[-34,78],[-36,-142],[-15,35],[-27,2],[-41,-81],[-34,55],[-19,7],[-51,-68],[-16,-76],[11,-71],[-27,-14],[-18,-82],[-27,-61],[-33,-43],[-1,-51],[-60,-207],[-7,-44],[2,-117],[17,-44],[46,-1],[-13,-41],[-67,-40],[-49,-125],[2,-44],[22,-47],[30,25],[37,-44],[18,-112],[-8,-44],[41,-45],[2,-92],[21,-37],[44,-33],[76,60],[25,29],[-2,-115],[-43,-3],[-39,-18],[-52,-7],[-19,-53],[-45,-15],[4,116],[-25,19],[-25,-70],[-31,-55],[-39,-31],[-39,28],[2,85],[-30,-2],[-23,102],[-10,-248],[-24,-66],[-21,2],[-54,-34],[-49,16],[-62,-15],[-20,-29],[-77,-16],[-29,10],[-71,-17],[-12,14],[-47,-69],[-20,-5],[-106,-112],[-24,-6],[-29,-59],[-21,-71],[-31,-20],[-42,-93],[-13,23],[-33,-107],[-3,-62],[18,-21],[56,16],[11,-44],[1,-71],[-36,-304],[-26,-94],[7,-31],[-47,-102],[-24,-33],[9,-29],[-24,-39],[11,-48],[-28,-28],[-22,-42],[-30,-120],[-31,-85],[-24,-32],[-11,59],[18,94],[-11,36],[-67,31],[-70,104],[-31,63],[-8,111],[-14,-4],[9,-116],[39,-102],[11,-47],[1,-121],[24,-114],[32,-74],[13,-87],[-16,-70],[38,-8],[7,-77],[-12,-16],[-4,-93],[-17,-63],[-55,-114],[-16,-117],[-25,-87],[-44,-217],[-17,36],[-23,-68],[-10,-58],[-8,-112],[-26,-46],[-15,85],[28,243],[70,167],[5,87],[-30,13],[-27,-36],[-9,41],[8,74],[-16,40],[4,76],[14,107],[-53,-124],[-34,88],[-23,13],[-22,87],[38,33],[-28,26],[6,36],[55,-5],[-34,51],[-4,40],[-33,-42],[-3,57],[22,58],[27,-56],[15,26],[-11,62],[-23,56],[-37,-49],[17,94],[15,-30],[24,13],[23,100],[-41,-58],[-11,67],[26,117],[20,31],[33,22],[39,131],[-29,23],[-40,-40],[6,-65],[-35,-62],[-19,52],[-62,-103],[18,-66],[-17,-23],[16,-50],[7,-70],[-16,-70],[-20,-42],[-4,-89],[9,-144],[29,-80],[6,-40],[0,-104],[17,-52],[2,-72],[-88,138],[-31,-4],[-36,29],[-49,118],[-6,-43],[38,-126],[24,-25],[70,-33],[25,-71],[61,-67],[15,-35],[-16,-133],[-14,-51],[-39,37],[-103,180],[36,-96],[36,-48],[20,-77],[63,-38],[12,-52],[2,-88],[-14,-27],[-21,34],[-10,-27],[7,-47],[-21,-13],[45,-91],[6,-36],[-6,-58],[-28,-23],[-62,116],[-5,59],[-71,23],[-28,46],[-69,17],[1,-28],[57,-10],[87,-98],[19,-72],[46,-64],[1,-38],[40,-30],[5,59],[17,9],[26,-28],[48,-7],[21,-175],[-15,11],[-3,-83],[18,5],[3,-58],[-37,3],[13,-61],[20,-43],[33,-168],[-15,-5],[-28,58],[-73,-70],[-43,40],[-1,-53],[-34,-48],[-66,27],[1,-77],[49,0],[37,28],[33,-18],[35,30],[27,-2],[25,-81],[38,68],[28,-70],[8,-46],[-5,-141],[-14,-33],[-29,3],[-24,-43],[-17,-66],[-30,-63],[-87,25],[-17,23],[-18,106],[-12,-21],[9,-65],[-15,-12],[-72,34],[22,-50],[92,-61],[4,-59],[-21,6],[-28,-48],[31,-21],[-14,-46],[-34,-52],[-39,-1],[-18,-22],[49,-47],[34,56],[40,19],[20,-49],[26,24],[-6,-66],[-19,-25],[-24,-80],[-43,-14],[-8,58],[-21,-22],[-93,-65],[-8,12],[-72,-127],[-21,-9],[-63,-100],[-42,-125],[-14,-114],[-19,-29],[-20,-74],[-59,21],[-101,-35],[-78,-128],[-71,-199],[-7,-73],[-17,-59],[5,-48],[-46,-77],[-5,-36],[-50,5],[-12,-71],[-33,-81],[-23,-27],[-19,17],[1,-69],[-30,-55],[-65,-56],[-30,-43],[-42,-4],[14,-55],[-10,-58],[-46,-44],[-3,62],[-39,-23],[31,-67],[-14,-44],[-44,-55],[7,-78],[-74,-175],[-4,-83],[-8,-35],[-38,2],[5,-55],[22,-12],[-25,-109],[3,-73],[-29,-42],[-16,32],[-12,-67],[19,-61],[-11,-63],[-21,-66],[13,-70],[-5,-28],[20,-53],[-5,-95],[11,-29],[6,-133],[38,-350],[27,-171],[53,-292],[79,-314],[22,-77],[-16,-1],[-4,-14],[-30,34],[9,69],[-26,36],[6,-93],[18,-167],[50,-277],[50,-244],[24,-191],[27,-170],[18,-40],[19,-110],[13,-137],[2,-117],[-30,-523],[-16,-117],[-33,-103],[-18,-201],[-12,-51],[-19,-24],[-24,18],[-30,-56],[-40,-1],[-73,-33],[-16,32],[-9,58],[12,57],[37,-79],[20,7],[-7,57],[-47,58],[-56,294],[-21,43],[-43,51],[-33,-4],[-17,33],[-22,148],[-7,133],[-11,69],[-25,26],[51,162],[-29,-34],[-16,-86],[-33,10],[-3,110],[17,185],[-48,-19],[9,-112],[-37,34],[-29,95],[-40,235],[-9,74],[-22,51],[17,25],[-7,41],[63,192],[-10,71],[-74,79],[-7,-75],[31,-38],[3,-36],[-12,-91],[-24,-27],[-36,144],[12,56],[10,96],[7,116],[23,148],[10,187],[-13,77],[13,55],[-34,92],[-14,106],[-44,22],[-31,28],[-42,142],[-48,74],[-9,103],[-30,39],[-26,110],[-30,55],[-42,47],[-34,58],[-54,6],[-34,-25],[-36,-54],[14,-57],[-30,-2],[-66,-96],[-31,-31],[-14,30],[-17,-33],[-88,-32],[-4,91],[-15,59],[-51,98],[29,15],[-57,66],[-33,67],[-18,-32],[-71,78],[-70,58],[49,5],[11,25],[-38,50],[-50,0],[-44,-58],[-51,1],[-81,-27],[38,51],[-21,51],[-42,-2],[-5,-62],[-35,-79],[-42,-17]],[[27599,60781],[9,-36],[-16,-125],[-16,4],[-2,115],[10,25],[15,17]],[[16657,64684],[19,-44],[-20,-31],[-36,9],[-16,54],[53,12]],[[17141,64184],[-44,0],[-38,114],[14,1],[52,-65],[16,-50]],[[17119,63827],[-31,18],[-10,85],[42,-87],[-1,-16]],[[24504,61421],[-16,-4],[-53,70],[8,28],[39,13],[39,-56],[-17,-51]],[[16703,64728],[47,-28],[39,14],[7,-36],[-50,-32],[-34,3],[-9,79]],[[607,77415],[-27,-44],[1,-48],[-52,50],[41,50],[-4,28],[-71,71],[30,33],[48,1],[39,-92],[-5,-49]],[[2621,78082],[-12,-42],[-65,-22],[27,83],[40,8],[10,-27]],[[2079,77794],[-28,31],[42,68],[43,-25],[-1,-27],[-56,-47]],[[1794,77702],[50,-13],[-31,-47],[-56,16],[-44,-16],[-25,11],[-36,55],[72,-15],[45,30],[25,-21]],[[1668,77827],[-41,-122],[-19,-18],[-45,0],[-7,-31],[-91,-38],[-46,26],[-52,-29],[-30,33],[50,20],[26,26],[32,-9],[82,28],[17,56],[45,-2],[12,43],[-51,14],[-4,22],[71,71],[27,-20],[24,-70]],[[1107,77496],[-56,-5],[12,40],[44,-35]],[[1101,77591],[-36,21],[-7,39],[16,43],[24,-5],[14,-52],[-11,-46]],[[3243,78486],[-14,-59],[-26,-56],[-112,-105],[-2,25],[29,86],[-5,67],[50,88],[23,-20],[45,7],[-12,110],[16,47],[32,40],[65,25],[58,-49],[-20,-89],[-69,-71],[-58,-46]],[[3856,78893],[-28,-50],[-20,64],[27,29],[21,-43]],[[3712,78965],[9,-33],[38,44],[26,80],[31,-21],[4,-69],[-53,-57],[-26,-12],[-11,-50],[65,48],[16,-71],[-36,-6],[-37,-33],[-30,-95],[-29,-34],[-106,-20],[-68,-56],[-32,-44],[-46,-17],[-50,37],[42,56],[38,2],[21,33],[30,-3],[58,26],[22,46],[-22,51],[38,74],[33,5],[29,-44],[9,59],[-52,29],[-22,-13],[-34,71],[38,76],[74,37],[45,-31],[-12,-65]],[[4849,79331],[-27,-11],[-35,28],[-15,65],[63,-32],[14,-50]],[[3973,79116],[-22,-15],[-53,-1],[-21,-18],[-22,55],[9,39],[41,37],[79,-70],[-11,-27]],[[4032,79180],[-38,-35],[-17,79],[16,40],[38,-3],[1,-81]],[[2868,78205],[-9,-30],[-76,51],[56,27],[29,-48]],[[660,77396],[106,72],[12,22],[1,69],[42,-20],[-30,-139],[-30,-20],[-32,39],[-69,-23]],[[1039,77458],[-34,-37],[-9,89],[38,5],[5,-57]],[[957,77501],[36,-5],[2,-60],[-80,-52],[-58,-53],[-16,39],[22,78],[31,46],[0,68],[49,44],[18,-45],[-4,-60]],[[12915,80273],[-48,63],[17,34],[81,-18],[2,-27],[-52,-52]],[[13084,80941],[-6,92],[32,27],[76,-144],[-68,-66],[-45,11],[-5,60],[16,20]],[[13064,80932],[-11,-6],[-50,83],[-15,65],[-25,-32],[41,-90],[25,-17],[3,-58],[-29,-58],[-66,15],[-22,-27],[-37,3],[1,113],[-20,63],[7,79],[-52,54],[36,19],[-77,86],[2,28],[46,20],[146,-63],[66,0],[30,-50],[13,-53],[0,-137],[-12,-37]],[[13283,80615],[24,-48],[-12,-25],[6,-90],[-56,-21],[-30,36],[-6,65],[-42,20],[-32,45],[7,57],[46,81],[31,10],[4,-92],[60,-38]],[[12878,80446],[-42,-6],[30,100],[31,45],[49,20],[31,-15],[-22,-89],[-27,-5],[-50,-50]],[[13263,80640],[-26,53],[5,90],[27,27],[20,-62],[32,1],[27,-88],[-18,-71],[-67,50]],[[13106,80662],[-63,71],[15,64],[29,25],[44,2],[32,-47],[-6,-69],[-51,-46]],[[2078,83651],[37,3],[12,-38],[-70,-11],[-95,103],[-32,20],[29,73],[29,-81],[90,-69]],[[8905,84008],[8,-49],[-29,-19],[-33,27],[9,62],[45,-21]],[[2371,85966],[53,16],[101,-41],[55,58],[63,37],[51,-7],[55,-53],[20,-62],[52,-60],[53,-10],[36,-60],[75,-12],[40,-28],[18,31],[91,-25],[0,-55],[-43,-56],[-77,34],[-48,-11],[-53,-64],[-23,-83],[-43,-12],[4,68],[-19,49],[-77,48],[-40,10],[-2,52],[-77,70],[-77,33],[-21,29],[-112,-50],[-52,-56],[-79,47],[-31,92],[12,94],[18,20],[3,88],[53,-126],[21,-5]],[[4895,85921],[-86,11],[11,44],[75,8],[0,-63]],[[9408,83710],[7,49],[45,36],[47,-8],[-99,-77]],[[8873,83511],[-13,-87],[-41,-40],[-14,27],[68,100]],[[9691,83666],[-2,-72],[-45,17],[47,55]],[[8964,83652],[27,-20],[-37,-141],[-40,49],[15,99],[21,77],[22,23],[22,-61],[-30,-26]],[[9350,83664],[57,19],[15,-21],[-109,-72],[-29,-42],[-28,27],[-6,93],[46,50],[47,-27],[7,-27]],[[2732,81333],[-23,-27],[-45,33],[26,28],[47,6],[-5,-40]],[[7439,81795],[-65,54],[-6,63],[58,-55],[13,-62]],[[12105,81831],[-31,43],[-2,105],[24,17],[33,-54],[-24,-111]],[[12622,82178],[29,-20],[50,-73],[-85,10],[-28,53],[34,30]],[[7526,81934],[-21,-15],[-121,57],[43,57],[57,-75],[42,-24]],[[7665,82194],[34,42],[83,-56],[3,-80],[-37,-61],[-24,19],[-13,63],[-35,-49],[25,-46],[-88,2],[-9,-39],[-42,-59],[-21,-2],[-51,42],[-53,78],[51,102],[68,-14],[3,93],[39,48],[28,-13],[39,-70]],[[5873,80353],[-10,47],[32,12],[17,-35],[-39,-24]],[[7431,81213],[-25,-1],[-18,46],[35,97],[88,-16],[12,-37],[-51,-28],[-41,-61]],[[7026,80788],[-20,31],[18,47],[51,59],[11,-65],[-41,-33],[-19,-39]],[[7173,80859],[-49,24],[20,40],[54,8],[-25,-72]],[[6784,80333],[-39,6],[-6,32],[35,63],[15,-1],[-5,-100]],[[12712,80376],[-24,63],[59,-4],[-35,-59]],[[12780,81122],[18,-51],[56,-21],[9,-127],[-61,14],[18,-192],[-19,-52],[7,-36],[-17,-101],[-75,-14],[-11,137],[16,29],[-22,37],[30,62],[39,-42],[-8,123],[-67,7],[-24,114],[-3,97],[58,57],[56,-41]],[[12515,81476],[30,-83],[61,-375],[-1,-344],[-9,-61],[-30,40],[-122,334],[21,102],[-38,-31],[-29,35],[3,172],[-14,67],[19,58],[-46,-2],[-46,74],[42,3],[-8,45],[9,67],[45,30],[54,-52],[59,-79]],[[12300,81209],[-31,-4],[5,132],[-7,108],[22,7],[39,-35],[18,-41],[2,-68],[-22,-90],[-26,-9]],[[12559,81461],[-21,-11],[-31,57],[26,14],[26,-60]],[[7446,81816],[12,19],[-30,99],[63,-49],[53,-7],[-2,-64],[44,33],[18,33],[41,-17],[41,-61],[-62,-82],[33,-72],[27,21],[48,-5],[-48,-143],[-52,6],[-57,49],[-31,-23],[58,-51],[0,-60],[-20,-32],[-40,-2],[-16,41],[-72,13],[-3,-31],[55,-16],[-33,-49],[-44,12],[-33,-39],[-36,-80],[-14,-60],[-61,-102],[-59,-72],[-42,2],[18,72],[59,66],[-41,74],[-4,52],[-28,25],[-62,4],[-35,-19],[9,-50],[23,0],[32,47],[38,-2],[-15,-112],[-23,-61],[-45,67],[-35,20],[-3,136],[-19,55],[-53,16],[20,100],[59,112],[46,48],[40,16],[57,-19],[31,-166],[15,99],[-28,167],[9,38],[48,50],[44,-52],[18,-145],[52,71],[-42,82],[72,-38],[5,36]],[[12585,82053],[38,13],[56,-29],[51,11],[10,-78],[37,-83],[25,-89],[10,-101],[-23,9],[-10,60],[-27,58],[-17,103],[-24,54],[-22,-26],[13,-113],[25,-43],[49,-119],[37,-115],[3,-89],[-23,-45],[-63,56],[26,-80],[-24,-58],[-87,-115],[-32,6],[-6,135],[33,105],[-9,52],[-36,115],[-15,99],[3,61],[-24,202],[-35,71],[-16,117],[48,-42],[29,-102]],[[12235,81595],[-21,26],[10,46],[-100,146],[-1,75],[14,35],[-35,89],[23,79],[108,-13],[41,52],[92,-84],[-36,-83],[-47,0],[20,-46],[25,-12],[59,127],[85,-32],[46,-44],[7,-81],[-39,-37],[12,-64],[-53,-3],[-10,-39],[77,29],[12,-8],[19,-111],[-3,-99],[-57,1],[-16,27],[-176,184],[18,-80],[32,-40],[7,-87],[-39,-74],[-41,18],[-33,59],[0,44]],[[5292,82334],[-39,-1],[-7,71],[15,33],[103,82],[-60,-173],[-12,-12]],[[7608,82291],[-13,34],[72,62],[16,-24],[-36,-84],[-39,12]],[[3857,83669],[14,-61],[75,6],[31,-29],[4,-171],[31,-94],[-92,-39],[-96,-25],[35,-25],[-24,-34],[-61,68],[-51,-1],[-100,89],[-48,18],[-52,69],[-28,68],[60,31],[102,-19],[8,45],[33,38],[63,45],[40,-7],[56,28]],[[8968,83238],[-39,-27],[-11,47],[62,118],[74,76],[56,113],[2,58],[26,22],[50,-53],[-17,-47],[-71,-81],[-67,-133],[-14,-66],[-51,-27]],[[4605,79717],[13,-92],[31,-27],[34,6],[24,-68],[-28,-7],[-50,35],[-72,-69],[-61,16],[-54,-3],[-44,-17],[-44,-55],[-5,-43],[-35,-41],[-54,-15],[-54,26],[-21,73],[2,52],[62,48],[59,177],[18,11],[53,-28],[69,73],[17,28],[41,17],[67,-6],[32,-91]],[[13546,79686],[-29,-15],[-38,40],[7,30],[55,33],[5,-88]],[[13503,79926],[12,-109],[-10,-36],[-57,-12],[1,189],[54,-32]],[[13440,79973],[-32,-101],[-22,34],[-13,127],[9,41],[58,-101]],[[12930,80086],[-41,11],[26,52],[15,-63]],[[5362,80062],[41,-9],[-10,-59],[10,-110],[-36,8],[-34,-27],[-14,56],[1,93],[42,48]],[[12987,79927],[-49,-8],[-3,77],[38,16],[19,-52],[-5,-33]],[[5467,79979],[-46,4],[-4,43],[42,14],[8,-61]],[[12900,80000],[-35,-4],[33,81],[34,-35],[-32,-42]],[[13164,79609],[-13,-11],[-34,77],[19,57],[27,-45],[1,-78]],[[4916,79653],[-31,36],[-4,35],[32,37],[23,-16],[-1,-48],[-19,-44]],[[13148,79544],[-48,8],[-27,82],[-52,97],[-25,110],[6,99],[23,13],[33,-90],[-2,-46],[28,-107],[48,-90],[16,-76]],[[5728,79741],[-28,44],[35,26],[-7,-70]],[[5099,79854],[-35,-38],[-37,54],[22,27],[50,-43]],[[13147,79801],[-17,-25],[-38,22],[1,78],[37,-1],[17,-74]],[[5600,79872],[-14,-27],[-65,-60],[-19,71],[23,30],[28,-35],[17,45],[30,-24]],[[5689,79821],[-37,-12],[0,56],[41,33],[-4,-77]],[[13595,80354],[34,-121],[-9,-179],[-25,-94],[-23,-42],[-30,1],[-12,54],[-28,-15],[-42,26],[-47,55],[-30,62],[33,52],[2,104],[46,166],[66,41],[17,-3],[48,-107]],[[12895,80136],[-17,-43],[-33,32],[17,46],[33,-35]],[[12920,80736],[85,-7],[35,-64],[9,-47],[-18,-48],[4,-39],[35,5],[35,-21],[55,-79],[44,-104],[6,-63],[55,-105],[-52,3],[-19,-25],[61,-38],[54,-137],[-41,-13],[0,-41],[37,4],[32,44],[-3,-111],[13,-228],[-16,-71],[-77,17],[18,70],[-75,120],[-29,-6],[23,99],[-74,54],[-8,48],[-38,-29],[-23,43],[-52,7],[-13,42],[14,33],[67,-23],[-40,83],[15,114],[-56,-35],[-29,29],[-2,77],[36,16],[28,52],[-32,94],[-2,149],[-83,18],[-19,68],[6,53],[34,-8]],[[11934,82705],[63,66],[63,-1],[34,95],[-1,125],[47,3],[24,119],[72,21],[132,96],[83,-119],[45,-50],[-4,-70],[-18,-31],[39,-106],[74,-26],[33,-81],[28,-1],[63,-198],[115,-92],[25,-59],[85,-133],[0,-71],[81,-162],[13,-68],[77,-175],[14,-56],[74,-179],[34,-69],[41,-123],[-27,-83],[83,-38],[-21,-122],[67,-51],[10,-142],[77,1],[135,-143],[80,-25],[41,-77],[45,-17],[27,-80],[38,-24],[39,20],[21,-67],[0,-83]],[[13885,80429],[-45,-110],[9,-155],[42,-187],[-40,-79],[-39,-135],[-25,-57],[-59,-78],[-36,-21],[-45,3],[-17,36],[-1,98],[-20,31],[12,45],[-26,46],[-2,43],[57,88],[-2,193],[-13,118],[-71,144],[-11,50],[-33,-34],[-21,22],[-131,-112],[32,-18],[-16,-108],[-39,-118],[-64,77],[-16,84],[21,55],[34,16],[-2,87],[30,15],[-3,144],[16,45],[-26,94],[-54,47],[-43,72],[7,79],[-34,-20],[-31,24],[15,81],[-75,67],[-25,63],[26,36],[-11,74],[-28,-37],[-62,34],[-11,59],[-32,-45],[-57,48],[5,82],[63,-4],[4,28],[-59,30],[-18,93],[12,40],[-38,25],[-17,38],[5,49],[35,36],[-11,57],[-40,-24],[-29,76],[-7,80],[-23,-21],[-41,71],[-7,80],[-43,14],[-69,99],[-75,25],[-4,57],[-49,123],[5,105],[-36,-18],[-24,65],[4,28],[-28,177],[-31,44],[-56,26],[42,-111],[1,-79],[41,-172],[21,-55],[-3,-61],[36,-158],[-10,-78],[-20,-18],[-45,30],[-42,160],[-38,-37],[-84,-28],[21,113],[-64,201],[-48,-48],[-64,56],[-52,99],[-8,-39],[-55,57],[-43,59]],[[10832,90308],[1,-487],[0,-527],[0,-360],[0,-623],[0,-552],[0,-695],[0,-671],[0,-264],[0,-527],[0,-264],[0,-1271],[1,-475],[132,-61],[20,63],[131,-88],[84,110],[169,3],[-33,-179],[38,-70],[100,-66],[20,-95],[285,-385],[30,-179],[17,-56],[35,56],[64,54]],[[11926,82699],[25,-55],[-3,-73],[114,-34],[65,-115],[43,-47],[30,-74],[14,-91],[-15,-33],[-48,-23],[-13,53],[-30,-12],[12,-48],[-78,26],[24,-52],[-40,-17],[-43,102],[-54,11],[-58,44],[-89,99],[26,61],[-51,-15],[-66,91],[-15,86],[-65,90],[-53,54],[-13,58],[-59,-17],[-84,73],[-58,29],[-19,55],[-79,40],[-55,44],[50,129],[2,47],[-25,110],[37,66],[46,-83],[-4,-194],[29,11],[-14,92],[16,64],[-50,117],[-28,27],[-24,-21],[-53,-105],[-40,-42],[-86,-63],[-48,-10],[-132,35],[-138,86],[28,56],[-2,94],[-29,46],[-24,-19],[20,-67],[-92,-47],[-41,41],[-233,72],[-130,-36],[-135,-18],[-55,-31],[-27,11],[-80,132],[-53,-13],[-48,18],[-24,58],[-61,10],[3,62],[45,179],[-29,-7],[-67,-130],[-37,-52],[-40,-6],[-77,80],[-58,17],[34,47],[31,79],[-57,-31],[-106,6],[11,79],[-89,-38],[-42,4],[-12,35],[72,23],[85,51],[-31,32],[-44,-54],[-43,4],[-40,41],[-17,54],[40,92],[102,6],[-15,29],[-79,2],[-57,-65],[-26,-51],[-59,29],[-32,-18],[-44,-71],[-48,21],[-69,-68],[-73,90],[35,89],[46,81],[0,55],[-87,-174],[-28,-1],[-37,-122],[-73,-29],[-2,-53],[50,32],[46,-9],[-6,-45],[18,-107],[28,33],[35,-65],[3,-56],[-46,-22],[-54,-100],[58,-40],[-16,-43],[-58,-16],[-20,-127],[-90,10],[-36,-9],[-86,29],[-47,91],[-71,-212],[-30,96],[-14,-208],[-37,34],[-27,-62],[-65,-95],[-131,-53],[-42,-67],[-4,-53],[-43,30],[-39,-11],[8,-52],[-74,35],[-44,-61],[-47,-7],[-43,41],[-23,60],[24,76],[65,52],[59,-10],[5,49],[60,43],[61,134],[-15,8],[-116,-112],[-72,27],[-38,47],[-4,31],[43,167],[76,126],[41,143],[7,111],[-38,119],[46,48],[56,10],[105,126],[64,48],[29,-1],[32,-69],[49,-16],[58,45],[185,-64],[4,41],[-68,11],[-60,24],[-124,120],[19,42],[80,121],[126,78],[-47,11],[-74,-24],[-54,-68],[-23,-79],[-142,-15],[-42,27],[-34,-34],[-77,-45],[-48,-97],[-79,-22],[-71,-77],[-17,-36],[25,-88],[-38,6],[-53,-51],[-18,-48],[-62,-80],[7,-58],[-33,-85],[-97,-74],[48,-69],[3,-34],[-36,-94],[-31,-25],[-56,5],[8,-70],[-12,-59],[-45,-44],[-55,3],[20,53],[-25,29],[-14,-78],[-34,-74],[-48,-25],[6,-59],[-94,-46],[-48,-173],[21,-75],[39,36],[91,-6],[22,-40],[58,-25],[45,-87],[-51,-104],[-45,-58],[-83,-37],[-15,-67],[-39,-7],[12,-89],[-41,-3],[-33,-33],[11,-28],[47,9],[-33,-107],[-26,-18],[-32,28],[-35,-87],[-59,-16],[-51,20],[-19,-11],[-9,-88],[-53,-45],[-15,-68],[-22,-13],[-46,54],[-19,-10],[-31,-163],[-29,9],[-55,-40],[-17,-53],[-30,30],[-79,-105],[38,-15],[4,-100],[-59,-138],[-57,9],[-26,-50],[-25,29],[-40,-100],[-28,-36],[-49,55],[-26,-3],[-35,-99],[29,-28],[-6,-40],[-50,-3],[-20,47],[-46,-21],[-8,-54],[29,-14],[-11,-60],[-65,32],[-6,-36],[-55,11],[-26,-27],[-25,-63],[84,-54],[-74,-70],[-33,6],[-15,-56],[3,-83],[-57,12],[-25,-59],[-55,-11],[-62,-29],[-30,-37],[-26,-130],[-19,-38],[-31,14],[18,55],[15,92],[-61,27],[-37,-25],[-14,-68],[-33,-44],[-76,-21],[-16,-99],[-32,48],[-47,-80],[-20,45],[-32,-6],[-21,-54],[-62,-57],[-73,14],[7,83],[23,51],[-1,55],[-57,-15],[-29,-74],[3,-75],[-62,-128],[-32,4],[23,-79],[-28,-34],[-21,29],[-37,-70],[-49,15],[-21,39],[12,55],[-25,91],[-28,-5],[-13,-55],[34,-62],[-16,-89],[-22,-35],[-38,-16],[-26,37],[-16,72],[-45,42],[-16,-31],[9,-60],[36,-28],[6,-30],[-51,-69],[-27,27],[21,71],[-18,104],[40,40],[67,3],[15,65],[72,62],[38,14],[-16,59],[80,157],[134,158],[107,48],[90,-18],[72,-149],[15,34],[-10,74],[35,-18],[44,11],[11,-53],[60,-17],[3,53],[-80,65],[-13,42],[50,181],[55,93],[70,70],[30,50],[72,54],[27,4],[52,45],[35,55],[37,32],[16,-16],[94,-14],[-14,78],[-3,78],[23,75],[92,172],[47,25],[47,94],[88,87],[-22,40],[22,178],[5,123],[19,60],[41,24],[-41,47],[-2,88],[23,79],[110,174],[27,128],[-61,-49],[-135,-78],[-115,-86],[-27,-11],[-35,28],[-15,76],[-44,30],[11,150],[-57,-85],[-22,11],[-1,-90],[-36,-35],[42,-159],[-11,-63],[-28,-15],[-46,24],[-79,209],[-71,129],[-42,20],[-16,-87],[-29,-25],[-20,51],[-74,56],[-19,100],[-45,-22],[-99,-114],[-39,0],[-40,-44],[-35,-13],[-29,-44],[-2,-47],[-75,-46],[-52,20],[-72,-5],[23,43],[40,-8],[55,96],[-38,46],[0,108],[49,40],[-24,30],[-42,0],[-39,24],[-9,60],[19,108],[69,84],[-137,369],[-19,110],[-28,4],[-4,118],[44,144],[1,35],[31,36],[44,12],[13,43],[-60,-12],[-44,-67],[-38,-147],[-42,-56],[4,-61],[28,-29],[-6,-102],[-19,-44],[-60,-22],[-95,-68],[-66,-29],[-89,-20],[-113,21],[-30,38],[-11,52],[7,53],[-64,47],[-63,113],[-108,82],[-29,59],[31,17],[5,59],[-49,-32],[-50,5],[-16,31],[44,31],[70,73],[46,123],[57,20],[-4,-55],[107,-26],[6,-61],[27,-30],[32,73],[48,11],[16,-26],[-7,-83],[13,-32],[38,11],[53,59],[13,59],[-30,31],[-66,33],[56,37],[-33,67],[-19,1],[-61,-89],[-121,-2],[-43,-10],[-24,56],[-71,17],[-50,-33],[-31,46],[25,29],[41,6],[35,60],[-40,9],[-41,-25],[-70,87],[20,36],[38,116],[109,88],[-12,35],[-96,-108],[-37,-78],[-6,-49],[-26,-40],[16,-28],[-6,-65],[-65,30],[-12,93],[-16,41],[-38,6],[-23,67],[35,31],[-6,64],[-47,12],[-29,-22],[-30,50],[17,32],[86,34],[-51,36],[-23,61],[128,22],[-34,100],[22,109],[30,44],[83,170],[63,74],[40,-5],[31,87],[-26,60],[1,74],[49,130],[69,9],[-37,74],[51,58],[69,32],[119,-32],[110,-130],[73,18],[118,136],[77,143],[16,68],[62,-25],[34,-40],[144,5],[81,39],[92,147],[15,55],[-5,59],[-41,126],[-5,107],[-61,106],[-6,49],[-64,11],[-12,57],[22,20],[52,-24],[50,5],[58,84],[7,66],[-25,54],[-51,52],[5,54],[-44,-6],[-51,-105],[-38,-19],[-63,25],[-46,-38],[-55,-19],[-35,-46],[-103,-111],[-8,-79],[-44,-37],[-23,124],[-82,105],[-51,-46],[86,-72],[-26,-56],[-39,51],[-59,50],[-92,26],[-50,-20],[-97,14],[-65,-43],[-97,8],[8,-58],[-36,-5],[-124,50],[-178,43],[-78,59],[-24,58],[28,109],[-9,22],[-77,55],[-31,91],[75,9],[16,71],[91,44],[-131,50],[-82,9],[-150,32],[-76,69],[-99,59],[64,58],[84,32],[13,76],[64,44],[34,-24],[77,58],[-23,23],[74,71],[113,76],[65,-38],[92,-11],[60,37],[-57,37],[-43,9],[10,45],[53,55],[136,60],[38,-14],[85,84],[82,34],[134,15],[44,-7],[5,-60],[-38,-89],[10,-84],[-25,-58],[31,-57],[50,-32],[87,12],[60,-15],[93,24],[64,-38],[51,-11],[89,26],[60,-43],[51,104],[23,71],[49,13],[17,-26],[72,0],[16,24],[-28,51],[-111,46],[-58,1],[-40,-23],[-1,99],[-102,149],[-72,17],[-36,91],[8,32],[76,32],[59,-112],[11,-98],[54,-90],[87,-66],[64,26],[43,40],[102,-116],[50,-8],[105,20],[13,24],[-7,156],[-26,3],[-94,-36],[-55,49],[-75,-13],[-28,-68],[-71,-15],[-112,141],[3,51],[46,109],[59,24],[-108,48],[-156,-38],[-53,9],[-19,30],[-65,-16],[-198,51],[-25,18],[-19,169],[-54,134],[-29,45],[-104,85],[-59,72],[-24,-1],[-124,125],[-66,49],[-94,28],[-44,31],[-34,57],[-125,89],[45,58],[45,99],[10,131],[-12,85],[39,7],[101,-18],[79,2],[137,20],[198,37],[68,38],[120,110],[55,89],[68,84],[45,284],[123,137],[45,101],[81,85],[33,56],[49,-36],[118,-1],[164,88],[163,153],[52,33],[85,115],[41,23],[83,-89],[84,66],[64,-8],[53,34],[145,4],[121,82],[74,70],[121,172],[68,46],[43,-65],[53,3],[73,-53],[50,9],[60,-26],[12,-60],[-52,-61],[-97,-23],[39,-87],[91,-2],[22,62],[40,51],[60,12],[-27,49],[50,46],[76,-40],[63,-67],[-24,-85],[19,-40],[86,-4],[48,-24],[60,72],[114,-1],[70,28],[85,-18],[58,-49],[25,38],[74,-18],[45,-35],[-81,-90],[-4,-104],[219,11],[-9,-43],[43,-38],[71,-18],[161,59],[70,2],[36,-54],[76,5],[68,56],[93,-3],[45,-22],[57,7],[98,-57],[63,-11],[27,-53],[77,27],[113,-66],[35,-42],[98,-7],[50,-26],[172,22],[204,-32],[56,-49],[112,-57],[136,-22],[89,49],[52,0],[44,32],[105,-1],[103,21],[113,-26],[68,-43],[106,-121],[39,2],[48,-40],[46,-6],[69,-49],[27,-45],[49,-16],[29,28],[42,-22]],[[6943,54113],[-51,-40],[-27,2],[-65,-109],[-19,-99],[-21,-44],[-11,37],[-27,38],[-15,1],[-13,42],[-2,49],[8,147],[-47,268],[4,39],[29,51],[32,104],[-16,78],[-4,78],[11,40],[29,-25],[6,-25],[41,-57],[39,-20],[62,-71],[35,-87],[23,-97],[10,-69],[47,-81],[-10,-59],[-48,-91]],[[6563,55261],[23,18],[16,-10],[33,-68],[32,-38],[-2,-54],[-37,-60],[-17,6],[-50,-41],[-18,22],[-1,77],[-6,50],[-18,-2],[-27,29],[-19,72],[11,63],[18,27],[20,-44],[12,-63],[30,16]],[[6186,55611],[18,-63],[-12,-40],[-29,-7],[-25,56],[-23,-24],[-33,-4],[-9,60],[-27,70],[-10,75],[45,20],[27,59],[24,-18],[22,-141],[32,-43]],[[6434,55152],[-36,-22],[-25,103],[2,21],[35,9],[29,-57],[-5,-54]],[[6441,55434],[30,-7],[-14,-50],[-35,-28],[-48,43],[-57,-14],[-9,44],[28,44],[43,-11],[39,-24],[23,3]],[[5505,55917],[-13,39],[40,91],[11,-14],[-7,-64],[-22,-17],[-9,-35]],[[5713,55949],[-35,14],[-54,56],[-9,56],[20,70],[45,59],[42,2],[22,-31],[9,-44],[-12,-121],[-28,-61]],[[31712,53197],[-28,-64],[-74,-32],[-40,32],[-30,11],[-37,-15],[-35,14],[-66,-36],[-32,21],[-33,-20],[-5,15],[13,169],[-10,66],[-20,62],[35,105],[103,-17],[159,-17],[22,5],[24,-19],[35,7],[29,-17],[48,-48],[4,-103],[-22,-20],[-40,-99]],[[31798,53217],[-15,23],[41,35],[26,-34],[-52,-24]],[[27920,80966],[-27,-4],[-2,85],[26,-1],[3,-80]],[[30770,82632],[-37,-8],[23,139],[26,-15],[1,-75],[-13,-41]],[[27753,83193],[-6,64],[27,32],[36,-23],[-57,-73]],[[28160,83879],[2,48],[60,27],[33,-30],[-95,-45]],[[32103,83640],[-27,-43]],[[32076,83597],[-4,8]],[[32072,83605],[-26,24],[-21,0],[-44,68],[12,24],[51,-1],[59,-80]],[[31041,83537],[-31,-3],[-5,57],[71,193],[49,-8],[41,-73],[-3,-35],[-44,-76],[-78,-55]],[[31994,84346],[-16,-22],[-85,107],[-82,83],[10,48],[113,28],[86,-25],[22,-42],[-19,-34],[2,-83],[-31,-60]],[[13628,79386],[-7,53],[10,60],[50,2],[-4,-48],[-49,-67]],[[13817,79058],[6,-44],[-31,-77],[-57,52],[-31,58],[72,81],[41,-70]],[[28100,80587],[-20,35],[24,61],[-3,61],[22,58],[26,4],[2,-151],[-8,-34],[-43,-34]],[[27884,80775],[-25,-63],[-78,-74],[-33,-3],[16,80],[50,36],[70,24]],[[27994,80464],[24,121],[-30,18],[-19,-83],[-39,-113],[-43,2],[-44,-49],[80,205],[-34,-5],[-86,-181],[-22,41],[7,45],[82,166],[70,17],[29,151],[7,105],[42,-19],[22,-79],[3,-53],[-13,-69],[2,-65],[-38,-155]],[[13762,79642],[52,97],[34,4],[-34,-90],[-32,-44],[-20,33]],[[14188,78570],[-54,-6],[-6,43],[24,55],[21,14],[21,-63],[-6,-43]],[[14143,78665],[-20,-47],[-3,145],[6,35],[38,36],[38,-23],[-56,-105],[-3,-41]],[[13858,78801],[3,-57],[-66,39],[-18,44],[31,82],[16,-10],[34,-98]],[[24176,84726],[-32,-40],[-39,63],[43,11],[28,-34]],[[31975,84613],[-73,41],[-28,89],[50,15],[51,-72],[0,-73]],[[31751,84650],[-68,7],[35,54],[33,-61]],[[28349,85867],[73,-25],[51,-117],[-21,-51],[-59,-57],[-47,-21],[-48,53],[-63,99],[-58,66],[-3,30],[100,43],[75,-20]],[[29348,85299],[54,6],[39,-17],[6,-45],[-52,1],[-103,48],[5,57],[51,-50]],[[32040,85199],[27,13],[48,-21],[-3,-49],[-55,-68],[-98,43],[-5,28],[33,65],[53,-11]],[[27905,85106],[78,-118],[0,-62],[-19,-105],[-54,-146],[-19,-24],[-11,-80],[-32,-60],[-25,-11],[-33,83],[-36,45],[-32,9],[-22,38],[-5,123],[8,91],[24,78],[47,103],[48,31],[83,5]],[[27247,85494],[-5,-166],[-48,-65],[-77,-63],[-19,-61],[-55,-53],[-35,-67],[-100,-84],[-40,54],[-56,-20],[-56,-58],[-12,18],[-1,91],[-61,96],[9,40],[58,65],[38,78],[11,102],[62,75],[52,-57],[37,1],[63,58],[51,11],[40,-13],[52,47],[92,-29]],[[30358,85396],[87,-66],[49,-89],[-54,-50],[-75,12],[-38,46],[-7,112],[-48,33],[-37,-11],[-11,64],[134,-51]],[[19899,88744],[-34,69],[42,1],[-8,-70]],[[32212,88809],[17,66],[58,-97],[-65,-8],[-10,39]],[[26945,87879],[-25,-49],[-57,47],[82,2]],[[32601,88455],[-48,-6],[48,84],[70,-9],[-70,-69]],[[20026,88633],[-50,49],[4,37],[52,26],[-6,-112]],[[32398,88621],[-8,-20],[-102,2],[20,50],[57,0],[33,-32]],[[19983,88749],[-23,44],[8,98],[34,-14],[19,-79],[-38,-49]],[[32695,87478],[46,-23],[-19,-47],[-72,37],[-2,59],[47,-26]],[[31807,86621],[-50,31],[81,113],[25,13],[22,-75],[-78,-82]],[[32172,86150],[-19,-64],[-42,55],[61,9]],[[31963,86421],[-35,-12],[-15,80],[24,20],[39,-56],[-13,-32]],[[28420,86216],[-15,-19],[-61,20],[3,38],[100,16],[-27,-55]],[[32194,85762],[-44,0],[-45,107],[-20,103],[33,43],[31,-182],[45,-71]],[[28700,85798],[-85,24],[-95,119],[-36,55],[31,34],[90,-23],[86,-70],[8,-61],[38,-13],[-37,-65]],[[32062,86091],[41,-1],[-2,-76],[-63,59],[-65,27],[0,38],[52,45],[43,-5],[-6,-87]],[[29567,86475],[-27,9],[-4,72],[16,31],[-17,45],[39,24],[12,-83],[-19,-98]],[[26249,87544],[35,25],[60,-40],[30,-118],[-62,-42],[1,-33],[66,-57],[30,-158],[36,9],[15,93],[43,90],[43,-20],[33,-50],[45,-33],[-21,-44],[24,-39],[67,-40],[102,-1],[35,-20],[23,-86],[34,-53],[97,-54],[42,-66],[96,-10],[81,-81],[84,-107],[4,-163],[36,-43],[3,-62],[-100,-52],[25,-46],[88,27],[49,44],[117,-71],[-3,46],[23,43],[101,-97],[-11,-66],[97,-57],[8,-43],[-83,-27],[-28,-55],[-91,-81],[-13,-48],[-41,1],[-192,132],[-30,-7],[-41,42],[-45,-2],[-35,-25],[-37,22],[-16,66],[42,31],[5,64],[-44,43],[-84,9],[-66,-20],[-21,38],[50,100],[-15,32],[-148,-61],[-36,-66],[20,-56],[3,-79],[-42,-32],[-103,-126],[-47,8],[-30,-43],[-23,-123],[-115,-127],[-104,-65],[-63,2],[-41,92],[-4,123],[13,60],[-1,119],[-30,35],[-83,-20],[-79,-35],[-82,21],[-50,-63],[-40,-21],[-55,2],[-30,65],[18,71],[62,114],[49,43],[149,86],[13,34],[-49,116],[-13,107],[9,137],[60,213],[-20,47],[24,73],[-9,131],[6,83],[39,232],[61,101],[47,46],[40,2],[-7,-86]],[[29394,86564],[-27,-18],[-43,25],[34,37],[36,-44]],[[26481,87372],[-45,13],[-20,71],[-60,63],[-18,130],[12,55],[64,-16],[43,-106],[50,-157],[-26,-53]],[[26688,87695],[67,-75],[-13,-76],[56,-45],[85,-19],[-10,-43],[-161,-2],[14,101],[-55,-36],[-40,15],[1,101],[-19,51],[-53,21],[-24,47],[10,53],[109,-45],[33,-48]],[[31454,72346],[-39,-40],[13,90],[21,47],[13,-63],[-8,-34]],[[33069,72939],[-14,-30],[-29,49],[24,36],[32,1],[-13,-56]],[[30246,73912],[10,45],[59,81],[15,-16],[-26,-65],[-37,-37],[-21,-8]],[[32201,73842],[27,-7],[41,-93],[-10,-57],[9,-53],[26,23],[24,53],[94,-57],[28,-55],[76,11],[96,32],[117,10],[44,-14],[1,-32],[-45,-52],[-45,-27],[-24,-67],[-50,-28],[17,-41],[26,-18],[-5,-70],[-22,-22],[-60,-11],[-21,9],[-37,77],[23,60],[-63,37],[-33,-50],[-115,63],[-28,58],[-1,63],[-104,11],[6,149],[-79,4],[2,89],[28,50],[29,97],[43,63],[15,-102],[-35,-85],[5,-18]],[[32936,73059],[-7,33],[-20,200],[20,107],[44,66],[56,160],[27,131],[29,101],[56,95],[27,89],[46,-46],[-19,-48],[14,-26],[39,-14],[-5,-81],[-43,-246],[4,-95],[-35,-85],[-41,-60],[-19,-90],[-51,-35],[-8,-52],[-29,-36],[14,-51],[28,35],[25,9],[20,-22],[81,145],[-10,19],[-38,-44],[-27,36],[29,49],[40,44],[65,103],[-18,11],[-65,-107],[41,120],[48,57],[22,-58],[30,4],[62,-51],[18,-48],[-12,-76],[3,-46],[-81,-52],[-11,-74],[-17,-45],[-40,-41],[-36,-18],[-72,-17],[-54,3],[-58,-35],[-46,16],[-26,66]],[[32088,74680],[-6,-47],[-29,-76],[-23,6],[7,81],[51,36]],[[32821,74299],[-18,18],[107,159],[40,-7],[-33,-53],[-11,48],[-88,-146],[3,-19]],[[14813,75879],[-38,26],[-45,83],[9,68],[46,35],[27,-39],[17,-128],[-16,-45]],[[15299,76220],[-39,37],[37,42],[2,-79]],[[15159,76433],[-27,22],[42,51],[10,-29],[-25,-44]],[[15235,76180],[-46,98],[-8,74],[27,35],[23,-56],[-5,-52],[9,-99]],[[15372,76326],[-37,15],[16,52],[21,-67]],[[15346,76293],[-30,-17],[-28,76],[24,30],[34,-89]],[[15232,76447],[32,-126],[-30,29],[-16,54],[-51,14],[32,71],[33,-42]],[[15743,75779],[-33,-4],[1,56],[22,11],[10,-63]],[[14985,75645],[-50,18],[2,67],[27,9],[16,-34],[5,-60]],[[15056,75565],[-17,-10],[-20,60],[37,-7],[0,-43]],[[15669,75380],[16,16],[28,-50],[17,-60],[-31,-37],[-19,29],[-11,102]],[[32730,75747],[35,-9],[45,-29],[16,-28],[45,-119],[-37,-48],[-111,-2],[-147,57],[-102,54],[-51,61],[-83,59],[-27,103],[-68,97],[-139,92],[-26,43],[16,29],[63,33],[25,-1],[49,-35],[96,-35],[36,-6],[97,-43],[164,-130],[104,-143]],[[15521,75814],[-78,80],[-43,105],[58,-39],[60,-126],[3,-20]],[[14479,77218],[-10,-24],[-45,40],[-22,97],[4,42],[37,40],[23,-81],[13,-114]],[[27985,77668],[-34,-96],[-66,-15],[-11,51],[86,87],[25,-27]],[[14429,77439],[-20,-7],[-35,90],[9,64],[20,57],[44,18],[10,-58],[-16,-148],[-12,-16]],[[27591,78153],[-11,-39],[-86,41],[-64,60],[-93,41],[-94,54],[-37,40],[26,75],[30,40],[132,33],[75,-18],[37,-64],[58,-125],[27,-138]],[[14085,78315],[-35,32],[-33,112],[19,8],[33,-79],[16,-73]],[[13483,78070],[-37,-31],[-32,85],[14,18],[52,2],[3,-74]],[[14177,77947],[-42,70],[-27,66],[-23,83],[19,35],[84,-149],[-11,-105]],[[14372,78051],[-18,122],[41,6],[-23,-128]],[[14300,78289],[-21,-233],[-43,-9],[-8,47],[-31,-11],[-44,59],[-18,67],[4,57],[-18,14],[-7,68],[30,52],[16,155],[35,-11],[53,-84],[28,-20],[21,-89],[3,-62]],[[13610,77620],[-26,-6],[-8,75],[32,1],[2,-70]],[[14381,77771],[-22,-61],[-19,66],[41,-5]],[[14429,77746],[-30,51],[33,36],[24,-11],[14,-66],[-41,-10]],[[14457,77671],[-28,-1],[-16,53],[63,16],[-19,-68]],[[14403,77679],[-28,-50],[-12,66],[15,54],[24,5],[1,-75]],[[14524,77604],[-45,-27],[-7,39],[14,102],[28,76],[65,42],[27,57],[43,37],[14,-74],[-21,-39],[-43,-28],[-59,-84],[-16,-101]],[[14268,77952],[2,-114],[-27,3],[-7,113],[32,-2]],[[14314,77967],[-12,-40],[-42,43],[-25,-3],[-16,38],[22,36],[58,1],[15,-75]],[[14335,77885],[-19,6],[7,116],[0,151],[16,30],[29,-217],[-10,-50],[-23,-36]],[[13218,78427],[97,21],[39,54],[35,14],[47,-120],[4,-118],[-22,-37],[-45,-9],[24,-101],[31,-96],[51,-56],[14,-31],[53,-17],[-7,-66],[34,-25],[35,-66],[-45,-69],[-26,-3],[-79,154],[-3,71],[-58,55],[-34,53],[-53,106],[-38,57],[-35,91],[50,-5],[15,48],[-41,25],[-63,0],[-20,84],[40,-14]],[[14937,76579],[-33,-27],[-40,24],[57,32],[16,-29]],[[14979,75738],[-12,24],[-40,-24],[-88,17],[3,121],[28,40],[-33,48],[-26,126],[-35,22],[-20,-26],[-69,-13],[-31,80],[22,94],[-31,2],[-19,-48],[-24,7],[-34,63],[-24,0],[-41,-33],[-34,33],[32,66],[-4,70],[-49,19],[16,84],[60,21],[37,-7],[-7,46],[-126,-71],[-23,20],[-51,96],[-26,117],[16,21],[84,52],[38,0],[112,-71],[15,-40],[64,-59],[70,-42],[56,-23],[58,-45],[58,0],[56,-17],[60,-55],[100,-12],[34,-29],[26,-135],[38,-86],[16,-76],[75,-131],[-5,-72],[35,-120],[73,-66],[74,-41],[88,-75],[37,-69],[17,-57],[-3,-38],[48,-106],[22,-179],[13,68],[15,0],[16,-101],[20,-64],[-23,-40],[-16,22],[-26,-38],[-11,-48],[-60,39],[-42,2],[-140,110],[-83,50],[-27,46],[-79,53],[-23,53],[64,132],[-48,7],[-28,-29],[-26,10],[-51,-33],[-68,98],[0,67],[-13,116],[-47,-59],[-9,69],[-21,47]],[[14797,76733],[-36,10],[-7,31],[68,12],[20,-33],[-45,-20]],[[14926,76650],[-55,-11],[-40,14],[17,47],[45,58],[29,15],[29,-58],[-25,-65]],[[13192,78452],[-20,54],[-39,60],[4,38],[52,-24],[0,52],[-96,37],[-35,89],[13,46],[-11,66],[-33,27],[-10,95],[27,89],[-8,97],[79,-36],[37,15],[22,-20],[7,-63],[38,51],[32,9],[42,-89],[8,-82],[-32,-68],[-68,-50],[-51,-19],[67,-54],[28,42],[45,37],[1,69],[19,43],[-12,77],[111,91],[13,-62],[-7,-38],[-46,-127],[-18,-128],[-1,-70],[9,-113],[-23,-78],[-26,3],[-30,-67],[-58,-13],[-30,14]],[[13922,78620],[42,-135],[-8,-33],[-49,-1],[-75,157],[-30,7],[-25,66],[-35,52],[20,60],[50,-40],[83,-90],[27,-43]],[[14123,78406],[-37,3],[-13,61],[20,104],[25,-22],[11,-137],[-6,-9]],[[27793,78528],[-21,0],[-13,62],[32,-4],[2,-58]],[[13899,78915],[37,-57],[87,-171],[24,-59],[-12,-120],[-25,-23],[-82,179],[-7,89],[-34,-5],[-3,57],[-39,50],[-35,81],[24,57],[65,-78]],[[22874,93771],[-36,23],[69,85],[76,-10],[-34,-60],[-75,-38]],[[23524,93801],[-107,23],[-45,33],[57,48],[38,-9],[72,-64],[-15,-31]],[[26022,96956],[9,76],[109,49],[159,-2],[6,-57],[-283,-66]],[[22369,97838],[93,17],[76,-42],[43,-78],[17,-126],[-80,-51],[-102,25],[0,65],[-71,31],[-143,-8],[-34,113],[102,79],[99,-25]],[[23600,98244],[-42,-47],[-227,57],[224,7],[45,-17]],[[25476,96496],[-34,37],[48,95],[49,-14],[-63,-118]],[[21375,96408],[-63,32],[59,66],[77,-39],[-73,-59]],[[23120,96813],[65,-6],[66,-44],[33,-69],[46,-19],[147,12],[163,-82],[-13,-57],[-117,-54],[127,-89],[-2,-45],[-54,-74],[-59,11],[-172,-59],[-96,-19],[-71,28],[-80,-78],[-75,12],[29,79],[-214,81],[30,44],[214,-5],[2,38],[-131,53],[-79,-2],[-119,72],[5,60],[-87,41],[14,63],[76,23],[-80,58],[-12,85],[53,34],[144,-1],[138,-38],[109,-53]],[[19609,96721],[41,-52],[-40,-128],[-117,-9],[-52,21],[-95,-33],[-121,21],[-52,41],[-84,6],[-42,-73],[-108,2],[-87,66],[-125,-15],[-124,-51],[-85,42],[60,65],[210,80],[142,7],[110,36],[82,71],[208,48],[279,-145]],[[21224,97274],[144,-35],[51,-78],[77,-56],[-30,-109],[92,-5],[8,60],[133,51],[65,-8],[95,-71],[89,-30],[-59,-84],[93,-26],[143,33],[18,-43],[78,-23],[42,-74],[88,-37],[-37,-72],[-54,-31],[31,-38],[-11,-61],[75,-15],[32,-56],[128,-103],[-41,-69],[19,-52],[-59,-38],[-186,-43],[-194,73],[-60,88],[-9,68],[-47,64],[-89,3],[-34,31],[-186,36],[-127,-31],[-62,47],[33,45],[-122,1],[-151,-41],[-79,-56],[-147,26],[-91,61],[-63,100],[60,55],[132,-3],[59,-27],[171,-23],[23,90],[-26,31],[60,48],[-40,40],[-195,21],[86,43],[-62,74],[-106,-19],[-30,-66],[-59,-39],[-63,27],[92,115],[-62,33],[-137,-28],[-57,25],[-6,87],[39,100],[79,-4],[339,49],[107,-31]],[[23145,97789],[-18,69],[92,1],[156,-61],[218,-17],[59,10],[103,83],[-93,0],[-124,-30],[-201,59],[-125,50],[-45,67],[270,21],[-63,45],[-46,87],[407,20],[-30,88],[-233,59],[21,82],[67,71],[170,14],[27,-51],[157,51],[12,46],[157,-17],[57,57],[-46,38],[-164,-6],[-148,37],[31,64],[66,14],[152,-29],[86,26],[293,-91],[74,-47],[37,-90],[114,-117],[53,-90],[114,-35],[30,-44],[-38,-59],[415,-33],[52,-40],[-14,-90],[-41,-34],[51,-67],[150,-70],[74,67],[-109,58],[-7,68],[62,51],[219,-22],[30,-163],[-136,-42],[231,-49],[72,-107],[-56,-242],[164,64],[204,-41],[58,1],[98,-134],[67,-47],[30,-66],[-100,-50],[-136,-42],[-156,-31],[-68,-75],[-100,-46],[-113,-97],[-49,-70],[-95,5],[-36,87],[6,104],[-65,2],[-3,-126],[26,-77],[64,-64],[-23,-71],[-72,-27],[-90,108],[-50,-50],[52,-68],[-72,-206],[-114,65],[-37,70],[-125,111],[-48,-44],[49,-22],[55,-78],[-13,-62],[-73,7],[-29,56],[-61,27],[-73,-11],[66,-98],[-17,-27],[-177,-3],[-159,28],[-74,37],[-83,-11],[-123,68],[-112,86],[26,53],[261,21],[-188,45],[-59,26],[-121,-36],[-157,133],[-10,46],[-114,90],[4,28],[177,52],[66,67],[146,-15],[166,5],[342,40],[-36,30],[-263,-29],[-166,37],[81,38],[111,-10],[232,44],[1,28],[-277,-36],[-116,22],[-10,54],[-113,-42],[-131,-27],[-76,-51],[-126,-7],[43,76],[-124,28],[-1,-59],[-182,-40],[-37,71],[-135,29],[12,85],[288,53],[-13,48],[-187,-29],[-133,12],[-128,121],[-62,20],[35,46],[-61,91]],[[26309,96024],[79,-12],[51,-53],[-200,32],[70,33]],[[24741,95784],[54,-24],[-21,-53],[-103,12],[-26,46],[96,19]],[[20829,95896],[77,2],[98,-104],[-24,-94],[-75,-21],[-140,62],[-91,93],[-33,125],[-55,106],[-55,55],[48,30],[113,-31],[95,-80],[56,-70],[-14,-73]],[[24832,96053],[100,-11],[146,-111],[22,-88],[-68,-69],[-57,-29],[-77,-2],[-217,119],[-17,38],[8,141],[76,30],[84,-18]],[[18313,96307],[32,-48],[70,-16],[34,-57],[-57,-49],[-151,-25],[-143,104],[-64,60],[78,27],[110,66],[91,-62]],[[19554,96372],[-20,-74],[-144,-52],[-188,-25],[67,-75],[152,6],[0,-149],[-52,-45],[-168,-61],[-118,6],[-203,-68],[-128,36],[-28,55],[-57,-7],[-112,61],[1,155],[-32,29],[29,91],[74,2],[102,49],[262,44],[87,28],[300,22],[176,-28]],[[23503,96133],[177,35],[76,-17],[220,7],[124,-29],[37,-52],[-80,-28],[-49,-133],[-101,-3],[-114,28],[-127,6],[-125,-14],[-170,1],[-63,28],[-65,72],[21,65],[90,45],[140,32],[9,-43]],[[21747,96250],[152,-57],[56,-46],[-38,-28],[-114,4],[-81,-35],[-178,39],[-23,78],[38,32],[188,13]],[[21134,94202],[-87,-27],[-64,8],[-107,58],[21,124],[76,90],[106,17],[85,-59],[62,-131],[-92,-80]],[[23357,94567],[-71,-75],[-76,53],[-60,-103],[-76,-9],[-33,85],[162,69],[35,44],[119,-64]],[[23788,94587],[98,-107],[74,-56],[69,-76],[-10,-59],[35,-210],[-16,-125],[-78,-54],[-141,8],[-82,-18],[-133,37],[-22,51],[-52,40],[-71,-28],[-44,50],[-44,-3],[-59,55],[-90,15],[-60,47],[3,54],[40,95],[106,55],[21,51],[65,41],[4,80],[135,62],[100,29],[152,-34]],[[22174,94595],[-192,-39],[6,29],[171,25],[15,-15]],[[17134,94574],[-74,-52],[-96,45],[-74,0],[-58,34],[218,220],[130,40],[103,99],[87,-16],[-29,-75],[-49,-51],[-62,-131],[-96,-113]],[[22676,95315],[2,-26],[167,-41],[26,-63],[-18,-101],[58,-58],[7,-41],[-45,-123],[16,-90],[-17,-37],[-76,-37],[141,-38],[1,-117],[-83,28],[-89,-62],[-17,-137],[98,-46],[36,-78],[-98,-8],[6,-61],[-88,0],[-127,-24],[-72,7],[-154,-18],[-169,12],[-68,32],[-4,92],[-37,23],[38,53],[-53,56],[-4,62],[84,28],[75,58],[82,99],[-222,-32],[-190,-42],[-75,10],[-133,-38],[-52,5],[-143,-29],[-55,70],[48,12],[35,62],[55,10],[83,-30],[-8,71],[-51,51],[118,32],[86,-58],[-3,78],[-91,94],[37,82],[-98,30],[70,169],[118,-12],[104,-75],[16,-66],[104,-75],[53,-21],[127,-154],[34,32],[-62,78],[-40,106],[-59,16],[20,49],[145,1],[-120,69],[-116,-3],[-72,72],[84,73],[121,48],[105,-24],[72,9],[124,-120],[40,12],[-11,93],[184,1]],[[19818,95465],[54,-54],[-44,-117],[17,-118],[65,-10],[68,-82],[-92,-96],[4,-73],[155,11],[55,-53],[-28,-78],[103,23],[80,-13],[123,115],[94,-1],[129,-39],[63,-44],[44,-72],[17,-136],[-29,-64],[-53,-28],[23,-37],[-14,-78],[-61,-62],[0,-73],[-101,-108],[-136,-14],[-57,-49],[-77,-16],[-191,66],[-15,-53],[-120,-14],[-43,20],[1,48],[-83,47],[-47,-47],[-99,-45],[-62,-61],[-71,9],[-85,-27],[-57,10],[-68,-49],[0,-39],[-67,-52],[-235,-114],[-192,-54],[-178,-15],[-116,12],[-75,23],[-99,61],[-108,96],[64,65],[140,54],[118,13],[37,55],[79,37],[237,19],[71,-15],[60,23],[142,113],[32,44],[-40,28],[-146,-91],[-224,-15],[-21,41],[-136,-60],[-260,-32],[-22,22],[44,171],[95,77],[-159,-46],[-26,-85],[-94,-135],[-162,-69],[-46,69],[-111,46],[21,-79],[-37,-34],[-134,54],[-32,43],[0,76],[-69,-15],[-53,-49],[-208,53],[-58,41],[2,33],[113,127],[61,10],[255,-5],[140,74],[71,17],[11,41],[-108,-12],[-105,-45],[-109,-16],[-197,11],[-12,32],[97,121],[217,15],[220,35],[-143,23],[-87,-17],[-155,22],[16,157],[96,54],[285,-4],[0,34],[-135,3],[-45,33],[4,49],[110,76],[138,16],[28,29],[196,-35],[31,-51],[10,-129],[97,-10],[96,40],[101,6],[69,-48],[89,-26],[-26,-42],[39,-50],[174,-66],[-5,-36],[-74,-11],[-42,-53],[207,21],[26,-82],[-15,-74],[52,-73],[125,36],[422,-38],[92,3],[24,123],[-81,43],[-140,37],[-8,49],[-77,-8],[3,51],[72,13],[99,114],[-108,82],[-67,-12],[-73,60],[-49,8],[-2,93],[161,47],[82,156],[58,64],[49,16],[131,-6]],[[23574,95142],[-87,3],[-113,25],[-64,56],[18,51],[-142,103],[-91,7],[-12,67],[132,-37],[30,44],[-136,43],[-7,49],[124,69],[178,28],[91,-8],[67,-44],[183,-20],[86,-57],[85,32],[71,-20],[96,-98],[71,-110],[100,-17],[98,3],[93,45],[170,21],[111,-28],[115,-63],[44,-114],[97,-30],[212,-46],[28,-48],[-49,-37],[-127,-14],[-150,15],[-115,-7],[-26,-25],[190,-57],[-163,-45],[186,-33],[57,12],[82,-79],[49,-8],[76,-68],[-27,-87],[45,-104],[39,-39],[58,31],[-32,81],[73,53],[111,-99],[125,39],[81,-10],[61,41],[121,-101],[64,-4],[57,-36],[192,-7],[-122,50],[58,44],[161,12],[71,65],[117,-4],[0,29],[98,12],[103,78],[115,-16],[25,-28],[84,-11],[127,55],[107,18],[207,-19],[90,-28],[-15,-87],[71,-12],[149,12],[58,-19],[150,-110],[65,-66],[-39,-147],[-85,-26],[-7,-29],[-131,-46],[113,-40],[67,35],[54,-8],[61,-101],[-203,-62],[-40,-153],[-287,-9],[-147,-77],[-195,50],[-76,-5],[-85,87],[-11,52],[28,46],[-23,36],[-114,11],[55,-65],[-36,-116],[-42,-35],[-69,6],[-120,-34],[-175,5],[-305,-22],[-62,40],[-45,-40],[-82,-8],[-282,-6],[-228,31],[-3,81],[54,121],[-60,86],[-51,-88],[-74,-3],[-32,-117],[-89,-47],[-136,-13],[-188,63],[-37,66],[-75,-3],[-32,-59],[-115,17],[-22,40],[-106,52],[0,81],[-88,189],[-46,45],[17,130],[60,112],[57,30],[0,50],[-46,62],[10,95],[-84,43],[-40,50],[-15,72],[-45,73],[-74,64],[-14,46],[-63,-5],[-122,-74],[-119,20],[-160,3],[-67,-35],[-29,90]],[[28073,94793],[-92,-1],[-44,-22],[-91,24],[134,108],[51,63],[65,-51],[-88,-60],[65,-61]],[[23776,94702],[-93,5],[-45,115],[101,50],[65,-132],[-28,-38]],[[21350,94697],[-66,11],[83,95],[106,40],[148,32],[49,-35],[-113,-44],[-67,-84],[-140,-15]],[[21456,94934],[92,12],[17,-60],[-271,-70],[-100,-15],[-74,35],[124,28],[109,48],[103,22]],[[16384,94842],[-27,34],[-86,-36],[-46,45],[-153,21],[-8,-40],[-58,-32],[-88,16],[61,110],[-104,72],[60,42],[1,47],[64,46],[107,26],[129,1],[94,155],[175,72],[60,62],[76,120],[76,66],[119,65],[66,102],[139,24],[135,-3],[85,22],[36,-33],[126,-37],[136,21],[37,48],[-97,8],[47,99],[96,12],[79,-22],[197,-115],[29,-36],[-133,-66],[-113,-22],[-12,-50],[40,-65],[117,-48],[-63,-47],[-5,-61],[29,-80],[-49,-53],[-70,-32],[-114,-6],[-85,-26],[28,-135],[-106,-66],[-71,8],[-132,100],[38,204],[49,61],[-164,-4],[-46,-42],[49,-99],[-64,-54],[-82,40],[-25,-55],[70,-24],[31,-78],[-85,-43],[-8,-78],[-48,-61],[-131,173],[-35,-50],[29,-60],[-22,-65],[42,-31],[-56,-67],[24,-25],[-200,-74],[-43,29],[23,83],[-90,55],[0,86],[-79,-16],[-1,-138]],[[18483,95436],[-45,-43],[-150,4],[-193,30],[75,79],[195,17],[109,-44],[9,-43]],[[21096,95289],[49,5],[233,-86],[6,-24],[-73,-60],[-131,-24],[-162,11],[-16,102],[-48,16],[-20,87],[79,41],[115,-11],[-32,-57]],[[21518,95042],[-13,-51],[-55,-45],[-156,-38],[-133,-4],[-161,35],[-23,43],[46,49],[329,69],[102,6],[64,-64]],[[25018,95225],[-69,27],[-115,162],[34,43],[125,28],[97,-75],[-52,-96],[29,-83],[-49,-6]],[[21839,95280],[-86,24],[132,47],[71,55],[118,20],[77,-17],[-140,-70],[-172,-59]],[[32023,99809],[290,-10],[78,-51],[-80,-34],[207,-101],[-35,-47],[226,12],[207,-39],[92,-57],[4,-115],[-322,-160],[-599,-209],[-115,21],[-126,-10],[-9,-42],[-139,-37],[-169,1],[-357,-26],[278,-40],[6,-32],[-140,-31],[-344,-105],[-232,-45],[-40,-42],[374,70],[212,60],[329,61],[124,33],[332,34],[24,-43],[-48,-55],[-229,-107],[-159,-26],[-206,-143],[-146,-62],[-79,0],[-83,-73],[-303,-166],[-97,-130],[-82,-44],[-236,-15],[135,-62],[-71,-49],[-119,10],[-33,-48],[75,-57],[-63,-49],[-191,-38],[138,-36],[-62,-70],[-99,-38],[-202,-52],[-200,34],[-33,69],[-105,23],[-96,-6],[-127,43],[-167,-29],[34,-36],[113,5],[257,-39],[59,-72],[0,-81],[-163,-26],[-122,-46],[-116,1],[-109,-45],[-145,12],[-142,35],[-61,41],[-219,15],[-24,-20],[266,-22],[15,-93],[-207,13],[-217,-22],[87,-41],[185,12],[140,-6],[49,-24],[407,-7],[-25,-54],[48,-67],[-37,-25],[-107,3],[-185,27],[-140,97],[-264,-12],[263,-46],[-36,-33],[-103,12],[-144,-18],[-154,-41],[5,-29],[260,43],[92,-4],[194,-40],[-69,-68],[183,14],[155,-51],[9,-84],[-18,-81],[-72,-46],[-217,-16],[-63,-31],[170,-23],[98,-44],[-74,-48],[-34,-58],[-55,-17],[-133,31],[-116,6],[-86,-41],[96,-25],[255,-24],[-20,-61],[-78,-46],[-76,29],[-171,-81],[-83,31],[-188,-3],[-117,38],[-43,-61],[128,-80],[-8,-70],[72,-70],[-148,-160],[-135,-52],[-161,-15],[-92,21],[-108,-33],[-198,42],[-255,146],[-19,-68],[88,-95],[-125,-10],[-29,-25],[76,-57],[154,69],[242,-44],[57,-31],[115,53],[112,-19],[61,-44],[9,-41],[-90,-87],[3,-44],[122,4],[-10,-60],[55,-12],[92,127],[85,12],[53,-48],[29,-117],[2,-96],[-88,-33],[-77,-106],[-50,3],[-21,71],[-43,6],[-45,-89],[-70,-32],[-18,-66],[-87,0],[-136,-61],[-55,8],[-123,-59],[-105,-17],[-4,57],[87,117],[1,34],[-138,80],[-68,-46],[-100,11],[-115,-64],[-114,-6],[-81,30],[-32,111],[-38,-5],[16,-111],[-141,7],[-95,77],[-54,-68],[-79,-12],[-148,63],[25,-66],[157,-66],[-216,-37],[-145,50],[-188,27],[-13,55],[-63,-3],[-18,-81],[-103,24],[-40,49],[-55,15],[4,-85],[-66,-9],[-218,45],[22,84],[-45,85],[-110,-165],[-86,18],[-108,135],[48,30],[-24,135],[226,116],[79,80],[204,10],[34,-25],[107,70],[-16,114],[-129,2],[-20,49],[21,81],[-144,89],[42,113],[215,56],[116,-10],[182,-64],[67,-62],[73,-176],[52,-2],[43,-50],[112,-11],[269,15],[57,48],[114,31],[137,151],[98,146],[-8,76],[-60,-14],[16,-51],[-61,-44],[-67,-117],[-65,-80],[-138,-78],[-129,26],[-131,11],[6,29],[-130,57],[-11,50],[43,34],[-134,114],[168,85],[27,111],[-20,64],[-105,-130],[-194,-45],[-47,16],[8,85],[-69,12],[-71,-71],[-88,-9],[-126,28],[2,196],[105,97],[59,115],[89,68],[280,35],[151,49],[83,-33],[254,-20],[238,-105],[44,29],[-116,67],[72,16],[147,-16],[224,35],[-10,69],[-113,-45],[-112,-23],[-117,37],[-198,-3],[-192,25],[-111,45],[-17,29],[88,54],[94,-15],[40,-51],[123,-7],[-119,71],[-91,33],[-53,161],[-110,57],[-37,89],[-130,63],[-127,5],[-152,46],[15,164],[-60,90],[40,126],[171,24],[223,-51],[291,4],[74,-16],[209,-138],[259,-156],[50,-96],[137,-48],[220,-52],[76,87],[-153,-24],[-170,57],[-34,129],[62,24],[-208,50],[-286,217],[324,60],[381,45],[151,48],[216,16],[345,9],[2,25],[-232,14],[-197,-15],[-76,20],[357,105],[273,44],[291,9],[-8,41],[-152,-10],[-115,18],[-348,-41],[-26,95],[111,69],[66,66],[189,104],[-184,-25],[-112,-66],[-61,-67],[-100,-29],[26,-60],[-124,-110],[-374,-123],[-388,-68],[-224,-6],[29,72],[223,49],[95,37],[-12,47],[-180,-69],[-210,-38],[-97,45],[-22,-131],[-147,-37],[-209,-6],[-308,21],[-156,49],[64,93],[186,143],[78,37],[154,33],[166,11],[180,50],[-426,-42],[-109,-4],[-186,-85],[-197,-146],[-59,-70],[-89,-1],[-174,44],[-297,114],[-25,61],[219,45],[161,5],[157,-19],[192,17],[193,59],[212,98],[145,34],[-45,30],[-281,-60],[-159,-75],[-322,-44],[-183,8],[-411,-43],[-92,32],[-56,81],[86,52],[130,-23],[74,24],[-167,51],[275,127],[-22,38],[-401,-126],[-100,71],[258,97],[-235,48],[-75,-78],[-265,51],[127,102],[121,-2],[0,44],[170,42],[205,20],[66,-70],[129,72],[-6,58],[110,46],[133,18],[179,-2],[88,-49],[109,30],[173,-12],[111,-57],[181,51],[-204,24],[-58,27],[-192,27],[23,62],[267,7],[95,33],[-95,130],[184,13],[118,-21],[77,-72],[139,6],[127,-57],[11,-39],[152,-108],[70,9],[-129,95],[108,40],[196,-88],[291,-89],[218,-42],[47,36],[-252,43],[-24,53],[-115,6],[-132,41],[-245,107],[-7,37],[123,111],[13,66],[218,-28],[134,-66],[102,5],[-277,179],[46,25],[253,-22],[101,-57],[84,23],[-155,90],[83,44],[177,27],[147,-54],[117,8],[77,-39],[128,48],[178,-43],[155,-141],[130,14],[-169,143],[-176,63],[58,28],[160,0],[148,31],[198,-20],[244,0],[116,-50],[109,-13],[194,92],[195,24],[306,-10],[208,19],[198,-5],[-23,-44],[435,-68],[158,13],[132,-23],[224,-2],[-134,-85],[-407,-87],[211,-32],[387,117],[240,46],[151,-20]],[[19635,89119],[-63,43],[26,31],[37,-74]],[[22922,88859],[-22,47],[46,28],[16,-42],[-40,-33]],[[25992,89176],[16,-87],[-8,-67],[-50,-92],[-78,50],[-24,81],[29,36],[-2,46],[-39,37],[24,78],[63,89],[75,-76],[-6,-95]],[[29004,89343],[43,-28],[84,-22],[35,-82],[-44,-117],[27,-124],[10,-115],[-12,-59],[-36,-70],[-54,-64],[-153,-74],[-78,7],[-122,-30],[-107,32],[-55,137],[6,61],[-26,119],[32,124],[95,203],[71,87],[93,38],[52,-27],[55,32],[84,-28]],[[28252,91987],[-39,100],[-73,35],[-49,46],[38,73],[35,22],[199,-72],[-161,97],[-24,79],[34,57],[76,52],[108,38],[55,34],[144,-2],[84,-24],[30,-58],[180,-43],[66,0],[149,-58],[26,-76],[51,-96],[-27,-51],[68,-65],[137,-12],[52,-86],[-33,-102],[-92,-8],[-38,-52],[-50,-20],[-34,-56],[-53,-27],[-2,-34],[144,107],[40,-46],[77,71],[94,28],[89,2],[-2,-38],[-77,-79],[84,-26],[-9,-203],[84,36],[73,-54],[-59,-31],[9,-45],[-23,-60],[-36,-32],[21,-35],[56,130],[48,58],[13,49],[-9,58],[61,44],[65,147],[64,-34],[208,-78],[71,-85],[48,-89],[-56,-60],[-43,-84],[-102,34],[-64,-26],[-26,-77],[-42,-56],[88,-73],[199,88],[35,86],[91,62],[65,-44],[24,-92],[-45,-61],[-18,-65],[-87,-58],[-25,-54],[-49,-206],[25,-14],[56,181],[8,58],[64,35],[104,78],[47,14],[89,59],[37,-16],[-53,-93],[53,-33],[43,55],[44,24],[61,-7],[79,-67],[177,-89],[7,-49],[-43,-67],[-34,-6],[-46,-56],[-205,-57],[-49,-67],[120,31],[58,-7],[91,17],[10,-36],[-27,-64],[-96,-64],[92,-19],[80,71],[69,40],[-29,25],[3,60],[77,58],[66,-29],[60,-71],[102,-159],[25,-154],[-86,-6],[-92,43],[-65,-4],[-60,-49],[-28,-53],[-90,7],[30,-45],[154,-87],[50,18],[172,-20],[109,-83],[40,-98],[-32,-53],[-55,32],[-117,7],[-82,-10],[-141,100],[15,-80],[-78,17],[-1,-32],[65,-22],[128,-86],[-90,-60],[-36,-92],[-107,23],[8,-37],[-115,-7],[207,-57],[42,-20],[-47,-67],[97,-55],[55,38],[38,-9],[6,-48],[51,10],[116,-31],[-39,-70],[33,-68],[43,-14],[-21,-92],[94,24],[54,-17],[36,-79],[56,-70],[9,-70],[43,33],[-5,71],[98,23],[11,-71],[70,49],[-1,35],[57,26],[68,-44],[-80,-91],[1,-58],[54,-3],[18,31],[68,-10],[57,-54],[64,-91],[45,-219],[-137,-2],[32,-43],[88,27],[47,-26],[95,-11],[51,60],[46,16],[32,-37],[-8,-72],[-70,-47],[13,-100],[-81,-46],[40,-127],[42,119],[72,45],[57,-25],[52,13],[42,-16],[40,22],[0,61],[49,12],[42,-64],[56,-13],[121,-188],[14,-44],[-55,-59],[-36,4],[-39,68],[-27,-16],[69,-101],[2,-47],[30,-33],[-115,-62],[-92,26],[-14,64],[-102,12],[86,-88],[-99,-63],[137,-48],[40,-35],[22,-57],[-65,-7],[-61,-32],[26,-114],[-54,-12],[-20,-49],[-18,-99],[-68,35],[-87,2],[-48,60],[-21,-29],[37,-60],[-22,-123],[18,-92],[-37,-73],[26,-62],[-42,-101],[-37,-22],[-45,32],[-17,73],[-68,-29],[-39,38],[-10,44],[-42,34],[-16,-66],[-35,25],[-22,52],[-53,57],[84,90],[-70,-3],[-57,-30],[-27,76],[3,38],[-46,9],[4,55],[-41,38],[-13,44],[13,70],[26,46],[119,71],[30,31],[29,126],[93,75],[-23,14],[-70,-50],[-34,-58],[-4,-56],[-25,-27],[-124,-74],[-150,-14],[-10,60],[14,36],[-63,31],[-14,77],[-83,-25],[-23,113],[-54,14],[-23,145],[-71,-70],[-24,-95],[17,-32],[-76,-10],[-44,82],[-71,41],[26,-148],[43,-55],[113,-106],[-22,-42],[15,-47],[-153,-13],[-55,10],[-25,63],[0,48],[-60,86],[-82,13],[73,-84],[22,32],[42,-45],[-23,-74],[-54,30],[-1,-59],[50,3],[0,-92],[90,-22],[-33,-108],[23,-24],[38,39],[91,27],[32,-26],[-49,-102],[30,-29],[55,7],[25,-33],[-18,-80],[17,-67],[36,11],[-5,-83],[42,-41],[74,-37],[12,-48],[43,-6],[88,-62],[2,-107],[33,19],[-18,112],[65,-28],[45,-80],[-5,-58],[-37,-58],[-4,-47],[60,-5],[85,27],[37,-72],[-36,-92],[-63,-7],[50,-66],[-4,-19],[58,-79],[-11,-43],[117,18],[11,-43],[-95,-89],[7,-55],[74,-20],[42,-48],[-1,-71],[13,-212],[-47,-27],[-30,54],[-23,134],[-26,87],[-44,-67],[21,-100],[22,-30],[11,-87],[-39,8],[-2,-54],[39,7],[44,-61],[-4,-82],[39,-61],[-39,-27],[-37,8],[-91,61],[12,-60],[57,-118],[9,-44],[-34,-46],[-38,-11],[-41,86],[5,107],[-75,-13],[-38,70],[-45,6],[-38,48],[-33,-39],[-35,38],[-71,2],[-37,22],[-95,160],[-43,20],[-90,121],[-51,127],[-38,-16],[39,-125],[-40,-15],[-10,39],[-141,136],[-17,37],[-61,36],[-42,-13],[-7,-61],[18,-66],[73,-94],[63,-98],[23,-70],[74,-38],[2,-37],[76,11],[48,-82],[75,-83],[66,-136],[98,-55],[50,-114],[60,-82],[12,-70],[64,-25],[-54,-79],[6,-52],[42,-93],[-90,-22],[-96,43],[-34,66],[-97,16],[-68,63],[-126,34],[-57,34],[-64,4],[-106,32],[-40,46],[-78,39],[-53,53],[-56,92],[-44,53],[30,77],[-68,11],[-139,-22],[-77,84],[-90,22],[-5,37],[-36,28],[-40,-5],[71,95],[-33,29],[-14,-59],[-27,2],[-36,-50],[-55,71],[-70,54],[-16,57],[-9,92],[-75,10],[13,36],[116,-17],[54,44],[51,84],[-50,23],[-46,-36],[2,69],[-37,12],[-35,62],[-15,-74],[-23,-22],[-53,62],[-47,-43],[-10,58],[-47,61],[-30,8],[12,120],[-68,0],[-18,102],[-89,108],[-43,-30],[-11,127],[-15,44],[1,76],[-52,10],[-3,-36],[-121,-151],[-7,119],[15,1],[5,140],[-17,11],[-32,-113],[-44,-12],[-41,38],[-46,81],[38,70],[-48,10],[4,-53],[-31,-41],[47,-35],[54,-78],[-59,-120],[-31,-8],[-51,26],[-45,48],[-19,-39],[-76,79],[-100,48],[-6,-97],[40,-67],[-148,-15],[-13,-56],[-52,-8],[-60,23],[-3,-47],[-118,39],[-66,-30],[-16,52],[-149,97],[-58,83],[-1,116],[31,59],[-21,97],[49,67],[81,59],[52,12],[49,38],[-54,92],[24,92],[52,15],[38,-41],[69,12],[62,-22],[239,-130],[8,-34],[75,-62],[14,-79],[-23,-25],[-45,2],[19,-57],[66,102],[-44,96],[-118,112],[21,18],[85,-32],[97,-17],[29,13],[0,86],[78,-8],[65,-32],[66,50],[47,88],[94,5],[53,-55],[43,14],[-45,132],[-13,75],[-97,81],[-90,131],[-25,56],[45,73],[65,46],[177,183],[16,56],[76,65],[65,150],[13,65],[24,30],[103,35],[25,37],[6,61],[-29,75],[-37,200],[-49,50],[17,64],[-63,45],[-29,56],[8,92],[-22,106],[-47,17],[-30,38],[-100,-25],[-62,70],[-4,105],[36,20],[9,100],[-45,35],[-66,-11],[61,-95],[-10,-33],[-129,23],[-37,44],[-56,117],[-54,30],[49,45],[5,45],[-53,42],[72,34],[-50,29],[-60,-50],[-7,-67],[-34,-18],[-71,91],[-33,-24],[9,-61],[-142,-99],[-105,-62],[-56,7],[-12,55],[41,78],[-36,40],[4,58],[27,22],[84,7],[67,-33],[51,47],[58,15],[-1,112],[-48,50],[-107,70],[-36,-3],[-110,112],[-123,46],[-6,37],[94,15],[-7,83],[-85,1],[-80,30],[-4,-47],[-54,-20],[-13,165],[5,137],[-59,53],[-129,-43],[-36,65],[-49,43],[-25,65],[-79,12],[-12,56],[51,41],[-43,61],[-27,-159],[-75,26],[-43,-74],[141,-33],[39,-29],[47,-97],[25,-117],[-36,-81],[-163,-4],[-87,-25],[-55,89],[-371,88],[-66,0],[90,-116],[103,-119],[-18,-28],[-70,22],[-17,36],[-80,73],[-79,20],[-6,-48],[-89,-11],[-20,-54],[-49,53],[-60,2],[-174,107],[-128,-43],[-131,26],[-64,-4],[-130,28],[-107,53],[-162,7],[111,-55],[-104,-25],[-140,77],[-90,102],[-25,59],[-63,2],[-45,100],[-42,-50],[55,-25],[1,-55],[-161,29],[-65,-60],[-35,2],[-94,61],[49,36],[-81,39],[-84,16],[-61,57],[-50,118],[-82,86],[-21,64],[65,23],[-78,86],[76,9],[31,-31],[137,13],[68,-28],[13,-36],[83,-18],[101,17],[81,-7],[26,59],[-119,70],[-56,103],[-62,-35],[-126,12],[-344,66],[-45,86],[-5,135],[54,82],[-41,53],[-26,95],[15,81],[111,59],[-83,29],[-17,89],[13,82],[29,23],[19,114],[73,38],[-30,32],[3,52],[77,8],[-19,140],[37,96],[65,112],[197,205],[152,104],[78,35],[206,58],[169,7],[276,-29],[76,-51],[-40,-60],[-170,-121],[-93,-95],[-57,-91],[-53,-138],[-90,-120],[-23,-111],[10,-45],[81,-83],[40,-63],[-4,-55],[-43,-70],[2,-185],[87,-170],[170,-196],[155,-66],[29,-99],[-94,-8],[-61,-54],[-149,-12],[-88,-86],[-139,-37],[41,-26],[86,21],[136,97],[111,28],[154,-16],[-26,-168],[54,46],[-23,68],[17,87],[-8,74],[11,80],[64,44],[-33,74],[3,67],[-81,-24],[-100,25],[-80,82],[39,18],[-34,64],[-80,46],[18,47],[67,23],[27,53],[-16,87],[133,-3],[53,71],[-25,55],[-63,-47],[-103,71],[-52,129],[5,187],[28,46],[84,2],[114,-57],[33,20],[-85,60],[-132,21],[25,70],[70,13],[101,-40],[171,-32],[5,20],[-165,55],[-108,51],[12,62],[43,39],[91,24],[184,83],[69,45],[145,64],[56,7],[55,48],[126,-10],[104,9],[117,-9],[80,-100],[24,-74],[-3,-149],[138,-65],[45,-61],[-26,-118],[43,-74],[45,-20],[20,-53],[-80,-70],[-30,-54],[40,-46],[-2,-80],[-45,-25],[-63,-113],[91,-69],[-102,-3],[-39,-28],[117,-33],[59,19],[27,38],[-36,68],[67,19],[29,43],[-7,44],[80,111],[77,-103],[69,46],[93,-90],[18,-57],[109,-60],[73,-97]],[[32062,83604],[10,-12]],[[32072,83592],[-8,-1],[-6,-1],[-31,-5],[-9,-2],[-34,-42],[24,-43],[36,2],[11,-41],[-56,-59],[-3,-44]],[[31996,83356],[22,-21],[-22,-94],[11,-85],[-16,-112],[40,-71],[71,60],[24,-23],[-44,-48],[-10,-103],[14,-135],[35,-19],[11,-61],[-38,-3],[-68,60],[-31,-21],[-17,-79],[64,-10],[22,-20],[65,0],[19,-70],[33,-32],[48,58],[38,4],[37,34],[32,-23],[30,-63],[-23,-30],[-129,-22],[-18,-44],[16,-75],[44,27],[16,-55],[-13,-34],[-37,-6],[-45,-60],[-9,-65],[-58,-56],[-8,-62],[60,-37],[1,-45],[38,-138],[120,-106],[-34,-49],[8,-112],[-27,-62],[24,-61],[-11,-93],[-22,-27],[-13,-87],[-46,-134],[-12,-57],[49,-98],[21,-72],[-29,-28],[-34,11],[-11,-91],[71,-65],[-36,-39],[-2,-56],[38,-2],[25,-27],[57,-16],[-32,-57],[-2,-64],[59,-105],[11,-67],[43,-61],[43,1],[-8,-74],[20,-70],[-62,-64],[-52,-34],[-14,-95],[35,-63],[-29,-95],[-22,-120],[-15,-45],[-35,-6],[-48,19],[-99,91],[-79,-22],[-64,16],[-86,-35],[-81,35],[-70,-20],[-37,79],[-10,61],[-62,22],[-47,43],[-75,154],[-55,76],[-14,-38],[12,-63],[-8,-54],[14,-99],[30,-124],[-38,-45],[-58,50],[-22,69],[-64,72],[-4,46],[-27,18],[-22,-43],[34,-122],[7,-51],[64,-134],[-41,3],[-14,-60],[-17,-11],[-34,46],[-42,-7],[-6,-66],[10,-67],[27,-49],[1,-59],[-64,-72],[-16,-43],[7,-39],[89,-162],[-17,-130],[33,-25],[52,-10],[18,-69],[44,-49],[17,-59],[-24,-89],[11,-56],[-10,-65],[-23,-41],[-6,-168],[38,-19],[17,21],[32,-26],[30,22],[5,121],[36,36],[9,59],[39,-36],[21,-74],[-29,-29],[-16,-97],[1,-57],[14,-62],[4,-86],[-33,-71],[13,-82],[30,-45],[8,61],[18,34],[44,-35],[5,-75],[38,-46],[35,-3],[12,44],[33,-19],[27,24],[14,52],[31,16],[20,-21],[56,-10],[64,-95],[9,-78],[66,-64],[-1,-36],[-29,-22],[4,-49],[27,-38],[5,-55],[68,92],[11,58],[-16,54],[20,106],[8,98],[34,65],[14,113],[-34,119],[2,189],[15,46],[53,4],[10,88],[-5,42],[17,35],[34,11],[33,-19],[24,-82],[-14,-149],[42,-37],[19,-39],[-129,-34],[-38,-36],[-28,-74],[41,-34],[30,-128],[-8,-103],[28,-70],[232,0],[213,0],[361,0],[226,0],[190,0],[315,0],[308,0],[2,-419]],[[34138,77197],[-39,61],[-50,-15],[-7,-23],[-66,-12],[-15,28],[-76,-116],[-55,-28],[-55,17],[-60,-13],[-13,-39],[22,-27],[-37,-61],[-54,-36],[-11,-37],[3,-121],[-18,-57],[-29,38],[-94,-133],[-37,-102],[-62,-31],[-18,-45],[8,-33],[-43,-55],[-31,-12],[-19,34],[-31,-26],[-56,3],[-25,-29],[-34,11],[-95,-5],[-66,-12],[-120,-77],[-5,37],[-33,59],[-96,6],[-33,35],[-33,-16],[-85,17],[-102,5],[-33,-41],[-39,2],[-68,21],[-54,33],[-45,-5],[-51,-31],[-87,40],[-41,-27],[-78,-7],[-79,11],[-25,16],[-53,-6],[-63,-28],[-85,8],[-25,-57],[-63,12],[-43,38],[-71,-132],[-54,-56],[-27,-105],[-28,-14],[-16,-51],[-18,-129],[2,-79],[-39,-105],[-56,0],[-155,-50],[-17,-108],[-49,-29],[-20,19],[-41,-30],[-30,-82],[-100,-125],[-27,-128],[-20,-2],[-19,-96],[-39,-106],[-69,-119],[-34,11],[-45,84],[-37,-3],[-90,68],[-58,21],[-40,32],[1,-62],[86,0],[72,-60],[77,-34],[55,-80],[-15,-81],[-41,-163],[-56,-89],[-20,-53],[-6,-53],[-65,-48],[-35,-124],[-39,-115],[-68,-68],[-61,-109],[13,-6],[44,7],[61,46],[7,18],[71,65],[123,260],[21,80],[45,77],[59,141],[40,123],[49,63],[71,135],[52,65],[82,78],[23,57],[31,18],[29,49],[73,50],[123,118],[123,73],[102,93],[83,52],[95,41],[69,9],[93,21],[139,-29],[48,-24],[23,-31],[40,-21],[102,-152],[-2,-74],[-38,-10],[58,-115],[-25,-8],[10,-63],[-29,-66],[-101,-71],[-24,-101],[-44,-19],[-11,-26],[-63,-74],[-36,-22],[-37,0],[-10,30],[-74,48],[-37,66],[-65,-68],[-98,6],[36,-33],[26,-51],[78,-55],[28,-1],[32,-36],[13,-40],[13,-124],[11,-15],[83,104],[36,37],[44,19],[67,-26],[35,-60],[-51,-107],[-14,-161],[-63,-115],[-64,-77],[41,-23],[56,27],[60,-7],[-1,-70],[-24,-52],[-3,-48],[24,-89],[27,-24],[13,-135],[17,-97],[30,-90],[74,-8],[33,-34],[43,-2],[38,-25],[7,-39],[-34,-27],[-41,3],[-6,-26],[50,-30],[55,-100],[66,26],[32,-93],[48,-9],[29,45],[113,-24],[60,-109],[103,121],[33,62],[14,-18],[11,-108],[26,-39],[48,-19],[16,46],[25,4],[21,-41],[45,-117],[-68,-64],[4,-19],[90,2],[41,-16],[5,-40],[-40,-44],[-42,27],[-23,-51],[-29,-22],[-51,-18],[-108,-98],[-125,-64],[-19,-53],[-70,-30],[-15,-44],[-46,40],[-10,-72],[-24,12],[-40,-46],[-73,-27],[7,-57],[-32,-53],[-76,44],[-8,87],[-31,7],[11,-85],[-21,-30],[-23,85],[-38,-38],[-11,-125],[29,-47],[-32,-15],[-25,-60],[-47,-41],[-15,-104],[-40,-29],[-26,-106],[-34,-70],[-82,-21],[-14,-71],[-52,-7],[-44,-47],[-17,53],[3,79],[-27,73],[-20,26],[-10,-81],[-40,38],[-13,71],[5,104],[-15,58],[23,181],[41,104],[30,41],[19,56],[30,-1],[46,88],[-36,17],[149,180],[68,89],[35,31],[79,49],[32,48],[-11,-126],[47,-22],[16,58],[98,82],[93,14],[28,27],[-105,27],[-67,-9],[-24,18],[-78,-20],[-48,19],[-113,-55],[6,59],[23,47],[37,38],[63,100],[11,32],[39,39],[4,51],[-23,20],[-16,-52],[-46,22],[-48,-147],[-41,4],[-31,-57],[-88,-67],[-56,-81],[-98,-97],[-28,10],[-29,56],[25,71],[0,44],[-53,-92],[14,-48],[-19,-74],[-60,-55],[-18,46],[-73,-68],[-7,28],[-52,62],[-22,-38],[-23,32],[-22,8]],[[15900,75456],[-32,25],[-19,36],[-26,-58]],[[15807,75458],[-14,78],[-17,12],[-12,106],[4,48],[-9,189],[-62,-67],[3,-68],[-17,-23],[-65,55],[-32,7],[-20,31],[-30,94],[11,54],[26,17],[16,67],[-13,113],[34,37],[-3,35],[-51,-64],[7,-65],[16,-28],[-19,-50],[-55,-22],[-63,-7],[-31,31],[-14,49],[-48,60],[11,27],[28,176],[-31,60],[-99,-3],[7,117],[21,13],[31,64],[-4,162],[24,52],[-20,33],[-24,-113],[9,-54],[-5,-75],[-48,-70],[-22,-62],[-43,49],[-42,-17],[-17,29],[-43,-49],[-42,50],[-29,-21],[-65,15],[2,48],[-23,51],[70,25],[78,14],[32,51],[32,136],[-29,-31],[-22,-92],[-35,-46],[-89,-18],[7,52],[-24,73],[-50,0],[-32,-28],[-17,45],[-32,-9],[-40,33],[-56,-6],[-1,-62],[-63,57],[-52,31],[-29,47],[10,79],[-48,-13],[-32,49],[7,60],[46,30],[41,1],[-3,36],[-85,-15],[-5,21],[65,85],[15,105],[34,22],[77,16],[108,-18],[3,16],[-99,24],[-98,-22],[-11,79],[-35,-51],[4,-119],[-22,-59],[-42,73],[-24,78],[-4,97],[7,70],[20,28],[36,10],[20,60],[45,64],[-6,36],[58,53],[26,72],[-31,87],[-57,-54],[-42,-74],[-35,-12],[-32,-46],[-13,48],[-43,85],[-12,72],[-35,-123],[-19,-39],[-27,14],[18,64],[19,14],[11,51],[-6,65],[34,141],[-3,86],[-29,-50],[-55,9],[-17,48],[-13,177],[-23,50],[-21,-5],[-43,61],[-9,104],[-23,93],[51,6],[26,-55],[47,-64],[26,24],[67,22],[-74,28],[-25,-14],[-75,102],[12,125],[43,52],[-31,51],[-57,-118],[-51,-44],[-33,-74],[0,-127],[-33,-19],[-76,129],[-56,115],[-60,99],[-15,43],[2,90],[12,59],[-39,30],[-24,110],[-50,-6],[-5,69],[11,45],[-1,89],[29,50],[37,28],[9,90],[52,115],[6,59],[89,245],[-37,31],[-3,-88],[-37,-142],[-45,-120],[-23,63],[12,47],[48,101],[-18,61],[-26,137],[-7,126],[32,125]],[[11934,82705],[-8,-6]],[[10832,90308],[143,-31],[167,13],[78,-42],[138,-40],[48,-74],[49,-36],[43,-70],[96,-44],[72,-55],[207,-120],[80,-17],[80,-38],[56,28],[125,-27],[136,-87],[37,-52],[68,-17],[-127,165],[107,29],[71,-35],[35,37],[40,-26],[61,-114],[24,-34],[49,7],[-88,160],[-23,66],[18,53],[59,14],[53,110],[74,26],[63,68],[71,19],[56,-11],[67,81],[-5,63],[54,44],[68,-21],[196,98],[22,41],[87,68],[8,25],[94,-47],[17,99],[35,53],[40,-13],[95,42],[64,-62],[79,28],[16,74],[28,41],[90,-107],[-25,-60],[-137,-92],[-140,-80],[-23,-53],[-57,-24],[-39,-78],[-73,42],[-61,-27],[-165,-41],[-22,-35],[-10,-89],[-114,-56],[-66,-20],[-40,-94],[1,-56],[-76,-1],[-14,-94],[31,-77],[50,37],[51,-38],[76,1],[23,39],[-28,36],[-48,-48],[-45,55],[-10,105],[54,15],[37,36],[37,-8],[26,80],[41,-15],[56,31],[47,47],[-3,50],[45,58],[53,-18],[37,33],[71,14],[39,-46],[-9,-55],[73,23],[-6,41],[55,62],[43,95],[186,75],[25,25],[80,20],[42,-12],[3,-93],[63,-14],[80,116],[89,80],[-13,109],[73,56],[37,0],[28,58],[-55,31],[12,49],[-49,16],[18,91],[37,47],[159,-141],[84,-112],[67,-167],[58,-186],[157,-199],[75,-58],[117,-55],[12,60],[68,-2],[4,52],[-96,-10],[2,44],[54,9],[-42,79],[49,89],[50,26],[31,85],[50,41],[-14,66],[127,5],[-28,-81],[8,-77],[-19,-90],[123,-39],[-128,-193],[83,-39],[109,30],[42,-26],[56,21],[20,78],[65,5],[19,130],[-2,72],[40,38],[38,-25],[214,12],[103,-14],[74,-24],[92,-62],[57,-25],[56,-67],[124,-111],[69,-34],[209,-36],[162,-59],[53,-69],[163,-94],[126,-23],[75,-49],[72,16],[106,-36],[37,17],[15,54],[34,19],[89,-43],[12,50],[67,-15],[169,-80],[53,-44],[12,-35],[85,-46],[12,-53],[46,-32],[47,-72],[12,-162],[-74,-11],[-51,25],[-64,-9],[-16,-45],[-47,-29],[-84,24],[6,-147],[-81,-31],[-6,-29],[68,-21],[76,-56],[62,20],[134,-69],[42,13],[84,-32],[166,9],[55,-28],[182,10],[59,35],[75,19],[70,-15],[142,70],[38,-48],[49,27],[27,44],[111,74],[73,29],[29,-37],[-8,-62],[51,-4],[24,-51],[0,-53],[52,-23],[48,31],[86,-13],[39,-129],[-20,-66],[64,-26],[7,141],[43,5],[40,-128],[116,-97],[41,-111],[-1,-64],[-77,17],[-47,-64],[46,-20],[61,-126],[32,-30],[49,-120],[99,-148],[15,28],[-91,136],[-36,115],[-15,120],[30,73],[33,-7],[9,-68],[-41,-20],[19,-41],[41,-21],[17,110],[16,32],[-3,89],[-61,62],[-33,105],[20,91],[-39,63],[-70,74],[-11,62],[20,61],[63,33],[15,34],[-30,43],[43,42],[62,-10],[150,51],[13,65],[50,29],[36,-16],[9,82],[203,60],[-4,103],[25,51],[-69,0],[-179,-89],[-23,-36],[38,-41],[-12,-78],[-70,82],[-65,-37],[-31,-55],[-117,47],[-75,-5],[-17,-55],[78,-66],[-155,0],[-46,20],[-35,78],[-73,-56],[-28,25],[20,53],[47,52],[64,137],[150,31],[159,53],[114,66],[52,5],[89,54],[30,34],[111,-43],[91,-113],[-6,-73],[33,-97],[-2,-56],[27,-52],[53,-51],[21,31],[52,3],[65,-57],[-18,-65],[47,-79],[182,-9],[82,27],[8,52],[50,-15],[-7,-73],[72,-59],[44,-4],[33,-64],[100,-33],[61,-44],[29,30],[61,-5],[71,-49],[43,-9],[21,38],[120,8],[80,65],[149,7],[101,-34],[115,-7],[54,-57],[62,8],[175,56],[-101,111],[-3,86],[52,-6],[87,-115],[38,-98],[152,-122],[72,47],[42,9],[5,82],[-47,72],[-43,20],[-57,68],[-111,-62],[-37,-33],[-62,94],[-50,99],[29,28],[-64,127],[111,-5],[26,-38],[88,60],[-30,84],[46,28],[162,-54],[58,-81],[-10,-64],[47,-18],[65,29],[50,-56],[-77,-134],[88,17],[-13,57],[62,57],[86,41],[-26,-72],[14,-29],[-53,-209],[11,-130],[-43,-24],[-31,-49],[21,-46],[48,-41],[-16,-124],[42,-23],[49,45],[48,67],[42,8],[11,-53],[-57,-70],[61,0],[45,-42],[15,-95],[-7,-43],[-73,6],[-62,-16],[-54,16],[-27,-13],[6,-84],[73,-61],[29,-81],[31,31],[-43,40],[-85,127],[25,27],[52,-7],[23,-29],[130,12],[10,43],[-33,77],[-1,48],[50,95],[-46,45],[-14,71],[17,61],[-40,78],[-63,48],[5,39],[38,41],[34,153],[20,33],[76,-6],[57,-23],[42,18],[31,58],[112,96],[-2,66],[58,69],[94,44],[30,46],[-42,51],[2,68],[35,63],[-19,88],[-80,10],[-38,-56],[36,-52],[-44,-47],[-111,-22],[-37,23],[22,91],[-15,54],[104,47],[-4,66],[-23,24],[4,105],[14,20],[201,75],[-82,-119],[-5,-69],[107,108],[-28,40],[34,74],[-41,36],[-78,-55],[-114,-8],[-48,56],[-49,118],[-63,-84],[-43,33],[-107,48],[-70,73],[-89,0],[-30,45],[-9,78],[-37,5],[-80,122],[-11,73],[9,83],[84,157],[44,18],[-85,64],[-16,45],[-47,38],[33,180],[-18,66],[24,23],[-9,81],[62,35],[40,59],[67,-13],[61,-74],[36,2],[25,58],[-26,84],[-65,11],[-44,34],[111,110],[66,13],[25,87],[-1,73],[68,23],[111,15],[50,-46],[-28,-80],[36,-17],[149,-18],[36,-44],[-31,-46],[42,-48],[125,-84],[20,-67],[42,-18],[36,-140],[-15,-172],[-21,-63],[84,-37],[16,-65],[55,-14],[62,-40],[-12,-82],[37,-18],[32,-56],[82,-35],[34,-148],[-125,-9],[-57,63],[-44,-44],[32,-44],[53,-7],[40,-45],[-167,-171],[-65,-47],[23,-42],[99,27],[60,-100],[89,-36],[87,113],[109,-22],[-25,-51],[22,-36],[77,-18],[34,39],[48,-18],[22,-47],[-79,-48],[-19,-91],[-62,-27],[104,-102],[21,-106],[41,-39],[-13,-121],[2,-127],[-36,-58],[79,-56],[-13,-19],[29,-79],[39,14],[58,153],[-10,97],[73,154],[-19,95],[12,44],[62,74],[48,98],[39,18],[57,-23],[29,-69],[67,-74],[117,-96],[65,-105],[7,-112],[42,-197],[-40,-99],[-47,33],[-32,89],[-47,-56],[31,-129],[-27,-58],[1,-47],[28,-119],[32,-86],[54,-49],[96,-145],[43,-46],[28,-65],[-41,-53],[51,-13],[23,39],[76,23],[-33,71],[87,53],[52,-55],[22,20],[14,163],[-19,56],[47,111],[72,106],[56,52],[-5,30],[20,163],[36,67],[-6,134],[18,87],[84,29],[159,-18],[-14,63],[-44,42],[14,99],[57,16],[-100,52],[-12,37],[-66,31],[-32,77],[-12,241],[9,85],[-12,66],[52,-7],[83,-57],[57,37],[81,26],[65,-3],[67,-50],[99,-55],[106,-22],[20,17],[76,-15],[88,12],[12,-92],[35,-53],[83,-73],[-17,-104],[66,-5],[96,16],[54,-45],[49,-12],[2,-65],[-67,-73],[-71,-61],[67,-29],[64,-8],[33,-63],[-6,-92],[-28,-30],[-168,-128],[-28,54],[-53,-31],[-65,0],[0,-37],[36,-40],[-34,-34],[61,-35],[-23,-63],[64,-58],[-17,-59],[21,-69],[104,-118],[22,-40],[62,-56],[50,-99],[-29,-127],[-18,-145],[-25,-65],[-56,-22],[-63,6],[-27,-38],[-43,-115],[-52,-29],[-90,-121],[-49,7],[-41,-20],[-10,-48],[-86,-88],[-56,12],[-31,112],[-83,43],[-10,76],[-77,27],[-41,66],[0,118],[-50,18],[-27,-24],[-94,-9],[-48,-62],[25,-26],[53,16],[24,57],[71,-3],[5,-55],[50,-111],[71,-15],[-10,-58],[75,-113],[40,-131],[24,-41],[-44,-38],[-79,75],[-53,29],[-55,75],[-32,-52],[60,-80],[-11,-44],[-117,78],[-27,-16],[-92,46],[-11,128],[-33,64],[-38,-5],[-71,-49],[-78,-1],[-124,18],[-63,-61],[46,-86],[94,-31],[107,-67],[-17,-110],[-122,-100],[-20,-63],[11,-43],[-104,-135],[-35,-13],[-44,-58],[0,-49],[-69,-47],[-168,6],[-70,52],[-32,63],[-62,66],[-24,6],[-136,103],[-9,27],[-140,118],[-45,-79],[-61,43],[-44,-17],[-55,5],[-255,71],[-9,-56],[96,-58],[-30,68],[38,10],[125,-28],[126,-49],[93,-63],[88,-141],[78,-92],[25,-51],[125,-17],[67,-23],[212,11],[146,-38],[39,-68],[-10,-63],[-38,-40],[-132,-312],[-59,-34],[-53,-237],[-37,-39],[-46,-20],[-109,-92],[-88,14],[-71,-27],[-41,56],[-46,-18],[-115,105],[7,-52],[34,-79],[-104,6],[66,-124],[-52,-134],[-77,-8],[-116,-41],[-86,55],[-60,17],[-10,34],[-182,25],[-178,76],[-71,63],[-178,79],[-47,-62],[68,-84],[53,-23],[18,85],[172,-101],[30,19],[35,-49],[45,-3],[42,-31],[-27,-64],[106,75],[35,-17],[25,-77],[57,-42],[126,-61],[6,-37],[51,-20],[31,-217],[-43,-86],[-72,3],[-37,-26],[-9,-36],[-42,-50],[-28,-4],[-147,46],[-27,-20],[-70,18],[-33,-32],[35,-64],[41,-38],[65,-4],[19,-20],[-17,-65],[-31,-5],[-29,52],[-46,-42],[-60,-6],[-20,-48],[-27,0],[-10,-127],[-105,33],[100,-81],[-8,-34],[-45,13],[-47,-43],[52,-16],[-57,-73],[-51,30],[-24,-16],[52,-53],[-16,-46],[-93,35],[0,-56],[50,-38],[54,-22],[-4,-26],[-111,-82],[-56,-57],[-35,-68],[34,-49],[5,-50],[-26,-15],[-33,-85],[-47,-169],[-35,-63],[-18,-69],[-25,-153],[-46,-18],[16,-104],[-19,-110],[-8,-101],[-30,-93],[5,-56],[-5,-173],[9,-87],[30,-114],[-26,-44],[-5,-147],[32,-113],[54,-91],[10,-52],[58,-15],[26,35],[83,3],[35,12],[67,-37],[67,24],[23,-20],[7,-150],[55,-229],[33,-101],[24,-194],[77,-262],[8,-75],[-6,-74],[-60,-204],[39,55],[39,24],[63,-14],[54,14],[222,132],[44,15],[48,-3],[115,-54],[122,-128],[71,-34],[77,-24],[103,-51],[70,-20],[44,-92],[92,-111],[96,-74],[72,-173],[3,-28],[45,-79],[97,-79],[62,-7],[137,-87],[58,-59],[150,-66],[47,-59],[25,-71],[24,-35],[71,-44],[-5,-56],[49,20],[71,-34],[49,-1],[42,26],[53,9],[32,-16],[52,31],[112,-59],[87,-27],[41,30],[21,-5],[23,-55],[59,10],[43,-12],[62,-81],[18,-181],[-62,-329],[4,-92],[51,-97],[23,-122],[8,-101],[-23,-104],[2,-60],[17,-78],[8,-108],[-36,-56],[-15,-101],[8,-70],[48,-55],[104,-241],[48,-69],[-2,-95],[-56,-57],[70,-2],[46,-98],[98,-64],[26,-83],[55,-71],[24,-48],[29,-151],[20,-38],[2,-79],[-38,-30],[-117,-185],[17,-8],[20,53],[45,27],[35,74],[54,55],[69,-28],[36,-31],[72,-97],[-2,66],[17,60],[4,75],[22,39],[32,91],[33,55],[32,-21],[-9,-72],[38,7],[31,-45],[29,-176],[8,119],[31,58],[-12,29],[7,65],[-41,46],[-25,74],[53,46],[-14,71],[34,22],[53,104],[22,104],[-7,40],[5,105],[-51,100],[-28,102],[18,35],[-42,85],[4,42],[-16,76],[9,112],[-16,121],[-31,34],[-14,45],[41,5],[12,39],[-24,56],[-40,46],[28,93],[-16,50],[10,70],[-14,56],[19,73],[-52,-16],[-30,30],[-22,59],[-22,103],[-6,119],[-65,44],[74,67],[109,59],[36,12],[37,51],[30,12],[99,71],[53,69],[86,85],[182,250],[37,82],[5,35],[71,156],[44,69],[32,166],[5,78],[-2,144],[6,148],[-13,141],[6,60],[-35,225],[-22,67],[-35,160],[-79,218],[-83,93],[-4,34],[-52,57],[-105,77],[-92,155],[-9,-41],[-47,45],[0,50],[25,16],[-27,190],[47,2],[25,-26],[61,164],[-3,36],[75,54],[41,84],[-31,20],[-21,53],[40,28],[-21,99],[24,20],[51,-41],[-3,75],[66,33],[-35,84],[61,92],[100,41],[-60,30],[-36,2],[-11,-65],[-23,-17],[-56,10],[-21,49],[34,74],[-49,108],[-27,24],[15,49],[34,45],[-61,49],[-11,33],[60,81],[11,52],[-79,-46],[-33,42],[-57,-25],[4,53],[85,136],[44,120],[-17,139],[41,67],[8,71],[-33,1],[-31,59],[-45,14],[-28,173],[-17,56],[-4,185],[19,52],[104,83],[57,67],[42,-2],[168,-38],[27,-26],[262,-125],[37,-38],[26,39],[47,10],[85,-34],[70,-42],[22,35],[58,-8],[91,60],[84,94],[43,16],[50,-67],[81,-54],[8,-44],[79,-80],[49,3],[28,-22],[9,-137],[107,-43],[45,-100],[62,-25],[68,-58],[7,-32],[-67,-30],[53,-192],[58,-84],[29,9],[208,-67],[62,27],[57,-22],[6,-120],[44,-64],[28,60],[39,45],[23,91],[25,-11],[41,-117],[-1,-68],[-68,-56],[-26,-37],[15,-68],[-46,-42],[20,-46],[7,-74],[-11,-35],[42,-71],[2,-78],[-80,-75],[-112,8],[51,-44],[108,9],[34,-93],[-2,-75],[19,-41],[-22,-61],[-37,-61],[29,-56],[5,-89],[60,39],[44,-21],[5,-67],[-37,-30],[-46,-14],[51,-65],[-39,-31],[10,-112],[-26,-55],[-36,-4],[3,71],[-11,53],[-43,57],[13,-164],[-94,-39],[62,-26],[32,-104],[53,112],[34,23],[32,60],[72,30],[38,-13],[66,21],[30,-10],[70,-61],[8,-91],[21,-105],[21,-36],[58,60],[31,-59],[-8,-61],[17,-59],[-15,-51],[-51,-86],[26,-2],[55,122],[-2,76],[40,11],[-18,-75],[42,-80],[31,50],[84,72],[22,-20],[43,109],[38,-20],[47,22],[-6,28],[52,198],[32,14],[67,-104],[47,-59],[-42,-182],[34,25],[-3,61],[27,74],[1,34],[-62,104],[60,165],[65,56],[-25,103],[36,15],[12,96],[37,12],[-32,68],[38,18],[-31,147],[26,58],[58,63],[22,46],[10,67],[22,25],[30,85],[23,99],[-2,20],[55,-11],[20,-16]],[[19667,89117],[85,-24],[-5,-60],[-63,43],[-17,41]],[[29542,89134],[64,-24],[19,-107],[-22,-47],[-182,18],[-64,-14],[-46,15],[-57,67],[-25,61],[14,75],[80,19],[21,52],[35,-19],[19,-56],[144,-40]],[[31581,89233],[-82,25],[-1,25],[85,27],[-2,-77]],[[28099,89300],[-51,-53],[-42,32],[8,98],[61,-7],[24,-70]],[[27220,89371],[-16,-25],[-57,24],[13,33],[60,-32]],[[11423,90267],[-70,-40],[-55,30],[60,56],[65,-46]],[[12400,89793],[-25,8],[-89,-30],[-64,36],[4,63],[51,-32],[23,41],[-57,32],[-12,83],[47,81],[155,10],[-12,63],[36,40],[130,4],[53,-28],[24,32],[-17,40],[45,125],[36,-54],[-18,-46],[80,-50],[29,-44],[-101,-124],[-49,-112],[-52,-11],[-24,-103],[43,-54],[28,-75],[-14,-42],[-58,124],[-32,51],[-33,3],[-18,-56],[-65,30],[-44,-5]],[[30146,91294],[37,-13],[-14,-54],[-73,-21],[-94,-55],[-57,49],[43,47],[8,69],[61,7],[89,-29]],[[18930,90778],[-89,9],[7,36],[82,-45]],[[17531,90961],[-82,-9],[5,37],[77,-28]],[[22157,90890],[-122,78],[6,79],[41,5],[79,-81],[-4,-81]],[[29689,91632],[51,19],[30,-49],[-56,-27],[15,-59],[-75,20],[-36,126],[53,30],[18,-60]],[[29788,91667],[-61,16],[4,60],[52,17],[33,-43],[-28,-50]],[[23490,91810],[-3,66],[51,7],[-15,-70],[-33,-3]],[[28078,92251],[-37,13],[22,60],[63,-56],[-48,-17]],[[16625,93639],[181,-42],[90,1],[29,-77],[-33,-85],[60,8],[47,66],[-11,68],[184,61],[185,-24],[99,-51],[104,-78],[122,-134],[80,-58],[45,-54],[81,-47],[56,-61],[23,-65],[-38,-38],[-113,-65],[-167,-56],[-135,-95],[-144,-63],[-141,-101],[-115,-57],[-43,-46],[-65,-16],[-107,-78],[-42,-137],[2,-52],[-126,-94],[-139,7],[32,-66],[-13,-50],[-72,-110],[19,-28],[-11,-103],[12,-37],[-26,-90],[-36,-52],[-76,-38],[-156,-45],[-44,56],[-50,-10],[-96,-126],[-135,-67],[-46,-62],[-87,-6],[-38,25],[-57,88],[-68,190],[-96,134],[-183,82],[-158,106],[-64,18],[-79,-16],[13,148],[56,97],[22,82],[41,59],[72,56],[24,99],[-24,85],[19,25],[132,50],[-3,35],[-65,24],[-37,51],[75,111],[43,133],[77,50],[33,70],[-8,48],[66,35],[-3,89],[-104,35],[-54,132],[-6,57],[-89,150],[179,35],[251,37],[241,20],[159,49],[142,-10],[97,-79],[210,-103]],[[23190,91956],[-14,-78],[-63,2],[-53,-37],[-28,-54],[-97,-60],[-62,-2],[-90,34],[-109,-8],[93,-88],[-42,-79],[-100,-94],[-74,1],[-34,57],[-81,-18],[-65,179],[-34,26],[-25,91],[-46,57],[-60,24],[-72,83],[-90,147],[-105,5],[-27,65],[-45,31],[-53,-45],[-86,25],[-45,109],[-39,46],[-107,64],[-76,85],[-2,69],[28,33],[39,118],[64,39],[85,-9],[61,-103],[65,-37],[61,-119],[115,-15],[49,48],[72,-15],[37,46],[8,54],[70,44],[-58,144],[-77,-27],[-24,33],[56,100],[88,-21],[-67,95],[-65,-71],[-75,-19],[-133,76],[-86,87],[114,85],[90,-9],[81,-75],[12,78],[-99,20],[-59,72],[29,52],[166,35],[98,-58],[56,54],[-109,-3],[2,51],[74,28],[48,-12],[24,-58],[65,-18],[70,-62],[113,10],[211,49],[76,67],[92,-39],[67,-1],[72,-84],[0,-74],[-63,-56],[-68,-24],[74,-50],[-1,-74],[-133,-26],[-53,-34],[-39,-64],[-130,-116],[1,-108],[61,85],[104,43],[114,-35],[60,-42],[-10,-66],[97,-123],[84,49],[78,-181],[9,-49],[-103,-84],[31,-29],[20,-98],[-8,-144]],[[23068,92532],[11,75],[63,33],[13,-68],[-36,-50],[-51,10]],[[23109,92671],[-79,39],[-14,71],[21,43],[80,33],[35,-35],[22,-74],[-19,-51],[-46,-26]],[[23567,91979],[-15,19],[13,105],[-13,49],[22,183],[-52,60],[-11,70],[-66,42],[-20,80],[6,74],[-10,117],[28,37],[-9,155],[-24,152],[25,41],[-18,77],[105,38],[76,-71],[42,13],[-121,141],[18,89],[94,27],[44,31],[342,59],[149,-19],[95,-31],[76,-46],[25,-37],[195,28],[132,-13],[250,-79],[-107,-173],[-74,-85],[-221,-378],[-57,-121],[-60,-68],[-91,-32],[-238,59],[-245,-18],[-8,-25],[101,-20],[83,-129],[9,-49],[-47,-83],[-52,-25],[-60,-118],[-10,-117],[-104,33],[-82,-9],[-115,-33]],[[27736,93226],[69,0],[125,-49],[136,2],[28,18],[182,7],[280,-118],[40,-100],[94,-32],[37,-79],[-1,-47],[75,-32],[-3,-102],[70,-26],[-4,-45],[-70,-33],[-246,23],[-135,37],[-156,-5],[-97,-31],[-150,-70],[-54,-12],[-74,21],[-106,76],[-49,128],[19,98],[-29,44],[-161,24],[-22,40],[19,224],[-14,70],[140,13],[57,-44]],[[20029,93113],[-41,53],[121,-1],[-80,-52]],[[20806,93255],[169,-137],[-23,-160],[-62,-114],[-51,-65],[-1,-39],[-96,-82],[-36,18],[-76,82],[-97,139],[-104,112],[-155,80],[87,121],[35,26],[108,15],[127,-3],[42,22],[133,-15]],[[22522,93303],[-61,9],[-81,61],[94,36],[43,33],[124,25],[89,42],[101,20],[43,-50],[-47,-59],[-90,-68],[-215,-49]],[[31080,89690],[91,-39],[-19,-22],[-72,61]],[[21762,89907],[-17,72],[61,-16],[-44,-56]],[[22221,89804],[-55,27],[-16,41],[36,68],[27,-28],[8,-108]],[[25034,89624],[-41,42],[29,75],[37,-69],[-25,-48]],[[28204,90127],[53,-17],[17,-51],[-72,-75],[-23,-76],[-43,-53],[-35,-73],[-126,-57],[-31,66],[50,112],[72,17],[28,29],[38,138],[72,40]],[[22174,89700],[-67,-63],[-57,37],[-2,109],[25,89],[53,-18],[30,-63],[28,-9],[-10,-82]],[[20959,89412],[-43,5],[-60,40],[-46,63],[40,26],[71,-7],[56,-44],[10,-70],[-28,-13]],[[29401,89306],[-29,17],[-36,90],[32,42],[55,-91],[-22,-58]],[[29228,89422],[-10,-66],[-52,11],[-9,42],[-58,31],[-48,62],[6,68],[41,73],[66,-31],[20,-76],[46,-67],[-2,-47]],[[29291,89523],[-80,16],[11,70],[41,-12],[28,-74]],[[28202,89530],[-66,-80],[-44,-1],[-20,47],[75,49],[-14,54],[71,-27],[-2,-42]],[[21749,89585],[-38,-51],[-132,82],[102,103],[70,-40],[-2,-94]],[[22954,90342],[71,-51],[66,-93],[103,-57],[127,-132],[32,-102],[-13,-28],[36,-88],[82,-65],[62,45],[33,-32],[-74,-100],[-39,29],[-50,-12],[-18,-59],[-80,-70],[-42,-62],[-64,-18],[-109,53],[-72,-6],[-80,17],[-72,70],[-155,89],[-65,-6],[-99,71],[16,47],[-47,27],[-54,-89],[-69,46],[-45,96],[31,76],[49,22],[83,-16],[79,41],[30,73],[58,6],[-43,71],[-11,99],[65,43],[13,85],[78,113],[44,8],[61,-59],[59,-31],[23,-51]],[[31301,90245],[-53,-43],[-65,15],[71,54],[47,-26]],[[31134,90223],[-90,33],[-2,19],[78,77],[40,-19],[-26,-110]],[[28624,90130],[65,19],[20,-62],[-79,-86],[-8,-53],[-49,-18],[-42,26],[-26,68],[8,108],[64,33],[47,-35]],[[24857,89992],[-73,50],[5,54],[42,16],[39,-69],[-13,-51]],[[23149,90256],[142,-5],[15,-72],[-13,-82],[-66,69],[-46,22],[-32,68]],[[24920,90025],[-61,60],[3,30],[82,49],[12,-68],[-36,-71]],[[23475,90253],[35,-44],[-11,-87],[-33,-39],[-61,1],[26,52],[-42,56],[-19,-98],[-33,5],[-7,93],[27,84],[37,26],[81,-49]],[[21909,90135],[-17,51],[-55,45],[33,33],[56,-35],[16,-59],[-33,-35]],[[28345,90327],[-2,-31],[-150,-98],[-59,40],[38,64],[98,29],[13,56],[62,-60]],[[27937,90412],[26,-59],[-83,-69],[-125,13],[40,-73],[-73,4],[-4,40],[-77,56],[-72,1],[7,59],[57,-19],[7,46],[71,10],[74,-55],[57,22],[24,44],[71,-20]],[[24575,90371],[-56,41],[71,64],[2,-84],[-17,-21]],[[26761,90371],[-68,27],[20,42],[71,-26],[-23,-43]],[[25857,90640],[89,2],[35,-69],[-54,-31],[-95,34],[-70,8],[-26,59],[69,11],[52,-14]],[[18332,92578],[-63,-3],[-28,-74],[-63,-93],[48,-4],[134,75],[68,-35],[61,47],[7,41],[-49,39],[80,116],[82,43],[123,-36],[59,-40],[58,-5],[169,-71],[85,-53],[-11,-108],[-51,-69],[-124,-90],[65,-55],[61,38],[-40,34],[59,50],[27,-55],[46,-25],[30,94],[56,14],[20,59],[115,-12],[73,-82],[69,7],[6,39],[-46,78],[49,80],[-111,41],[-11,30],[-95,26],[-54,78],[66,38],[96,-14],[141,-51],[-25,-32],[103,-80],[42,-6],[49,-58],[3,-80],[91,8],[34,-58],[-20,-114],[38,-102],[34,-40],[2,-76],[57,-59],[-27,-69],[14,-105],[58,-10],[110,22],[38,39],[12,52],[53,23],[-96,85],[-8,82],[-40,12],[0,50],[-27,155],[-1,109],[-33,29],[-46,284],[-36,79],[7,37],[72,39],[-40,55],[19,34],[129,-22],[122,-91],[44,76],[75,-6],[143,-147],[122,-67],[66,-57],[66,-125],[-35,-28],[43,-49],[28,-108],[-27,-18],[93,-202],[-21,-40],[57,-136],[12,-67],[33,-14],[80,-159],[-7,-64],[18,-76],[-43,-61],[-1,-98],[-42,-46],[19,-40],[128,-108],[34,-114],[53,-22],[90,-98],[99,-10],[34,57],[43,-46],[29,-68],[174,-111],[53,-57],[66,33],[27,-26],[-8,-81],[108,-18],[70,20],[26,-199],[2,-81],[-24,-79],[-100,7],[-32,71],[-47,-46],[-96,29],[-31,75],[-47,46],[-39,-76],[-58,-51],[29,-37],[-9,-90],[-86,-22],[-101,71],[-38,45],[-44,-2],[-7,-53],[131,-78],[12,-61],[75,-30],[116,85],[70,-12],[33,-51],[-28,-89],[-55,-18],[33,-59],[51,58],[49,-71],[-16,-117],[-38,-23],[-104,-22],[-45,-48],[-78,5],[-36,-56],[-72,30],[-99,-29],[-165,41],[-93,57],[-40,-56],[-154,27],[-31,35],[58,32],[33,59],[-66,0],[-89,30],[-21,28],[-89,13],[-86,-19],[-62,29],[39,79],[-14,66],[-81,79],[-38,-64],[-68,-49],[18,-78],[-57,-56],[-49,-88],[-54,-34],[-132,-38],[-143,12],[-12,-40],[-110,-107],[-72,-33],[-58,-3],[-70,-43],[-165,-6],[-188,-51],[-28,31],[-62,-59],[-98,21],[-223,-32],[-74,-22],[-164,-12],[39,66],[-69,37],[-44,93],[-41,59],[-1,66],[27,38],[9,68],[-29,29],[-10,75],[-62,37],[-101,29],[-136,-22],[-136,-5],[-186,33],[-169,85],[-13,108],[-89,21],[14,42],[-110,78],[-52,164],[13,33],[84,58],[281,75],[251,46],[101,6],[81,21],[95,-2],[31,-21],[113,-14],[62,13],[212,-56],[32,23],[122,30],[156,-6],[15,51],[-135,22],[-37,74],[-168,68],[-61,-1],[-154,80],[-124,27],[-64,-36],[-69,4],[-62,-35],[-138,-17],[-209,-2],[-46,-17],[-31,38],[-57,10],[-149,-30],[-122,15],[-56,-16],[-51,37],[-2,48],[-118,82],[-42,53],[-26,71],[156,113],[120,23],[120,34],[51,36],[165,56],[78,17],[-38,36],[125,43],[-26,42],[-139,-44],[-166,-43],[-200,-42],[-163,-2],[-38,13],[-18,48],[63,58],[119,21],[-100,74],[-46,-55],[-50,-4],[-25,44],[-110,8],[-56,-25],[-23,106],[12,94],[43,65],[48,37],[50,94],[128,34],[-13,80],[-77,7],[-39,51],[16,59],[89,86],[87,52],[115,112],[36,50],[112,28],[102,70],[106,48],[164,54],[82,49],[209,82],[80,-31],[72,-91],[16,-63],[-27,-169],[14,-62]],[[35129,74884],[0,-77],[-28,-14],[-66,22],[-17,48],[61,-17],[18,4],[32,34]],[[34840,75861],[-55,-48],[-26,-4],[-7,72],[24,6],[27,-30],[37,4]],[[34999,75928],[-74,-61],[-8,59],[6,49],[51,19],[25,-66]],[[32808,81521],[42,78],[26,-7],[9,-82],[-17,-16],[-60,27]],[[32813,81548],[-24,-4],[-17,60],[20,34],[46,-32],[-25,-58]],[[32869,81740],[-26,-12],[-37,29],[26,60],[27,-5],[10,-72]],[[32810,81797],[-19,-17],[-40,17],[24,67],[24,0],[11,-67]],[[33891,79655],[31,-30],[-67,-26],[-28,54],[2,33],[46,12],[16,-43]],[[33003,80915],[-11,26],[20,48],[26,-45],[-35,-29]],[[32936,81163],[15,-64],[-1,-152],[-18,-7],[-55,83],[3,89],[56,51]],[[32882,80782],[42,4],[15,-60],[-43,-1],[-14,57]],[[32934,80883],[75,-48],[-15,-28],[-83,8],[-31,14],[9,64],[45,-10]],[[33073,80503],[-29,-5],[-49,31],[-4,30],[39,57],[41,-56],[2,-57]],[[32176,83225],[57,-30],[-47,-43],[-21,28],[11,45]],[[32103,83640],[-26,-45]],[[32077,83595],[-5,10]],[[34566,76682],[-25,16],[8,46],[46,8],[-29,-70]],[[34518,78665],[-17,-47],[-44,29],[9,38],[52,-20]],[[35085,74781],[20,-45],[-60,-214],[21,-64],[36,-48],[24,-2],[13,142],[10,50],[52,148],[29,29],[20,-10],[28,34],[21,60],[24,-51],[-26,-17],[-36,-112],[0,-24],[-34,-171],[-23,-28],[1,-46],[24,-82],[25,19],[48,62],[18,59],[19,123],[21,-33],[24,-175],[-10,-51],[-38,-93],[-17,-105],[2,-73],[-24,-150],[-2,-40],[-44,-113],[-31,-7],[-42,77],[-47,-86],[-24,17],[-10,114],[15,104],[-12,35],[26,85],[-13,33],[-31,-75],[-67,-139],[-30,-46],[-37,19],[7,115],[46,204],[33,62],[-7,97],[4,65],[-27,130],[-14,28],[-45,32],[-6,-54],[-60,-187],[-22,-97],[-30,14],[-28,-28],[-37,28],[-52,-124],[-7,-94],[-53,-127],[-37,-32],[-20,10],[-94,-14],[-45,36],[-1,51],[28,64],[26,23],[25,-7],[54,31],[54,99],[9,91],[24,45],[62,31],[30,39],[0,53],[-33,-26],[-19,21],[-27,-9],[-37,26],[-30,54],[-26,-59],[16,-16],[2,-76],[-9,-35],[-26,-9],[-17,-40],[-19,70],[-39,-2],[-8,53],[-80,-74],[-15,27],[77,55],[9,30],[-15,45],[22,43],[-6,40],[-55,-71],[-19,44],[-19,-96],[-47,-17],[-72,7],[-8,-21],[-54,-45],[-46,45],[-33,-14],[-23,21],[-90,27],[-35,-20],[-104,66],[-183,-69],[-69,-6],[-62,-21],[-40,36],[-6,144],[-21,60],[23,28],[22,60],[78,96],[101,183],[33,18],[16,56],[-74,33],[-35,-21],[-55,-2],[-68,-35],[12,54],[51,68],[38,-66],[46,9],[15,58],[4,71],[33,91],[10,91],[29,96],[27,-42],[34,-5],[9,42],[25,16],[1,56],[-42,15],[-11,42],[6,68],[51,107],[19,7],[11,117],[28,92],[55,216],[38,194],[35,128],[26,34],[-29,34],[80,67],[45,97],[12,106],[27,65],[-1,63],[48,91],[141,113],[58,74],[6,-95],[52,-10],[-12,53],[23,26],[39,8],[30,-27],[-24,-134],[-34,-54],[-57,34],[-58,20],[-19,-43],[38,-87],[32,22],[36,-35],[-5,-74],[-17,-27],[-18,-70],[-58,-156],[-17,29],[-9,-106],[-27,-83],[-46,-118],[-23,-93],[-65,-134],[-10,-72],[5,-62],[-40,-64],[53,-37],[32,83],[52,71],[23,84],[25,53],[32,39],[33,-89],[34,-5],[36,-72],[46,29],[26,-34],[-46,-50],[-91,-73],[42,-43],[-13,-73],[15,-44],[29,-39],[15,-62],[22,57],[60,29],[19,23],[46,6],[4,-56],[-29,-153],[41,22],[73,-9],[46,96],[21,65],[29,29],[12,-48],[-15,-77],[44,45],[40,-38],[12,54],[26,24],[75,-60],[73,-86],[7,-40],[-29,-131],[-59,-12],[-2,-60],[-45,-65],[41,-13],[-5,-46],[24,-38],[42,-23],[-18,-31],[-31,-11],[-32,-44],[74,-16],[27,-63],[29,123],[24,-7],[34,-38],[41,99],[27,-72],[-22,-112],[-42,-67],[-38,8],[-13,-41],[-66,-94],[-10,-7],[-65,47],[-13,-41],[10,-63],[60,-18]],[[32062,83604],[12,-15]],[[32074,83589],[-4,-30],[35,-33],[12,-39],[-27,-58],[-50,-19],[-44,-54]],[[31996,83356],[90,58],[32,-20],[30,12],[32,-46],[-8,-144],[-22,-17],[56,-97],[52,-9],[40,-70],[-18,-104],[70,-18],[40,-58],[10,-48],[-17,-49],[-45,-45],[-47,-6],[-53,15],[8,-58],[113,38],[38,34],[67,-39],[-9,-88],[67,-75],[20,-95],[-19,-63],[-60,-89],[26,-16],[116,36],[18,-17],[-20,-128],[12,-61],[-20,-31],[-49,-22],[84,-32],[45,8],[16,-52],[-56,-47],[87,-27],[38,-32],[-21,-40],[17,-39],[23,-8],[29,-74],[-2,-36],[-114,-91],[74,-27],[66,-65],[-17,-55],[-23,-26],[26,-60],[54,-17],[49,12],[27,-28],[8,-75],[-37,-25],[-43,-76],[-7,-50],[-65,-10],[30,-80],[-32,-28],[-111,67],[-44,45],[-9,-26],[94,-64],[-8,-51],[133,-24],[16,-31],[-30,-29],[-52,15],[-17,-40],[61,-41],[32,-90],[-98,26],[6,-50],[131,-28],[53,17],[-29,-118],[9,-67],[75,6],[20,-39],[-4,-52],[40,15],[46,-8],[12,-40],[39,7],[74,-19],[-21,-77],[-26,-16],[51,-57],[-2,-61],[33,-4],[3,-37],[-45,-26],[-31,-79],[58,-30],[23,19],[45,-36],[25,10],[41,68],[18,-46],[-6,-49],[-65,-59],[47,-4],[51,20],[23,32],[28,-33],[-30,-62],[-49,-67],[-63,-148],[42,27],[10,79],[22,16],[74,98],[32,82],[47,17],[47,-46],[-13,-75],[28,-56],[-31,-40],[30,-34],[60,-19],[36,-31],[88,14],[27,-40],[84,-6],[53,-74],[30,23],[27,-8],[27,-53],[-20,-86],[-56,-53],[-118,-3],[-53,-90],[-60,-11],[-50,-50],[-36,-20],[-44,-2],[-126,-65],[-37,9],[2,-46],[126,44],[96,48],[79,72],[-8,-50],[-44,-80],[-30,-11],[-34,14],[-40,-58],[-99,-58],[-27,-35],[-54,-12],[-62,14],[-64,-56],[-15,-168],[-103,128],[-8,-20],[72,-87],[48,-41],[-3,-32],[-82,-76],[63,-4],[14,-44],[56,102],[51,64],[62,26],[54,74],[70,20],[16,25],[-11,60],[53,75],[89,76],[94,46],[-57,48],[17,48],[49,21],[41,-1],[47,-27],[109,-2],[23,-38],[46,-161],[39,-68],[-20,-63],[-93,-76],[48,-39],[20,-57],[63,154],[26,13],[73,-6],[51,44],[16,-43],[-35,-9],[-22,-43],[79,-44],[86,-9],[-13,-67],[30,-58],[44,-44],[18,-66],[-2,-80],[-46,-81],[31,-107],[0,-33],[-49,-16],[-22,-31],[27,-61],[52,-1],[-4,-56],[-46,25],[-23,-37],[-59,-29],[73,-27],[44,4],[18,-45],[34,-12],[-1,-55],[-58,-23],[41,-55],[9,-29],[-6,-88],[-55,-97],[-35,-35],[-51,-80],[-73,-59],[-82,-115],[-12,-36],[-40,-54],[-42,-5]],[[32077,83595],[-1,2]],[[32072,83592],[2,-3]],[[29712,55417],[-30,-117],[-46,-31],[-42,-8],[-38,16],[-19,-22],[-10,60],[17,73],[31,61],[30,6],[45,-43],[34,38],[21,97],[15,-5],[-8,-125]],[[29769,56309],[25,-38],[-12,-33],[-21,47],[-36,13],[-26,-19],[-22,22],[6,42],[18,10],[68,-44]],[[29485,56558],[4,-127],[-8,-59],[-31,-89],[-35,-36],[-21,-53],[-27,-4],[66,130],[43,66],[6,27],[-17,52],[-31,16],[31,63],[20,14]],[[29438,56547],[-16,-37],[-54,38],[-19,64],[11,28],[78,-93]],[[29194,56717],[-25,94],[-22,22],[-10,39],[-1,76],[-8,68],[-33,90],[-5,101],[46,-203],[12,-147],[13,-27],[26,-14],[21,-61],[-14,-38]],[[29323,57502],[-16,-61],[-13,14],[3,73],[19,46],[7,-72]],[[28776,58433],[-29,13],[-24,50],[-33,14],[10,35],[76,-112]],[[28407,59570],[37,-1],[27,-34],[56,-144],[7,-32],[54,-55],[11,-30],[4,-103],[-34,-75],[-11,-130],[1,-105],[-15,-31],[-15,63],[-29,38],[49,85],[-3,192],[22,78],[-13,41],[-38,18],[-3,28],[-50,156],[-38,4],[-19,37]],[[28356,59448],[-7,-72],[-21,10],[-97,-35],[-50,-39],[-38,-44],[-20,3],[-12,62],[27,-1],[28,77],[23,31],[43,-32],[33,15],[38,-6],[53,31]],[[28490,58199],[-30,-11],[9,47],[50,13],[-3,-43],[-26,-6]],[[28776,58433],[15,7],[11,-41],[52,-106],[4,-48],[-16,-275],[-47,91],[35,35],[18,105],[-8,94],[-21,24],[-29,103],[-14,11]],[[28252,58025],[24,67],[14,122],[-16,108],[3,16],[45,-17],[14,-20],[12,-114],[18,-104],[30,-83],[14,-146],[-6,-54],[-31,-25],[-3,-29],[-42,-75],[-20,77],[-75,110],[-22,59],[34,67],[8,-43],[-11,-40],[28,-23],[9,31],[-27,116]],[[28426,57560],[16,65],[16,-63],[9,-143],[-10,-124],[-15,-18],[-46,13],[8,25],[-18,71],[-19,140],[7,62],[38,79],[23,-14],[-34,-82],[4,-76],[21,65]],[[29078,57630],[-7,-42],[-24,-6],[-12,22],[2,78],[-36,156],[-27,84],[17,16],[10,-70],[34,-130],[20,-36],[23,-72]],[[28516,55773],[0,20],[-29,98],[-19,12],[-27,49],[14,29],[17,-54],[75,-118],[25,-24],[-5,-55],[-30,26],[-27,1],[27,-96],[16,-18],[41,93],[32,-96],[17,-23],[2,-85],[22,59],[38,-21],[24,-52],[-8,-55],[32,-3],[-1,59],[35,-7],[65,-82],[31,-54],[57,34],[30,-7],[27,-42],[8,-38],[-15,-119],[-37,-14],[-3,-58],[17,-40],[46,-5],[29,9],[3,28],[56,-8],[70,-22],[66,-72],[7,-28],[33,-50],[29,-96],[31,-44],[44,18],[24,-45],[2,-40],[-32,-87],[-36,2],[-122,-32],[-40,-56],[-15,-38],[-19,-7],[2,86],[-24,1],[-17,-81],[-36,-19],[-49,2],[-20,10],[-33,44],[-62,4],[-85,23],[-67,-32],[-85,-12],[-58,-38],[-53,23],[-27,-3],[-16,-34],[-82,-24],[-26,34],[40,126],[56,111],[62,72],[16,48],[10,72],[-33,120],[-35,57],[-57,-23],[-70,13],[-21,21],[-19,-23],[-34,1],[-32,68],[-31,80],[-61,92],[-4,97],[-16,161],[-10,67],[-27,88],[-17,25],[-40,-35],[-17,3],[-66,-40],[-72,39],[-51,66],[-37,14],[-31,29],[-27,-16],[-32,71],[-25,17],[-26,40],[-39,99],[8,47],[-15,42],[-22,9],[-7,-81],[-55,-2],[-42,-14],[-31,12],[-26,30],[-66,-11],[-16,68],[-60,20],[-39,-25],[-17,8],[-51,87],[-41,55],[9,37],[78,0],[39,17],[14,26],[2,59],[-40,59],[-27,18],[-81,-2],[-62,6],[-63,-2],[-37,13],[-11,-59],[-63,-77],[-14,-25],[-26,-105],[-23,12],[-32,-106],[-33,-18],[-29,27],[-21,-28],[-67,-3],[-17,-30],[-10,-54],[2,-81],[-10,-19],[-25,18],[-41,-33],[-45,-79],[-25,-10],[13,65],[-6,53],[-18,0],[-38,-28],[-31,-56],[-30,12],[28,53],[85,99],[41,-5],[12,29],[-33,90],[14,106],[25,78],[64,145],[63,66],[42,35],[69,71],[61,72],[47,13],[31,-29],[12,37],[42,-1],[44,15],[51,67],[50,32],[53,5],[28,-24],[99,-4],[22,-71],[55,62],[35,-80],[54,33],[98,13],[24,-75],[73,-61],[67,33],[14,-50],[37,-56],[49,-33],[39,-143],[52,-103],[25,-32],[28,0],[42,22],[60,-5],[61,-53],[45,-56],[28,-56],[69,-61],[45,-139],[10,8],[30,-68],[27,-18],[56,-3],[7,-86],[25,-14]],[[27071,55734],[-45,-69],[-53,-39],[-49,22],[-21,47],[54,24],[3,30],[-41,131],[4,37],[28,76],[42,-11],[30,-27],[5,-40],[29,-64],[14,-117]],[[28374,56096],[15,12],[41,-24],[8,-29],[-4,-54],[-19,-32],[-17,34],[-33,34],[-14,29],[23,30]],[[28362,56105],[-41,65],[13,70],[38,-48],[8,-49],[-18,-38]],[[28300,56332],[27,-104],[-38,24],[-13,97],[24,-17]],[[28237,56421],[19,-68],[-33,11],[-39,-7],[-44,42],[5,36],[39,-24],[39,25],[14,-15]],[[29778,53685],[-14,-5],[-60,37],[-43,40],[-20,52],[8,37],[17,8],[97,-99],[15,-70]],[[30069,54382],[16,-152],[-1,-64],[-13,-84],[32,-53],[-3,-54],[-31,-85],[-7,-45],[16,-56],[3,-67],[-6,-53],[-27,-62],[-48,-21],[28,-75],[-2,-40],[35,-58],[23,-24],[-20,-88],[2,-119]],[[30066,53182],[-46,108],[-40,39],[-44,-17],[-42,10],[-40,-14],[-6,-19],[-43,-2],[-30,-30],[-22,2],[-33,26],[-72,30],[-33,30],[-28,-9],[-83,-56],[-16,-43],[13,-59],[-24,-5],[-22,82],[-38,78],[-26,36],[-24,8],[-25,-10],[-23,41],[-5,73],[13,115],[42,39],[27,1],[42,-51],[65,-45],[26,28],[11,-53],[39,19],[31,-8],[93,-43],[20,9],[72,-30],[13,21],[16,70],[13,9],[66,-20],[7,94],[-62,83],[-26,89],[-45,92],[11,93],[-11,42],[21,111],[1,58],[-81,103],[-99,18],[-26,46],[13,95],[40,28],[33,46],[34,-7],[67,21],[59,-42],[24,-45],[49,-42],[30,8],[5,-25],[122,-26]],[[29826,54593],[-19,-6],[-51,27],[-12,37],[33,9],[40,-43],[9,-24]],[[30951,53250],[-34,-13],[-16,13],[-7,49],[49,-25],[8,-24]],[[30069,54382],[-6,53],[30,84],[50,8],[62,-59],[46,37],[26,41],[46,-22],[15,-39],[42,-62],[31,-2],[16,18],[52,-98],[49,-15],[18,41],[25,-6],[17,-49],[1,-117],[17,-69],[25,-44],[55,35],[58,-13],[26,33],[19,-54],[-22,-77],[-97,31],[-11,-8],[2,-89],[42,13],[23,-8],[8,-31],[46,-29],[74,13],[53,-55],[54,-126],[50,-89],[7,-62],[-34,-157],[-42,11],[-9,-111],[-32,6],[-18,88],[-12,30],[-30,15],[-26,-10],[-36,26],[-53,-1],[-36,-16],[-50,38],[-53,9],[-35,-37],[-14,-58],[-28,-75],[-61,3],[-35,-30],[-22,57],[5,65],[-26,51],[-23,-62],[-34,-27],[-19,-42],[-14,29],[-26,4],[-6,-38],[13,-70],[-37,-159],[-17,-35],[-42,-191],[-6,-7],[-56,167],[-14,103],[-24,40]],[[28706,53106],[-53,38],[-20,-97],[-24,-2],[-20,39],[-20,-26],[-24,-97],[-49,95],[-28,-15],[-15,15],[-44,-8],[-18,28],[-16,89],[-26,12],[-28,113],[-9,12],[-43,-9],[-30,21],[-8,35],[8,67],[35,66],[54,0],[27,41],[18,9],[60,-30],[22,7],[28,-17],[59,-10],[31,-32],[27,3],[40,-27],[30,-73],[23,-4],[18,-32],[83,-52],[18,-75],[15,-102],[-36,-35],[-51,1],[-21,9],[-13,43]],[[33072,47955],[-26,-65],[-3,-136],[13,-99],[-2,-146],[-22,-33],[-33,-25],[-90,0],[-78,9],[-3,34],[47,50],[40,29],[14,40],[-2,200],[-10,46],[-46,52],[17,25],[48,8],[12,19],[53,7],[47,36],[27,-1],[-3,-50]],[[33155,48267],[-27,-15],[-17,-29],[-13,25],[52,90],[37,26],[-1,-51],[-31,-46]],[[33461,49602],[-19,18],[-10,45],[-4,106],[18,27],[21,-86],[23,-31],[-7,-56],[-22,-23]],[[32905,51927],[12,42],[-9,74],[19,44],[16,-28],[2,-65],[11,-33],[25,-14],[11,-47],[-63,-38],[-31,19],[-4,-19],[8,-105],[-15,-46],[-23,-31],[-20,76],[-9,136],[3,66],[15,20],[33,-58],[19,7]],[[32984,51625],[-20,44],[18,59],[21,-72],[-19,-31]],[[33094,50569],[-7,45],[-41,0],[-39,164],[-16,86],[16,46],[38,-33],[27,-65],[9,-63],[22,-60],[3,-69],[-12,-51]],[[19504,57592],[-17,-8],[-10,45],[0,82],[27,-119]],[[20464,55652],[-17,-34],[-33,18],[16,47],[31,-8],[3,-23]],[[25906,55019],[-41,-169],[-31,-70],[-7,95],[24,111],[28,0],[27,33]],[[19188,53677],[-15,-5],[-27,42],[22,65],[14,-23],[6,-79]],[[24499,53620],[-10,12],[78,91],[10,-20],[-78,-83]],[[20417,55744],[-6,-61],[-29,41],[-4,88],[29,1],[10,-69]],[[17148,60988],[-8,-3],[-14,122],[-15,31],[-1,40],[27,32],[16,-86],[3,-90],[-8,-46]],[[18973,57736],[-13,0],[-53,88],[26,39],[40,-105],[0,-22]],[[23016,58892],[-5,-144],[-26,-188],[-16,-81],[-37,-141],[-19,-114],[-39,-377],[-12,-190],[-5,-130],[-3,-183],[-12,-374],[7,-173],[0,-111],[-37,-180],[2,-52],[18,-185],[8,-42],[2,-108],[35,-168],[24,-78],[67,-158],[-4,-63],[-24,-142],[-15,123],[22,21],[5,52],[-25,50],[-68,201],[10,-157],[27,-130],[20,-48],[58,-334],[22,-90],[11,-110],[25,-83],[82,-220],[32,-78],[64,-216],[13,-93],[8,-127],[20,-149],[19,-47],[24,-34],[17,-96],[18,-27],[16,-50],[16,-103],[27,-72],[112,-31],[51,6],[47,-76],[6,-29],[67,-41],[14,-83],[45,-152],[28,-25],[56,20],[70,51],[62,13],[60,67],[-3,47],[44,15],[69,-2],[3,-50],[69,56],[50,81],[17,-31],[26,76],[51,42],[70,10],[41,22],[13,-6],[27,-73],[-12,-18],[-37,1],[12,-42],[27,12],[34,-76],[77,-7],[16,76],[70,78],[-28,85],[-23,3],[-8,59],[4,39],[22,34],[48,53],[61,111],[44,99],[7,29],[8,201],[7,92],[41,78],[20,71],[-12,76],[4,337],[8,131],[20,60],[-9,17],[18,120],[20,41],[48,70],[78,79],[34,19],[129,34],[38,14],[110,61],[31,64],[40,23],[51,-11],[76,36],[78,-54],[66,-37],[63,-25],[29,30],[-5,60],[-24,-27],[-44,-15],[10,37],[36,6],[26,26],[40,-18],[30,-99],[18,-9],[6,-179],[9,-20],[-14,-119],[-24,-133],[-43,-136],[-44,-79],[-55,-202],[-13,-99],[6,-114],[-17,-72],[-19,-20],[-22,-86],[-22,-1],[1,-56],[19,-38],[67,41],[-1,-71],[-12,-46],[-44,-32],[-16,-106],[15,-25],[16,62],[24,-7],[-29,-174],[-17,-209],[-21,-68],[-9,-184],[-21,-102],[-24,110],[-41,53],[20,131],[0,78],[-11,60],[-33,-93],[-3,-44],[-27,-118],[-9,-22]],[[25472,53504],[-48,1],[-32,-139],[-3,-40],[-23,-36],[-13,-94],[-31,-108],[-40,44],[-11,28],[-33,-38],[0,-95]],[[25238,53027],[-167,1],[-137,0],[-207,-1],[-1,-405],[-125,1],[46,-89],[24,-71],[33,-80],[32,-25],[8,-43],[32,-18],[25,-56],[16,-60],[4,-88],[15,-32],[23,-6],[28,-37],[6,-29],[-15,-50],[-5,-81],[3,-81],[-50,-5],[-102,1],[-205,-1],[-134,-585],[40,-133],[-32,-167],[9,-102],[-10,-83],[-17,-26]],[[24375,50676],[-140,361],[-16,64],[-22,50],[-25,36],[-30,66],[-33,99],[-21,35],[-79,168],[-62,107],[-24,56],[-17,68],[-24,11],[-24,47],[-44,32],[-27,49],[-15,-3],[-4,-49],[30,-47],[26,7],[39,-43],[1,-40],[-85,91],[-23,13],[-59,1],[31,90],[-24,32],[-30,-22],[-24,70],[-14,-12],[-34,-63],[-2,-45],[31,-33],[-79,-44],[-43,-77],[-15,-49],[-91,-61],[-56,-56],[-63,-87],[-30,-14],[-42,8],[-11,-30],[-101,60],[-82,122],[-27,15],[-156,39],[-38,79],[-54,91],[-79,40],[-39,37],[-30,74],[-20,72],[-15,25],[-125,54],[-58,32],[-68,25],[-45,63],[-7,52],[-98,81],[-26,29],[-100,89],[-58,47],[-34,40],[-26,68],[-45,72],[-49,59],[-54,98],[-43,145],[-44,71],[-32,3],[-22,-45],[-119,90],[-49,17],[-80,89],[-18,6],[-71,52],[-38,55],[-18,93],[-46,140],[-77,161],[-87,82],[-3,61],[-52,23],[-45,36],[-36,53],[-26,24],[-34,63],[-27,151],[-25,27],[-16,42],[-17,72],[-36,104],[-19,87],[-19,144],[-23,100],[1,30],[34,48],[28,0],[32,20],[25,40],[3,40],[-24,97],[-24,-7],[-36,27],[62,165],[15,15],[10,49],[3,88],[-4,56],[10,91],[-15,55],[-53,68],[-6,65],[-28,126],[-26,77],[4,148],[-3,112],[-27,145],[-21,86],[-72,161],[-41,119],[-39,90],[-44,164],[-77,175],[-26,139],[-40,101],[-96,174],[-38,74],[-35,53],[15,19],[-6,64],[-18,-27],[-18,27],[-17,51],[-52,44],[2,223],[-11,-28],[-5,-67],[-23,10],[-15,69],[24,55],[27,-4],[-17,58],[-51,51],[-30,6],[-29,77],[-76,88],[-9,27],[-1,76],[-20,16],[-23,-76],[-31,4],[-21,46],[14,27],[24,1],[26,76],[-6,21],[-40,-65],[-27,-19],[-8,44],[-38,68],[-21,15],[-16,44],[-1,91],[6,63],[32,120],[21,44],[0,41],[21,35],[-31,104],[-49,146],[-21,35],[-46,-66],[-38,57],[-15,69],[-13,150],[-15,39],[-21,-10],[-48,29],[-31,34],[-31,92],[-23,42],[-26,166],[-3,44],[8,68],[14,54],[-11,40],[-54,21],[-23,-53],[-51,76],[-13,-9],[-46,110],[-54,206],[-65,67],[-19,89],[-47,105],[5,35],[-55,129],[-13,4],[-10,207],[-15,52],[-22,-3],[-17,68],[4,52],[-56,157],[-44,186],[-5,167],[-29,143],[-40,126],[-22,87],[-9,84],[21,208],[0,44],[-15,46],[-106,39],[-39,47],[-4,95],[-11,25],[-85,101],[-4,-100],[-17,-18],[-46,22],[-74,111],[-28,60],[-36,16],[-26,28],[-58,96],[1,-32],[25,-28],[28,-94],[10,-78],[-13,-35],[-6,-59],[-7,-252],[15,-115],[33,-46],[6,-90],[-3,-96],[19,-133],[-9,-206],[32,-142],[24,-54],[23,-92],[21,-25],[24,-1],[50,-125],[51,-89],[50,-129],[34,-131],[1,-109],[50,-7],[20,-95],[17,14],[15,-34],[17,-212],[21,-31],[34,4],[15,-22],[-3,-97],[23,-75],[3,-107],[13,-34],[-5,-105],[22,-86],[28,-63],[22,-11],[40,-53],[9,-28],[24,-194],[37,-71],[23,-67],[-4,-26],[31,-116],[2,-84],[40,-115],[22,24],[-10,38],[-23,37],[-14,107],[29,0],[29,-67],[23,-29],[3,-116],[15,-21],[28,-137],[-3,-35],[16,-111],[-3,-129],[17,-127],[37,-145],[41,-41],[1,-77],[29,-174],[14,-57],[32,-53],[17,-89],[5,-66],[-19,-123],[1,-66],[11,-111],[22,-73],[33,-49],[27,-26],[20,-41],[15,47],[-10,82],[27,32],[12,-40],[45,-93],[8,-48],[49,-61],[-4,-86],[32,-71],[4,-99],[57,-58],[20,-82],[2,-46],[-11,-124],[-22,-73],[-24,-23],[-26,-48],[-5,-32],[-29,-48],[-37,-36],[-21,30],[-14,58],[-15,170],[-10,75],[-39,168],[-26,52],[-46,40],[-18,31],[-49,128],[-57,133],[-127,180],[-17,59],[-19,24],[-14,64],[-39,10],[-19,96],[-32,41],[-31,2],[-7,80],[5,51],[-20,14],[12,155],[13,42],[5,99],[-11,258],[-26,166],[-15,60],[-22,28],[-9,99],[-19,51],[-12,-17],[-56,47],[-61,137],[-24,21],[-38,88],[-28,22],[4,70],[-21,-14],[-43,45],[-29,-65],[-17,-10],[-35,62],[-9,49],[-24,61],[-17,15],[-27,-13],[-25,85],[-21,33],[-46,12],[-40,55],[-3,89],[-8,38],[-43,68],[-61,133],[-28,19],[-15,70],[7,20],[64,-24],[49,-33],[29,2],[21,25],[27,-13],[13,-35],[31,-31],[47,-6],[-6,59],[-36,-37],[-17,64],[-24,43],[8,62],[40,78],[6,87],[-9,93],[13,64],[10,85],[-29,111],[-41,56],[-35,118],[-33,44],[-40,112],[-68,175],[-67,46],[-25,58],[-63,77],[-53,107],[-24,240],[-3,85],[-15,104],[-37,89],[-17,-15],[3,89],[-7,144],[-57,117],[-15,152],[-46,158],[-31,58],[-23,64],[7,32],[14,155],[-8,29],[-28,34],[-32,60],[-7,37],[-10,129],[-34,56],[-27,118],[1,51]],[[19358,57783],[-13,2],[-13,99],[8,9],[21,-71],[-3,-39]],[[19112,58800],[-8,3],[9,135],[15,-38],[-16,-100]],[[18869,57850],[-30,101],[7,50],[31,-138],[-8,-13]],[[19296,58112],[-30,30],[-18,79],[11,15],[25,-22],[12,-102]],[[18818,60910],[-36,1],[-50,74],[24,193],[8,32],[27,27],[24,-7],[17,-137],[1,-40],[-15,-143]],[[18575,61095],[-30,22],[-48,111],[-52,152],[4,112],[15,-10],[35,-69],[10,-58],[-4,-53],[31,-17],[21,-51],[1,-62],[17,-77]],[[18016,60462],[-9,-91],[-38,52],[-4,28],[21,67],[-8,55],[17,38],[11,-38],[10,-111]],[[25472,53504],[-4,-85],[29,-8],[31,14],[6,-113],[-3,-67],[-18,-113],[-14,-56],[-6,-124],[-16,-66],[1,-31],[30,-59],[-22,-24],[-13,-135],[2,-111],[15,-42],[6,-74],[-18,-52],[-7,-177],[-25,-73],[2,-37],[-40,-139],[-33,-13],[-22,-34],[-18,-81],[-36,-95],[3,-67]],[[25302,51642],[-85,15],[9,359],[11,431],[1,580]],[[25606,52746],[-28,-8],[27,94],[12,-33],[-11,-53]],[[25598,53258],[-32,-170],[-12,-2],[29,179],[15,-7]],[[25302,51642],[46,-41],[40,-75],[30,84],[-16,65],[83,-146],[9,-8]],[[25494,51521],[-124,-271],[-47,-74],[-40,-80],[-46,-43],[-9,-55],[1,-54],[-13,-57],[23,-115],[-16,-72],[-11,-2],[-32,-80],[1,-28]],[[25181,50590],[-24,-12],[-38,0],[-5,-68],[13,-12],[7,-51],[-31,-17],[-16,-28],[-17,-73],[-39,-18],[-37,-76],[-18,-50],[-4,-87]],[[24972,50098],[-86,90],[-61,41],[-126,-12],[-28,9],[-56,38],[-66,82],[-53,86],[-121,244]],[[26901,50987],[-21,-2],[-43,30],[-28,-12],[-22,-63],[-77,-96],[-26,-22],[-27,0],[-45,-27],[-18,-25],[-61,-46],[-58,43],[-30,98],[-31,-5],[-21,-47],[-13,-52],[1,-64],[-33,-66],[-10,-45],[6,-65],[-16,-28],[-22,-6],[-22,-38],[-17,-82],[-31,-56],[-50,-59],[-5,-55],[-13,-35],[-48,88],[-29,70],[-17,-44],[-54,-167],[-21,-10],[-45,21],[-41,-3],[-13,-15],[2,-134],[11,-96],[5,-97],[-13,-27],[-21,27],[-24,-36],[-6,-120],[-27,-68],[-20,8],[-59,-12]],[[25748,49547],[-10,77],[-47,135],[-6,50],[-20,24],[-37,-17],[-21,35]],[[25607,49851],[28,52],[-20,34],[23,213],[-27,55],[-41,-1],[-16,-15],[-15,64],[-38,17],[-18,-59],[-25,-24],[-39,-4],[-3,79],[-57,49],[-13,65],[-15,-28],[-25,78],[-16,-7],[-21,98],[-25,-4],[-63,77]],[[25494,51521],[14,-28],[17,6],[21,65],[33,57],[57,40],[32,-42],[19,-43],[22,-12],[37,36],[97,-55],[46,18],[86,12],[36,-23],[36,63],[29,28],[37,2],[23,41],[-4,46],[44,-16],[75,-78],[69,7],[38,20],[31,47],[22,-10],[67,-72],[22,-73],[24,5],[20,31],[50,0],[40,-89],[73,-174],[-44,54],[-42,11],[-10,-23],[27,-104],[53,-97],[39,29],[4,-60],[36,51],[1,-56],[15,-23],[20,33],[-3,55],[32,-17],[10,-23],[21,-114],[35,-59]],[[25945,51932],[2,31],[51,59],[9,-16],[-40,-56],[-22,-18]],[[25607,49851],[-14,-32],[22,-47],[-4,-24],[-38,-76],[-48,8],[-31,-6],[-53,21],[-18,36],[-8,-30],[-71,28],[-149,178],[-145,38],[-8,51],[-70,102]],[[26901,50987],[-54,-59],[-19,-66],[12,-45],[14,-4],[13,-69],[20,-144],[4,-105],[-18,-87],[-25,-90],[-14,-33],[-13,-62],[-8,-74],[-22,-265],[-3,-68],[1,-136],[16,-190],[-11,-180],[5,-91],[11,-43],[-3,-54],[-21,-1],[-18,64],[3,56],[17,20],[7,134],[-18,34],[-12,-15],[14,-80],[1,-44],[-29,-52],[-11,-51],[8,-110],[10,-36],[-2,-164],[-13,12],[-11,-98],[-18,-40],[15,-53],[21,29],[12,-130],[-7,-44],[-22,-33],[-27,-117],[-4,-56],[7,-100],[10,-68],[26,-99],[19,-12]],[[26764,48068],[-2,-73],[-8,-27],[-22,-12],[-44,-44],[-21,41],[-33,-2],[-21,14],[-23,83],[-19,40],[-92,89],[-63,-98],[-64,62],[-63,68],[-17,3],[-54,62],[-21,-99]],[[26197,48175],[-27,28],[-10,55],[-27,79],[-61,119],[-10,38],[-90,175],[-5,28],[-57,206],[-16,86],[-67,105],[-93,201],[-24,73],[-55,99],[-14,34],[9,47],[20,48],[21,-21],[14,-56],[25,-27],[18,55]],[[26974,46034],[-22,94],[-48,92],[14,65],[-24,109],[-40,52],[-5,41],[-38,-17],[22,-85],[30,-40],[5,-49],[-3,-64],[-31,30],[-55,38],[-39,85],[40,183],[-10,141],[-40,104],[-50,94],[-55,46],[-22,66],[-73,40],[-12,-3],[-23,43],[-16,82],[12,52],[-21,110],[-11,35],[-29,0],[-61,135],[-46,38],[-1,-72],[23,-45],[6,-37],[56,-73],[10,-61],[-15,-55],[-53,-102],[-23,100],[-33,75],[-63,30],[-24,22],[-38,141],[-16,106],[-2,87],[16,30],[47,152],[-13,128],[-65,66],[18,36],[34,-10],[10,25],[0,81]],[[26764,48068],[7,-15],[19,-153],[26,-154],[34,-129],[65,-208],[22,-5],[4,-38],[44,-148],[25,-66],[29,-19],[27,-46]],[[27066,47087],[-13,-52],[-21,13],[-18,54],[-25,19],[-27,-99],[1,-294],[14,3],[38,-62],[8,-46],[-11,-26],[-34,-40],[-10,-62],[22,-74],[1,-117],[-13,-34],[-21,-20],[-21,-64],[27,-38],[11,-114]],[[27311,45523],[-19,-29],[-28,66],[-7,50],[32,90],[13,-57],[-1,-85],[10,-35]],[[28097,46172],[-31,2],[1,108],[22,12],[13,-47],[-5,-75]],[[28508,46444],[-29,-106],[28,-88],[3,-82],[25,-62],[16,-80],[5,-64],[-5,-44],[-22,-24],[-21,-90],[11,-56],[-69,-126],[-24,110],[-22,29],[-3,-77],[10,-55],[-8,-37],[-16,-4],[-23,-180]],[[28364,45408],[-33,74],[-43,127],[-1,43],[-32,100],[-20,120],[-10,22],[-12,104],[31,7],[18,31],[4,59],[-17,48],[33,55],[21,93],[-35,-54],[-35,10],[-13,-36],[-24,78],[-4,118],[-28,33],[-37,92],[-46,88],[-40,38],[-5,62],[-18,-28],[-64,2],[-31,-14],[-28,-84],[-34,-10],[-17,-58],[6,-54],[-12,-75],[-47,-112],[-76,-112],[-44,-3],[-27,-67],[0,-82],[11,-44],[25,-22],[9,-55],[72,-195],[19,-90],[-9,-49],[-39,-28],[-33,13],[-22,-41],[-4,-46],[-17,-47],[-55,-7],[-22,-18],[-47,8],[-13,25],[12,57],[-17,161],[-25,85],[-5,142],[-32,-52],[-6,-117],[-7,-22],[-39,42],[-38,23],[-21,42],[-13,155],[-9,6],[-16,61],[-8,70],[-100,37],[-13,-24],[-20,27],[-1,39],[-19,29],[-60,-30],[-45,34],[-49,-32],[-14,-126]],[[27066,47087],[55,-112],[-5,-87],[29,-131],[10,-73],[50,-51],[22,10],[46,0],[8,42],[-35,78],[13,37],[55,-150],[15,-54],[30,-63],[84,-8],[66,39],[36,31],[24,67],[32,50],[64,66],[42,19],[45,44],[34,95],[45,34],[33,65],[17,75],[26,18],[20,-37],[59,-20],[71,5],[-20,-39],[3,-46],[140,-1],[51,-67],[60,-54],[32,-22],[26,-62],[38,-68],[16,-52],[13,-71],[44,-82],[3,-41],[27,-34],[18,7]],[[28297,42007],[-24,59],[7,40],[16,5],[11,-82],[-10,-22]],[[28472,43236],[-11,17],[31,72],[14,-17],[12,-50],[-46,-22]],[[28508,46444],[19,-65],[17,-82],[29,-39],[15,-61],[32,-63],[5,-57],[17,-27],[14,7],[0,-75],[-22,4],[-2,-69],[30,-22],[20,22],[3,74],[-11,268],[-14,51],[-29,39],[12,62],[58,39],[67,144],[3,21],[29,23],[15,41],[26,173],[23,72],[47,62],[29,12],[35,-20],[15,27],[14,114],[-21,110],[19,158],[6,111],[10,35],[-4,169],[18,21],[-6,74],[27,78],[33,48],[7,53],[11,5],[51,72],[5,44],[44,112],[8,-12],[92,-81],[-24,-83],[-1,-68],[21,21],[17,-50],[17,0],[11,29],[35,241],[-2,84],[23,69],[33,18],[47,-51],[21,-14],[113,6],[28,16],[22,38],[17,54],[104,190],[70,72],[28,7],[51,84],[26,138],[0,103],[48,2],[-13,-43],[21,-21],[20,34],[16,74],[32,38],[17,40],[29,17],[70,-72],[15,-31],[30,-147],[0,-35],[-17,-47],[-30,-47],[-11,-44]],[[30188,48738],[-23,-32],[-62,-41],[-39,-40],[-56,-25],[-29,-122],[-37,-177],[-31,-62],[-42,-21],[-45,-171],[-49,-220],[-26,-106],[-10,-236],[-11,-82],[-7,-168],[-22,-114],[-45,-145],[-33,-131],[-4,-39],[43,-1],[59,95],[13,-90],[22,-42],[29,-28],[32,-316],[80,-219],[14,-178],[-17,-30],[-20,-91],[-4,-190],[0,-114],[21,-66],[38,-12],[30,-47],[2,-91],[24,-98],[19,-33],[44,-21],[36,43],[28,8],[39,-25],[36,0],[42,-43],[44,15],[46,71],[38,11],[47,-29],[71,-86],[21,26],[28,1],[110,-352],[82,-265],[31,22],[13,-41],[21,6],[30,74],[17,9],[55,-21],[52,-36],[45,36],[44,-13],[46,39],[33,-12],[22,9],[35,64],[54,-16],[20,-16],[19,-41],[1,-61],[22,-90],[-33,-75],[-25,-71],[-8,-79],[9,-97],[-9,-50],[-43,-69],[-12,-55],[13,-240],[-7,-170],[-9,-126],[21,-163],[-6,-74],[5,-47],[22,-86],[8,-90],[22,-130],[24,-2],[21,-65],[12,-97],[24,-43],[4,-41],[-15,-59],[-24,-43],[-111,-272],[19,-32],[44,-28],[20,-81],[14,-19],[44,-129],[37,-59],[5,-40],[-12,-44],[12,-88],[17,-91],[34,-238],[18,-170],[8,-127],[6,-44]],[[31423,41087],[-55,-36],[-4,82],[9,168],[-4,72],[-25,143],[-19,53],[-31,159],[-23,21],[-45,-64],[-23,-58],[-5,-38],[-24,-73],[-28,-46],[-33,-1],[-12,35],[-15,90],[-30,36],[-17,-89],[7,-56],[22,-37],[-187,1],[-151,2],[-51,40],[-80,-57],[0,-455],[64,4],[49,-28],[27,25],[31,-54],[24,-97],[-5,-80],[9,-78],[-23,-20],[-22,5],[-48,82],[-62,-43],[-31,-55],[-52,-2],[-17,-9],[-4,-535],[35,-105],[54,-109],[37,-46],[9,-83],[-11,-87],[26,-128],[23,-49],[16,-242],[-21,-135]],[[30707,39110],[-77,-104],[-106,-169],[-36,-19],[-167,95],[-50,24],[-55,-31],[-29,-37],[-81,34],[-90,54],[-87,34],[-46,12],[-23,39],[-11,64],[-20,39],[-14,-52],[-24,54],[-30,124],[-51,38],[-22,-78],[-83,-328]],[[29605,38903],[-24,47],[6,68],[11,31],[-27,103],[-3,66],[-28,66],[-27,-4],[-25,18],[-7,40],[-58,98],[-39,27],[-18,75],[9,56],[-19,51],[-16,151],[-5,21],[-60,115],[-28,16],[-3,51],[-14,59],[-25,-18],[-21,25],[-24,54],[-32,56],[-19,6],[-5,-42],[-17,-17]],[[29087,40122],[-18,29],[-23,14],[-39,66],[-52,10],[-42,84],[-36,126],[-56,41],[-44,-2],[-2,-87],[-38,-38],[-18,29],[-32,3],[-39,-17],[-47,48],[-12,38],[-39,-16],[-45,34],[-11,21],[-12,174],[-20,0],[-34,69],[1,42],[-12,26],[-32,-27],[-20,13],[-32,56],[-28,9],[-41,82],[-29,28],[-32,89],[-20,12],[-38,55],[-37,109]],[[28108,41242],[-13,79],[-48,37],[-6,24],[22,86],[25,53],[34,-3],[48,-39],[11,108],[-14,72],[-16,33],[-9,94],[34,169],[28,10],[10,47],[23,-51],[22,59],[40,-23],[38,25],[25,40],[30,-6],[6,53],[-4,82],[18,79],[47,139],[36,144],[-14,50],[29,60],[33,110],[29,72],[4,74],[26,108],[-22,-18],[-22,-36],[-27,6],[0,71],[20,15],[8,64],[-21,25],[-14,-39],[-15,-83],[-19,76],[3,106],[24,28],[17,-2],[10,33],[-27,6],[-12,52],[19,147],[-3,125],[-8,106],[-5,207],[6,62],[-13,155],[-38,45],[8,47],[23,29],[26,-6],[21,67],[2,57],[-26,143],[-42,142],[4,71],[19,-31],[14,109],[4,126],[-19,89],[-16,17],[-55,117],[3,72],[-7,57],[-58,124]],[[30707,39110],[-19,-279],[-31,-447],[-44,-636],[-25,-361],[-19,-209]],[[30569,37178],[-48,100],[-16,97],[-39,100],[-24,-3],[-33,-41],[-55,58],[87,349],[95,387],[-35,81],[-7,53],[-21,49],[-23,-7],[-52,13],[-23,66],[-2,31],[-56,96],[-33,-38],[-35,-24],[-24,-35],[-48,9],[-14,48],[-30,33],[-43,7],[-5,56],[-32,-60],[-23,-106],[-25,6],[-68,-93],[-20,5],[-81,61],[-81,-71],[-15,76],[-19,-7],[-31,58],[-5,60],[21,72],[-9,160],[-12,53],[-18,31],[-28,-48],[-34,43]],[[33104,46432],[-28,-24],[-18,12],[41,66],[5,-54]],[[33366,46248],[22,-81],[-9,-38],[-40,-40],[-9,-84],[-32,-22],[-54,-108],[-54,-43],[-17,-74],[-4,-55],[-35,-71],[8,-62],[22,-52],[4,-54],[-11,-38],[4,-43],[23,-50],[22,51],[27,-14],[23,-41],[-4,-45],[-32,-78],[-33,-53],[-31,-28],[-23,-55],[-27,21],[-34,-46],[-52,-7],[-13,-40],[-9,-58],[18,-122],[1,-79],[-6,-84],[-29,-53],[-21,-97],[-14,-24],[178,-516],[10,-12]],[[33135,43953],[16,-18],[21,-164],[-19,-79],[-20,-48],[-46,-48],[-12,-85],[-16,-52],[-49,-18],[-42,9],[-50,-72],[-8,-95],[-9,-19],[-40,8],[-18,-12],[-24,-59],[-18,-10],[-20,16],[-43,-55],[-70,62],[-13,3],[-28,-51],[-17,-51],[-43,-15],[-6,-80],[14,-128],[-15,-91],[-26,-32],[-32,32],[-84,241],[-35,20],[-11,-73],[-20,1],[-31,58],[-57,8],[-30,-49],[-27,12],[-20,145],[-34,28],[-37,4],[-48,-23],[-15,17],[-9,56],[-23,42],[-21,-12],[4,-57],[20,-30],[24,-128],[50,-129],[38,-49],[33,-93],[-1,-63],[-12,-50],[9,-172],[13,-95],[34,-164],[13,-83],[-2,-68],[-14,-82],[3,-27],[59,-33],[67,6],[60,-10],[5,-10],[-4,-106],[-10,-79],[-41,-14],[-17,-17],[-37,-74],[-23,-18],[-31,-1],[-19,-20],[-14,-42],[-3,-151],[-14,-71],[-42,-76],[-36,25],[-37,-56],[-18,-74],[-45,-62],[-18,25],[-52,-82],[-27,-17],[-12,-32],[-4,-78],[-8,-45],[-28,0],[-26,-64],[-14,-102],[-24,-33],[-17,58],[20,78],[0,46],[-23,63],[-39,-5],[-38,-54],[-30,-79],[-41,-46],[-52,12],[-7,11],[-149,328]],[[30188,48738],[-16,-75],[-28,-31],[-44,-14],[-49,-31],[-39,-38],[-4,-35],[5,-89],[13,-88],[46,-191],[-7,-15],[29,-170],[23,-44],[-15,-173],[-34,-76],[-24,-109],[-79,-288],[13,-60],[31,-95],[15,-79],[50,-84],[-7,-186],[37,-54],[35,6],[51,43],[20,32],[22,85],[25,28],[-4,161],[10,120],[-6,107],[-21,71],[-33,144],[-33,95],[-14,62],[-6,66],[-24,78],[5,114],[22,49],[-1,87],[11,49],[36,3],[58,66],[51,76],[43,32],[63,13],[17,30],[58,45],[27,47],[30,17],[13,52],[25,-56],[26,-7],[17,52],[-21,138],[-11,-1],[-90,-62],[-13,37],[-4,87],[-14,62],[10,92],[19,85],[48,65],[22,-20],[21,-71],[10,-60],[6,-140],[23,-161],[25,-74],[14,-2],[20,31],[41,-10],[24,29],[89,-59],[30,-3],[51,-70],[17,-43],[19,-21],[32,-58],[23,-98],[25,-122],[-17,-14],[-6,-63],[20,-129],[25,-64],[45,-6],[37,-19],[20,20],[71,29],[73,10],[77,46],[148,13],[35,-17],[31,25],[42,-45],[-11,-56],[45,-103],[6,-42],[34,-50],[25,-7],[83,-57],[41,-17],[55,-40],[71,16],[25,22],[5,48],[38,57],[27,-15],[29,45],[3,60],[51,52],[37,-10],[67,0],[31,31],[-39,48],[-36,19],[-50,-6],[-31,-26],[-11,66],[17,9],[25,-15],[85,20],[41,0],[44,-13],[53,33],[25,4],[23,29],[49,-2],[25,-15],[58,38],[44,-9],[66,-26],[30,-4],[58,24],[29,1],[-21,-58],[-36,-15],[-46,0],[-23,-69],[-54,6],[-40,20],[-44,-17],[0,-83],[-11,-28],[-18,21],[-19,-18],[1,-88],[18,6],[-6,68],[46,19],[15,-19],[19,-68],[10,-124],[-10,-23],[-45,-16],[7,-32],[39,36],[16,49],[-1,70],[21,-16],[13,-35],[17,-125],[35,-188],[26,141],[7,-51],[13,-12],[30,29],[-24,45],[-25,6],[7,55],[34,-27],[26,-47],[42,-111],[11,53],[48,-35],[-6,89],[18,-22],[30,-63],[18,-77],[35,-66],[48,-5],[27,-22],[37,-77],[15,-47],[4,-53],[-35,-49],[-34,-148],[-18,-49],[-24,-170],[-2,-74],[-16,-31],[-52,15],[-23,-8],[-21,19],[-1,-45],[57,-58],[18,-31],[44,47],[42,-20],[10,69],[74,29],[25,-39],[45,-16],[15,67],[48,4],[27,-17],[42,-49]],[[33336,46348],[30,-100]],[[32904,46358],[36,25],[39,-12],[-6,-53],[-27,-5],[-42,45]],[[32988,46367],[29,1],[15,34],[18,1],[5,-42],[-11,-28],[-25,-9],[-37,6],[6,37]],[[33008,46461],[31,85],[13,16],[42,10],[-32,-87],[-54,-24]],[[33073,46482],[-17,-50],[-16,-9],[-34,27],[42,27],[25,5]],[[33082,46702],[16,-17],[-3,-41],[-17,-41],[-36,-33],[29,121],[11,11]],[[31888,48051],[-20,-16],[-33,19],[7,43],[18,7],[25,-16],[3,-37]],[[32276,48136],[-3,-31],[-21,-53],[-46,-31],[-22,60],[-25,-9],[-50,28],[8,62],[44,22],[12,-40],[20,-26],[23,3],[9,55],[29,71],[11,-35],[11,-76]],[[33366,46248],[26,-40],[6,48],[27,-34],[143,-219],[22,-62],[74,-172],[25,-98],[21,-18],[48,-167],[1,-145],[-4,-90],[-21,-52],[-10,-98],[-7,-225],[19,136],[36,138],[29,17],[45,-47],[32,-9],[20,-29],[23,-73],[67,-136],[13,-36],[20,-104],[15,36],[37,-47],[21,-46],[23,-74],[12,-111],[-11,-228],[-21,-109]],[[34097,44154],[-6,-72],[-15,-59],[12,-55],[13,24],[12,-64],[-28,-4],[-10,-101],[-25,-26],[-53,2],[-19,14],[-45,-60],[-23,-76],[23,-110],[-17,-119],[-15,-155],[-23,-56],[-9,-40],[7,-111],[31,-79],[16,-59],[10,-101],[28,-40],[24,-68],[3,-117],[59,-6],[35,24],[6,-173],[17,-54],[6,-175],[23,-47],[48,-197],[37,-208],[36,-120],[35,-5],[23,-54]],[[34313,41607],[-15,-16],[-28,12],[-30,-18],[-10,-28],[-65,34],[-19,67],[-25,-14],[-20,-34],[-27,17],[-26,-51],[-7,-65],[-30,-81],[-21,-4],[-35,18],[-59,-76],[-9,-70],[-34,2],[-47,46],[-25,-75],[-32,-17],[9,-69],[-14,-64],[-48,11],[-8,-38],[-25,-32],[-16,13],[-15,67],[-89,63],[-47,127],[-26,90],[-39,34],[-8,23],[12,54],[-32,14],[-2,34],[8,239],[-46,88],[0,65],[-9,82],[-18,87],[2,123],[5,119],[16,129],[27,112],[-1,100],[-5,18],[12,69],[34,66],[27,135],[-4,72],[-35,123],[-6,88],[15,62],[-32,55],[-42,38],[-29,-10],[-28,18],[-1,39],[22,32],[13,64],[12,227],[-9,63],[-19,41],[-9,56],[-24,20],[-32,-54],[-64,-5],[-14,15],[-32,-4]],[[33336,46348],[24,-64],[6,-36]],[[34998,44324],[-11,-49],[-2,-91],[-39,-152],[-25,-44],[-18,-77]],[[34903,43911],[-30,-103],[-6,-180],[11,-61],[4,-76],[-8,-37],[3,-73],[21,-178],[1,-87],[20,-78],[28,-90],[17,-15],[40,-134],[-5,-111],[-19,-97],[-32,-85],[-6,-51],[13,-122],[-10,-114],[-33,-120],[-14,-95],[-37,-95],[-27,-25]],[[34834,41884],[-25,-3],[-6,45],[5,45],[-18,14],[-32,-21],[-28,79],[-39,-17],[-109,-64],[-58,-28],[-42,52],[-15,35],[-18,1],[-5,-51],[-23,-67],[-9,-78],[22,-29],[37,-116],[0,-106],[-11,-32],[-24,-14],[-83,64],[-40,14]],[[34097,44154],[23,40],[10,163],[17,125],[29,40],[74,-23],[26,-18],[35,4],[61,-41],[102,-81],[-8,72],[18,52],[25,14],[60,7],[48,-13],[33,-29],[42,-11],[-14,43],[31,27],[21,-10],[53,-3],[160,-74],[50,-44],[5,-70]],[[35651,43180],[-7,-69]],[[35644,43111],[-25,-38],[-12,-76],[-32,-72],[-15,-56],[-4,-53],[-47,-204],[-17,-64],[-13,-9],[-20,-60],[-2,-84],[-55,-302],[3,-40],[-15,-66],[-22,-71],[-32,-51],[-30,-70],[-16,-22],[-28,8],[-16,26],[-35,-11],[4,41],[-26,60],[-39,-65],[-19,-6],[-48,44],[-13,43],[-45,-67],[-7,-35],[-49,-83],[-58,35],[-40,36],[-22,74],[-15,11]],[[34998,44324],[32,21],[31,-26],[52,-79],[42,-35],[44,1],[38,-31],[27,-43],[26,2],[49,-121],[99,-219],[19,-56],[14,32],[49,-131],[32,-52],[18,-151],[7,118],[25,-2],[8,-30],[14,-138],[9,-19],[4,-66],[19,-68],[-5,-51]],[[35651,43180],[-72,121],[-15,38],[-33,37],[-22,53],[-56,102],[-64,101],[-86,160],[-62,96],[-66,32],[-33,32],[-61,21],[-11,21],[-22,-5],[-9,-229],[-68,0],[-22,27],[-21,74],[-25,50]],[[29605,38903],[-72,-288],[-345,-419],[-339,-404],[-60,-79],[-109,-112],[-151,-109],[-66,-34],[-42,-5],[-49,-127],[-73,-110],[-77,-174],[-31,-40],[-43,-71]],[[28148,36931],[-54,-77],[-16,-57],[-3,-92],[-23,-74],[-76,5],[-44,120],[-20,128],[-6,71],[-23,53],[-13,10],[-41,-32],[-89,139],[-55,-120],[-16,-19],[-20,26],[-5,39],[39,136],[-29,-16],[-10,34],[-6,87],[10,49],[21,4],[20,-23],[46,91],[-16,105],[1,74],[-14,157],[-23,27]],[[27683,37776],[20,30],[35,3],[52,91],[10,85],[11,51],[13,155],[14,104],[15,44],[-6,81],[-12,4],[-14,73],[2,50],[-4,85],[12,82],[-21,-11],[-6,-82],[11,-50],[-1,-110],[-6,-76],[-31,-57],[-17,28],[16,155],[-6,12],[-22,-123],[-31,-82],[-10,-77],[-16,9],[-41,66],[-45,131],[-17,36],[-28,12],[-30,43],[-23,75],[33,30],[28,71],[6,117],[-11,109],[-23,121],[19,93],[8,101],[-37,136],[-6,71],[21,77],[61,2],[23,76],[3,62],[25,119],[-19,142],[45,133],[28,37],[47,141],[7,51],[1,161],[13,12],[-13,56],[6,98],[-24,66],[1,67],[15,44],[21,-3],[33,33],[33,68],[21,21],[31,-4],[30,60],[52,3],[23,11],[25,67],[22,-11],[31,48],[4,72],[18,71]],[[27724,38025],[-21,10],[1,117],[16,95],[34,37],[23,6],[28,-41],[-6,-28],[-56,-91],[7,-47],[-7,-44],[-19,-14]],[[24885,39242],[-15,-7],[-15,30],[10,64],[14,2],[19,-38],[-13,-51]],[[25155,39535],[-27,-16],[-22,43],[40,67],[15,59],[18,23],[27,1],[-1,-42],[-50,-135]],[[24662,40199],[4,-94],[9,-70],[57,-131],[0,-92],[43,-131],[-18,-132],[-15,-37],[-66,-47],[-43,14],[-28,-3],[-20,71],[0,46],[11,39],[39,82],[21,18],[21,-15],[22,66],[-20,30],[-57,176],[-13,54],[4,40],[-7,94],[-15,22],[-19,-28],[-18,33],[59,93],[21,-9],[11,-65],[17,-24]],[[24607,39875],[-24,-24],[-31,34],[-11,46],[5,67],[44,30],[22,-57],[-5,-96]],[[24848,39991],[-16,-53],[-19,19],[-43,8],[-13,48],[11,67],[11,20],[42,-37],[27,-72]],[[24929,39669],[-23,-23],[-26,8],[-30,56],[1,74],[23,54],[45,11],[29,-34],[-4,-102],[-15,-44]],[[29087,40122],[-39,-32],[-26,34],[-27,7],[-2,-47],[40,-43],[19,-135],[41,-75],[4,-76],[-12,-73],[21,-172],[-31,-7],[-20,41],[-42,-425],[-21,-60],[-124,-384],[-163,-318],[-216,-193],[-117,-104],[-49,-123],[-22,-86],[-28,-61],[10,-80],[-20,-33],[-8,78],[-18,-18],[-7,-143],[-13,-106],[-32,-95],[-9,-132],[-29,-194],[5,-78],[-4,-58]],[[30569,37178],[0,-37],[-18,-54],[-51,4],[-28,59],[-6,80],[-30,5],[-20,-34],[-23,-12],[-12,26],[-38,9],[-19,-28],[-11,-67],[-23,-74],[-60,18],[-32,-17],[-27,-36],[-74,-56],[-27,13],[-43,-20],[-63,-126],[-30,-43],[-39,-22],[-7,-65],[-21,-48],[-39,-57],[-47,-49],[-31,-61],[-5,-107],[-12,-94],[5,-61],[-6,-80],[-23,-103],[-23,-61],[-21,-101],[-7,-55],[31,-207],[-1,-47],[-26,-86],[-40,-11],[-63,-110],[-44,-102]],[[29515,35261],[60,-32],[30,-47],[34,-37]],[[29639,35145],[0,-113],[35,-77],[43,-48],[23,-41],[23,-72],[10,-95],[0,-66],[-19,-78],[12,-95],[101,-298],[221,-603],[153,-446]],[[30241,33113],[98,-281],[41,-105]],[[30380,32727],[120,-307],[-36,-175]],[[30464,32245],[77,-161],[90,-202],[52,-110],[23,-232],[8,-245],[26,-375],[6,-161],[-81,-219],[-44,-131],[39,-198],[49,-38],[96,-30],[56,-30]],[[30861,30113],[11,-121],[-40,-35],[5,-94]],[[30837,29863],[28,-399],[30,-346],[9,-152],[-29,-135],[-23,-59],[4,-110],[23,-179]],[[30879,28483],[3,-20]],[[30882,28463],[29,-155],[49,-287],[-111,-202],[-39,-102],[55,-278],[-39,-59],[-84,24]],[[30742,27404],[-8,38],[-36,81],[-4,92]],[[30694,27615],[-51,-114],[-36,8],[-10,-70],[10,-37],[12,-109],[-21,-130],[-31,-84],[-49,-51],[-54,1],[-22,-17]],[[30442,27012],[-44,88],[-23,19],[-102,225],[-22,16],[-32,70],[-25,36],[-16,65],[-11,160],[-41,90],[-33,35],[-39,20],[-23,36],[-11,40],[-55,81],[-30,56],[-37,103],[-35,49],[-34,23],[-50,19],[-31,64],[-91,94],[-22,48],[-26,32],[-119,103],[-46,93],[-13,45],[-35,47],[-47,34],[-21,26],[-18,68],[-60,66],[-45,63],[-53,56],[-15,37],[-35,138],[-46,96],[-29,114],[-13,29],[-81,117],[-26,54],[-2,55],[-12,75],[-28,68],[-15,106],[-25,52],[-13,88],[-7,95],[-26,14],[6,52],[12,11],[16,-39],[20,153],[5,129],[-18,91],[-44,143],[-24,62],[-8,103],[-32,111],[-32,154],[-14,104],[-74,205],[-30,25],[10,51],[-4,77],[-9,65],[3,48],[-7,52],[-29,110],[-19,43],[-76,110],[-5,33],[15,52],[-19,177],[-29,132],[-31,103],[-5,38],[-43,167],[-30,168],[-22,155],[3,56],[-37,127],[-8,137],[-22,71],[-10,113],[-33,74],[-12,59],[6,45],[-18,70],[-12,174],[-43,122],[2,32],[-21,110],[-46,127],[-44,86],[-31,120],[-7,71],[-37,140],[1,46],[-18,114],[-17,42],[-1,47],[-29,94],[-36,83],[-9,73],[-38,89],[-56,69],[-58,88],[-40,77],[-111,119],[-29,49],[-6,85],[13,81],[23,16],[23,-26],[18,18],[9,39],[4,105],[-23,147],[-38,97],[-12,14],[-19,59],[7,93],[23,10],[-7,78],[-58,163],[-7,28],[15,97],[6,120],[-3,51],[9,45],[55,120],[20,90],[29,49],[18,104],[60,91],[20,79],[42,25],[11,69]],[[29515,35261],[-15,-147],[22,-103],[4,-62],[-9,-17],[-54,-18],[0,-61],[-8,-60],[8,-59],[31,-88],[27,-24],[8,-28],[-17,-118],[29,-35],[15,-76],[18,-166],[36,-71],[16,-109],[20,-51],[25,-19],[35,-146],[26,-62],[4,-56],[-5,-55],[-16,-56],[-44,-103],[-5,-26],[131,-9],[91,-51],[28,-35],[14,-89],[-3,-74],[23,-32],[8,-60],[-10,-83],[227,-1],[20,6],[32,46],[14,50]],[[30241,33113],[33,30],[36,108],[29,47],[53,118],[12,-43],[-18,-54],[5,-40],[-1,-108],[-9,-32],[-1,-412]],[[30380,32727],[0,-439],[29,53],[25,-66],[30,-30]],[[30464,32245],[48,28],[64,83],[40,-7],[12,-27],[47,8]],[[30675,32330],[89,-376],[90,-378],[69,-360],[-19,-62],[-20,-106],[-17,-18],[-27,-78],[3,-116],[1,-345],[-5,-43],[-23,-102],[13,-60],[11,-126],[21,-47]],[[30837,29863],[-69,-150],[-4,-71],[-32,-82],[-5,-118],[24,-82],[44,-107],[-37,-71],[-42,-212],[58,-386],[20,-46],[48,9],[21,-54],[16,-10]],[[30882,28463],[-3,-20],[-43,-48],[-12,-38],[-2,-54],[8,-78],[-50,-87],[-36,-107],[-24,-105],[-35,-41],[-24,-61],[-10,-53],[18,-5],[25,-61],[0,-90]],[[35167,15929],[-38,66],[9,165],[-8,164],[14,90],[50,92],[15,61],[41,100],[-26,64],[-59,47],[-32,68],[-31,84],[-9,108],[-22,80],[-49,111],[-42,48],[-26,-9],[-34,60],[-36,80],[-13,15],[-3,66],[-33,86],[-60,18],[-47,84],[-31,-5],[-44,68],[-29,134],[-19,59],[-45,84],[-13,-3],[-12,-71],[-46,-89],[-48,0],[2,109],[8,51],[-7,39],[-65,171],[-43,71],[-38,82],[-31,85],[-42,81],[-20,13],[-58,-8],[-21,-55],[-1,-38],[-18,-39],[-30,18],[-48,-9],[-20,23],[-4,42]],[[34005,18490],[26,41],[45,111],[2,74],[11,50],[48,31],[53,146],[61,155],[19,122],[31,59],[24,16],[43,211],[29,35],[44,120],[33,138],[44,4],[15,44],[-24,33],[39,83],[49,39],[19,44],[17,75],[39,47],[44,16],[31,75],[3,43],[24,97],[11,-21],[24,7],[44,46],[47,24],[22,24],[37,96],[15,5],[24,67],[55,44],[30,177],[-10,135],[7,133],[0,106],[17,77],[-4,45],[-45,174],[0,108],[-17,121],[-61,99],[-20,-47],[-37,4],[-39,-56],[-26,46],[-15,-3]],[[34833,21810],[-5,92],[12,66],[19,53],[22,92],[-7,97],[16,154],[18,89],[5,56],[-6,60],[23,119],[-3,43],[-15,37],[-6,68],[19,59],[-6,33],[-32,74],[-61,81],[-71,-84],[-12,-32],[-70,-40],[-48,21],[-20,48],[-3,126],[-9,64],[-16,40],[-4,105],[9,57],[-13,53],[0,122],[-16,84],[-11,148],[10,58],[1,69],[-28,46],[-7,34],[-3,93],[-29,78],[-39,11],[-27,-13],[-32,12],[-44,85],[-10,64],[-27,-14],[-39,-118],[-18,26],[-50,-42],[-31,30],[-45,21],[-62,-11],[-65,31],[-8,39],[-36,6],[-16,-23],[-44,38],[13,230],[3,83],[-8,103],[28,124],[11,261],[-12,101]],[[33928,25217],[0,74],[-14,42],[-16,-24],[-12,141],[-14,81],[-21,88],[-7,80]],[[33844,25699],[72,100],[14,38],[-75,169],[96,499],[20,3],[-6,93],[-13,6],[61,474],[9,31],[-55,258],[-2,85],[-15,64],[9,32],[-43,95],[-23,-28],[-30,32],[-8,31],[-48,81],[-27,29],[-5,50],[-4,130],[-11,78],[-4,129],[3,56],[33,99],[6,79],[0,85],[-17,-3],[-14,-34],[-149,14],[-143,14],[-187,20],[-18,564],[-96,275],[87,2],[-6,339],[-41,215],[-15,112],[5,48],[22,82],[-25,133],[-56,46],[-19,41],[-13,2],[-46,69],[-23,65],[-126,-43],[-28,33],[-60,-30],[-18,68],[-35,66],[-23,65],[-8,85],[-28,24],[-47,-18],[-73,81],[-12,46],[-22,-27],[-36,76],[-27,44],[-15,66],[-5,63],[-18,18],[-32,-51],[-22,1],[-25,37],[-15,60],[-56,71],[-35,8],[-36,-63],[-69,45],[-55,12],[-34,74],[-6,89],[-28,22],[-33,44],[-15,78],[-54,22],[-9,30],[-12,154],[-16,41],[-8,-53],[-17,43],[11,70],[-15,69],[-24,18],[-22,158],[-4,75],[28,133],[-4,75],[-20,90],[-14,99],[-1,104],[11,23],[7,62],[15,36]],[[31854,32794],[-131,136],[-163,180]],[[31560,33110],[-654,703],[-875,930],[-103,105],[-171,173],[-118,124]],[[35644,43111],[20,58],[19,27],[-4,92],[2,75],[60,-112],[36,-113],[9,-55],[1,-73],[24,-6],[0,-180],[4,-186],[13,-194],[47,-265],[18,-182],[29,-232],[49,-200],[16,-44],[70,0],[40,-33],[33,-50],[12,-93],[2,-97],[-4,-88],[-22,-44],[17,-20],[3,-43],[-11,-41],[-82,-165],[-21,-98],[-38,-65],[-35,-173],[-51,-162],[-13,-22],[-37,-9],[-13,-31],[-31,-120],[-32,-33],[-24,-64],[-23,-127],[-20,-87],[-15,-30],[-53,-160],[-7,-111],[3,-84],[-35,-84],[-17,-7],[-10,-34],[2,-99],[-23,-51],[-33,1],[-27,43],[-60,-73],[-7,-25],[-28,-34],[-39,-27],[1,-27],[115,49],[15,-30],[3,-52],[28,22],[31,2],[39,45],[59,109],[26,16],[33,38],[56,86],[22,70],[37,47],[12,33],[-1,51],[20,12],[27,-12],[7,-177],[-9,-119],[5,-76],[15,-74],[23,-63],[3,-98],[-32,-85],[-79,56],[-16,-6],[-38,48],[-5,52],[-16,25],[-40,-178],[-11,-109],[14,5],[45,196],[34,-42],[54,-147],[-1,-59],[-16,-60],[13,-105],[6,195],[15,55],[25,-33],[5,57],[40,107],[29,-4],[35,-30],[1,-66],[21,1],[29,47],[73,45],[45,-59],[56,20],[19,18],[36,74],[44,21],[-1,-52],[-23,-100],[-11,-69],[-4,-70],[-23,-97],[10,-124],[10,23],[28,139],[20,148],[24,85],[57,29],[15,62],[27,79],[24,105],[24,-2],[11,21],[29,-108],[13,41],[2,65],[-15,9],[6,113],[9,13],[30,-22],[19,144],[-12,95],[21,84],[51,115],[26,-49],[52,97],[31,-68],[20,63],[33,19],[11,29],[41,-12],[21,-31],[11,-47],[29,-33],[29,36],[10,-99],[7,-18],[23,37],[7,-20],[45,12],[25,-146],[25,-11],[72,62],[-6,-73],[-13,-86],[26,23],[33,-46],[9,71],[11,25],[23,-46],[8,-85],[22,-6],[18,35],[6,-108],[18,-2],[6,66],[45,-22],[9,-32],[-25,-79],[15,-57],[27,149],[15,-58],[-15,-43],[-5,-46],[2,-125],[23,-15],[17,43],[-6,74],[24,67],[18,12],[38,-28],[30,25],[-29,-97],[12,-9],[23,28],[10,-37],[-3,-56],[29,-81],[16,21],[28,-31],[13,-111],[-2,-44],[-39,-127],[6,-24],[31,78],[21,-6],[10,-30],[9,-103],[-5,-41],[-17,-10],[-39,-111],[1,-36],[-21,-109],[-11,-163],[19,-43],[-37,-100],[-8,-74],[35,78],[12,56],[38,74],[16,53],[5,47],[10,225],[24,54],[20,5],[29,43],[20,0],[1,-75],[-29,-108],[-27,-32],[11,-36],[20,-6],[53,160],[16,-15],[46,43],[72,-20],[-9,112],[37,12],[49,-23],[47,-49],[18,-5],[39,-64],[25,-1],[22,-60],[34,-61],[44,-27],[21,9],[10,-36],[34,2],[44,-30],[1,72],[22,9],[47,-70],[7,-38],[43,-21],[13,10],[58,-25],[12,38],[120,10],[51,20],[37,30],[42,-7],[90,-29],[37,-52],[35,-69],[45,-57],[28,-44],[26,-25],[86,-139],[22,-9],[39,-106],[53,-98],[46,-33],[44,-135],[21,-28],[34,-122],[36,-95],[57,-102],[26,-92],[19,-46],[26,-38],[21,-1],[42,-43],[14,-31],[17,-98],[16,-34],[55,0],[22,-19],[30,-81],[23,-23],[60,15],[51,-24],[45,11],[33,32],[89,-41],[22,-2],[35,-40],[18,-37],[28,-121],[25,-142],[8,-117],[26,-249],[4,-77],[13,-25],[17,-124],[7,-196],[25,-216],[-3,-44],[23,-95],[-5,-239],[-7,-38],[9,-57],[-22,-79],[-2,-47],[13,-17],[8,-72],[-14,-99],[-21,-194],[-67,-463],[-11,-32],[-30,-142],[-81,-235],[-63,-164],[-16,-71],[-38,-138],[-50,-105],[-18,-55],[-9,-65],[-22,-78],[-44,-38],[-82,-134],[-17,-41],[-27,-100],[-4,51],[-19,83],[-17,-8],[6,-53],[26,-10],[-9,-90],[-23,-95],[-10,-6],[-5,-80],[-15,-53],[-17,-92],[-20,-20],[-15,-41],[7,-29],[-54,-309],[-23,-111],[-47,-171],[-16,-45],[-19,-105],[-89,-260],[-44,-57],[-15,0],[14,121],[-8,87],[-28,4],[-13,67],[-18,7],[-9,-105],[-18,-57],[24,-20],[-8,-82],[-21,-51],[-5,-83],[-22,-43],[-9,-45],[1,-59],[-23,15],[-4,-99],[14,-53],[12,-86],[-18,-113],[10,-155],[-20,-12],[-2,-51],[10,-21],[22,78],[-9,99],[19,3],[-1,-79],[-17,-118],[-13,-244],[-9,-81],[3,-111],[14,-127],[4,-203],[15,-287],[18,-152],[-40,-297],[-14,-152],[-10,-144],[-8,-45],[-3,-127],[-19,-164],[-1,-104],[8,-213],[15,-58],[-40,-131],[-49,-58],[-49,-172],[-24,-196],[-10,-176],[3,-157],[12,-270],[-5,-108],[-27,-139],[-54,-71],[-34,-161],[-18,-165],[-13,-64],[-31,35],[-5,-56],[24,-22],[-15,-90],[-22,-107],[-59,-154],[-37,-17],[-14,-53],[-9,-114],[-32,-107],[-3,-84],[-16,-69],[-4,-92],[21,-275],[-15,-54],[-50,-68],[-106,-83],[-50,-74],[-57,-135],[-8,-65],[6,-80],[-4,-69],[-13,-63],[-32,-22],[-116,7],[-31,-15],[-72,-15],[-43,20],[-10,45],[29,106],[-14,54],[-49,-49],[0,-63],[25,-50],[4,-42],[-39,-44],[-88,-4],[-45,66],[-25,22],[-50,-29],[-25,-68],[-30,-12],[-24,92],[-25,-18],[-17,-45],[-56,-34],[-10,-120],[39,-6],[19,-43],[-20,-46],[-17,8],[-56,-34],[-19,35],[-27,-47],[-16,-64],[-57,-66],[-40,-30],[-5,-59],[9,-66],[-31,-29],[-12,27],[-79,34],[-39,-21],[-43,-51],[-18,-96],[-22,1],[-9,51],[-21,37],[-15,-52],[0,-58],[-44,-51],[-69,-93],[-36,-59],[-9,-60],[-59,-127],[-57,-82],[-34,-23],[-81,-134],[-61,-112],[28,-21],[11,-52],[-29,-55],[-18,-62],[-45,-75],[6,85],[-31,-19],[-16,23],[-15,-55],[9,-33],[-18,-45],[-66,40],[3,-53],[28,-23],[25,10],[38,-25],[-40,-164],[-22,-33],[9,-83],[-11,-70],[8,-99],[-27,-47],[-17,20],[-5,-55],[31,-69],[10,-39],[-18,-95],[-3,-96],[15,-48],[5,-242],[19,-67],[-21,-25],[-6,-159],[10,-106],[-10,-31],[6,-79],[16,-77],[-16,-96],[-9,-164],[-30,-190],[-13,35],[4,39],[-21,35],[3,-100],[21,-33],[-17,-68],[-29,-26],[-73,-124],[-50,-104],[-67,-179],[-34,-108],[-41,-154],[-50,-226],[-53,-350],[-27,-123],[-105,-378],[-88,-235],[-116,-235],[-99,-129],[-18,-36],[-46,-150],[14,165],[-21,67],[12,25],[53,-41],[60,82],[51,146],[13,27],[26,0],[36,84],[9,95],[-4,83],[4,54],[41,-9],[15,115],[52,77],[21,74],[6,88],[-4,91],[33,11],[9,108],[-19,81],[-12,1],[-11,-74],[-62,-15],[-6,-64],[-24,15],[2,69],[-15,35],[-18,-13],[-24,70],[-16,108],[-11,-108],[7,-90],[23,-85],[-10,-32],[-14,-102],[-26,-58],[-1,-54],[-25,-131],[-1,-75],[-9,-48],[-28,-25],[-11,-63],[-73,-62],[-13,-21],[-9,-63],[-2,-90],[-23,-100],[-36,-40],[-2,-70],[13,-73],[-17,-22],[-5,-59],[43,-43],[3,-35],[-38,-65],[-41,-177],[-22,-188],[-18,-109],[-34,-159],[-26,-84],[-49,-104],[-111,-224],[-24,-30]],[[36470,21281],[46,102],[15,-50],[-26,-110],[-13,-3],[-22,61]],[[35837,38878],[33,-44],[6,-68],[-27,29],[-27,-7],[-29,79],[2,28],[42,-17]],[[36354,38871],[8,82],[24,-37],[-12,-40],[-20,-5]],[[36379,38998],[15,61],[22,-24],[-13,-100],[-21,-6],[-3,69]],[[37070,39510],[25,57],[5,-81],[-26,-11],[-4,35]],[[37319,39360],[12,17],[-8,-138],[-15,-9],[11,130]],[[37560,39041],[19,43],[17,-42],[-34,-36],[-2,35]],[[35885,39251],[9,128],[11,18],[31,-17],[17,35],[-44,12],[-16,33],[-4,81],[4,189],[15,50],[7,148],[16,91],[24,61],[41,50],[23,6],[52,-20],[92,-53],[46,-34],[66,21],[22,43],[39,17],[51,-13],[50,-38],[54,-13],[61,-27],[12,-22],[-1,-57],[-17,-51],[-27,-311],[-25,-50],[-2,-87],[-36,-120],[-24,-162],[-30,-48],[-60,-64],[-60,-24],[-36,14],[-12,-52],[-32,-55],[-20,29],[-19,-57],[-67,77],[-15,-34],[-74,-58],[-57,27],[-17,45],[-2,69],[-24,66],[-19,74],[-3,83]],[[39185,30579],[10,-53],[-12,-75],[-28,74],[2,48],[28,6]],[[37754,23540],[-26,-17],[-53,17],[38,70],[33,-40],[8,-30]],[[36516,20197],[-3,86],[14,99],[-5,90],[27,31],[14,-40],[-10,-108],[-25,-83],[4,-44],[-16,-31]],[[37438,23102],[1,-126],[-34,17],[-23,-7],[-4,51],[24,51],[10,52],[26,-38]],[[39234,30774],[3,57],[34,88],[8,-57],[-45,-88]],[[37619,38032],[3,80],[-7,49],[5,47],[15,44],[10,-22],[-5,-143],[-21,-55]],[[37509,39206],[-17,42],[14,52],[27,-18],[-1,-33],[-23,-43]],[[35435,39153],[64,74],[9,-37],[-25,-39],[-46,-42],[-2,44]],[[36105,40965],[18,2],[3,-45],[-22,-45],[-14,37],[15,51]],[[36107,40866],[-10,-78],[-34,-42],[-26,5],[-2,40],[21,49],[44,-1],[7,27]],[[36571,39333],[-20,7],[-13,31],[16,65],[22,-1],[2,-83],[-7,-19]],[[35750,39349],[-20,-13],[2,59],[30,66],[9,67],[11,-12],[-16,-131],[-16,-36]],[[35548,39071],[-49,6],[8,54],[41,41],[30,-62],[-30,-39]],[[35907,40208],[-45,-34],[-9,22],[26,54],[27,-2],[1,-40]],[[36045,40460],[-21,26],[1,86],[21,61],[44,43],[15,-73],[-35,-98],[-25,-45]],[[36006,41742],[22,-109],[-18,-65],[-18,3],[-21,91],[4,57],[31,23]],[[35986,41739],[-24,19],[21,43],[17,-34],[-14,-28]],[[36213,40377],[-3,-18],[-53,-81],[-24,-98],[-19,-25],[-32,60],[-54,1],[-19,17],[-7,53],[1,61],[26,17],[33,-2],[31,54],[102,31],[18,-70]],[[35986,40193],[-17,-9],[-23,40],[-17,76],[20,58],[32,-42],[8,-105],[-3,-18]],[[35995,40359],[-7,-28],[-21,14],[-4,32],[14,35],[14,188],[20,46],[3,-162],[8,-49],[-5,-46],[-22,-30]],[[35588,39147],[-18,40],[19,87],[3,92],[41,23],[19,62],[-4,109],[16,120],[16,55],[47,82],[51,9],[13,-94],[-20,-117],[-15,-141],[-20,-31],[-33,-118],[-92,-163],[-23,-15]],[[35829,39506],[-15,-45],[-25,-34],[-3,42],[27,83],[19,31],[-3,-77]],[[35798,39520],[-3,58],[17,127],[32,61],[28,34],[13,-13],[-2,-72],[-32,-32],[-26,-95],[-27,-68]],[[35873,39688],[1,-66],[-18,-21],[-14,19],[14,65],[17,3]],[[35833,39818],[-21,-5],[6,58],[17,32],[23,8],[-25,-93]],[[35806,39831],[-15,-1],[6,90],[25,83],[25,-47],[-32,-57],[-9,-68]],[[35739,39877],[-7,35],[21,79],[9,54],[18,48],[26,21],[-11,-112],[-31,-76],[-25,-49]],[[35860,39905],[14,34],[19,-5],[6,-47],[-17,-44],[-45,-50],[23,112]],[[35868,39948],[0,31],[35,61],[-9,-86],[-26,-6]],[[36200,40100],[-43,34],[-5,27],[40,81],[16,21],[35,-1],[24,-19],[16,-85],[-16,-35],[-67,-23]],[[35931,40203],[24,-37],[-33,-78],[-16,-11],[-34,-73],[-45,40],[2,56],[23,45],[79,58]],[[31854,32794],[10,63],[-13,195],[9,75],[-21,100],[-18,18],[-19,-45],[-16,-68],[-10,1],[-39,46],[-92,-4],[-27,-15],[-58,-50]],[[31560,33110],[-69,-28],[-8,-31],[-28,-31],[-37,-72],[-51,-128],[-29,-39],[-39,0],[-1,-25],[-34,-60],[-37,-45],[-45,-150],[-21,34],[-55,4],[-24,-33],[-6,-38],[-43,-159],[-67,-57],[-15,-32],[-53,-24],[1,96],[-24,-9],[-63,35],[-93,21],[-44,-9]],[[33928,25217],[-36,-40],[-130,-126],[-222,-194],[-408,-387],[-185,-164],[-156,-148],[-115,-114]],[[32676,24044],[-43,70],[-36,96]],[[32597,24210],[-32,60],[-15,113],[-215,-4],[-97,1],[-14,-67],[-37,-227],[-27,-74],[-16,-95],[-6,-135],[-13,-7],[-4,76],[-25,67],[-2,93],[-18,76],[-6,107],[-13,34],[-104,76],[-6,12],[-169,-7],[-42,-7],[-18,28],[-31,99],[-42,73],[-44,25],[-20,-201],[-11,-29],[-108,-80],[-11,-143],[-69,-70],[3,-79],[-31,-62],[-16,-73]],[[31338,23790],[-110,-57],[-60,16],[-23,36],[-2,83],[10,114],[-24,183],[3,44],[-6,97],[-39,103],[-1,102],[-14,110],[-13,41],[-1,225],[-65,257],[-30,9],[-9,41],[0,98],[27,74],[-23,46],[-39,45],[-17,58],[13,62],[-5,72],[-15,107],[55,25],[15,99],[-12,59],[-34,66],[1,28],[38,118],[30,76],[-30,83],[-26,26],[-39,101],[-32,56],[-18,80],[9,51],[-19,100],[-7,61],[1,126],[-15,65],[-4,119],[-14,74],[19,62],[-61,42],[-8,63],[-2,68]],[[33844,25699],[6,37],[2,94],[-5,111],[-23,35],[-240,312],[-246,38],[-175,-117],[-207,-89],[-107,-45],[-47,-313],[-99,-347],[3,-356],[-33,-265],[-72,-573],[-4,-11]],[[34833,21810],[-6,-54],[5,-212],[-16,-23],[0,-131],[6,-41],[-15,-153],[-41,-166],[-24,-22],[-6,-57],[-30,-25],[-20,-50],[-34,-46],[-46,-36],[-36,-91],[-15,-165],[-36,-68],[-32,22],[-13,53],[-40,20],[-30,-5],[-34,-56],[-2,-57],[-20,-73],[-14,-10],[-43,95],[-34,-7],[-16,-31],[-17,11],[-25,50],[-23,-10],[-31,-42],[-24,6],[-37,38],[-32,10],[-57,33],[-31,46],[-79,27],[-40,1],[-97,-15],[-27,-20],[1,49],[-15,40],[21,51],[51,154],[22,26],[37,155],[4,41],[-14,42],[2,87],[22,117],[-4,37],[27,63],[13,11],[39,76],[-11,31],[27,88],[-2,43],[17,27],[48,134],[6,78],[-21,39],[-11,62],[-18,48],[-7,44],[-33,63],[-16,5],[-53,50],[-15,23],[-47,6],[-27,78],[-23,19],[-38,8],[-39,29],[-36,69],[-111,142],[-37,96],[-158,248],[-34,-23],[-33,3],[-82,66],[-11,37],[-72,32],[-38,28],[-28,146],[-51,86],[-43,51],[-40,87],[-21,8],[-20,37],[-4,45],[-27,59],[-18,15],[-20,46],[-10,76],[-36,103],[-23,134],[-13,53],[-22,20]],[[31524,448],[-34,-4],[2,52],[24,26],[34,-26],[-26,-48]],[[31423,402],[-50,4],[3,56],[29,18],[25,-15],[-7,-63]],[[31314,122],[4,-32],[-83,20],[3,54],[50,63],[26,-105]],[[31197,196],[-4,75],[28,-10],[4,-39],[-28,-26]],[[31172,699],[109,-1],[56,-30],[36,-79],[-12,-92],[-39,-77],[-47,11],[-4,51],[-29,36],[-26,-18],[-12,-53],[-60,20],[-1,43],[-52,-40],[-21,18],[-17,161],[-30,-4],[-6,51],[37,11],[118,-8]],[[31429,617],[4,-58],[-64,69],[8,18],[52,-29]],[[29668,1268],[-22,-5],[-53,42],[21,35],[58,-24],[-4,-48]],[[30644,472],[-45,18],[-46,57],[21,37],[39,18],[119,28],[47,19],[101,4],[26,25],[63,12],[47,-52],[1,-47],[-85,-62],[73,-22],[29,-28],[17,-45],[-54,-31],[69,-48],[-2,-49],[34,-83],[22,-8],[-3,-57],[-34,-32],[-34,69],[-8,62],[-30,38],[-31,-17],[-19,25],[-53,1],[-33,-30],[-33,60],[51,29],[-36,32],[14,77],[-47,-25],[-65,31],[-34,-46],[24,-55],[1,-44],[43,-10],[-7,-50],[-43,16],[-29,-8],[-18,63],[-33,56],[-25,17],[6,55]],[[29884,1071],[-34,41],[31,27],[36,-23],[-33,-45]],[[30412,1232],[13,21],[49,-30],[21,-33],[-27,-26],[-43,27],[-13,41]],[[30414,661],[5,-52],[56,9],[7,-59],[-33,-42],[-41,-28],[-6,64],[-41,-4],[-66,36],[-20,24],[-2,56],[39,21],[47,-23],[56,44],[-1,-46]],[[30248,733],[28,11],[25,-50],[-43,-20],[-37,34],[-36,-33],[-34,50],[15,41],[82,-33]],[[30387,710],[-25,37],[50,17],[28,-37],[-53,-17]],[[30578,655],[-2,62],[66,18],[87,-28],[57,-37],[-93,-38],[-112,-22],[-3,45]],[[30206,1306],[47,9],[20,-24],[8,-125],[-35,-81],[-64,50],[-42,113],[-13,-72],[-33,15],[-10,56],[17,36],[-7,83],[11,30],[42,5],[49,-37],[10,-58]],[[29910,1175],[-48,8],[-4,32],[49,96],[35,-55],[-32,-81]],[[19605,20642],[0,67],[15,29],[41,-28],[-56,-68]],[[29263,8831],[-44,-19],[-13,61],[25,21],[27,-25],[5,-38]],[[29476,10121],[3,-55],[48,61],[36,6],[19,-26],[-6,-94],[21,-65],[-11,-65],[26,-27],[1,-84],[-51,-10],[-30,-41],[-2,-61],[21,-34],[-30,-24],[-27,21],[3,-66],[52,-100],[34,-40],[2,-54],[-33,-5],[-11,-38],[41,-107],[-3,-33],[-62,10],[-8,-68],[20,-51],[-6,-64],[-42,-20],[-17,28],[-62,14],[-36,20],[-35,48],[20,98],[27,61],[17,99],[9,172],[-7,88],[-12,17],[11,192],[27,66],[18,165],[-14,58],[9,43],[33,-6],[7,-29]],[[29606,9617],[-56,51],[-9,48],[33,-1],[32,-98]],[[29619,7981],[-21,63],[-5,46],[12,33],[40,14],[5,77],[11,42],[63,33],[35,-51],[27,-22],[14,-51],[-43,-143],[-27,-33],[-26,-61],[-37,-44],[-24,-4],[-33,69],[9,32]],[[29495,8314],[-40,10],[-3,29],[45,6],[-2,-45]],[[29550,8478],[-9,-20],[-29,104],[14,36],[20,-51],[4,-69]],[[29489,8420],[-41,7],[11,54],[20,-15],[10,-46]],[[29304,8052],[-35,0],[13,57],[32,-14],[-10,-43]],[[29232,8063],[-15,19],[-2,62],[25,-6],[-8,-75]],[[29439,8154],[-32,27],[1,51],[36,-10],[13,-63],[-18,-5]],[[29391,8151],[-41,-12],[-7,33],[48,25],[0,-46]],[[29333,8158],[-31,14],[-1,64],[56,33],[26,-53],[-53,-31],[3,-27]],[[29441,8346],[-22,2],[-9,63],[19,33],[29,-63],[-17,-35]],[[29463,8297],[1,-62],[-40,35],[-5,53],[44,-26]],[[29483,8724],[20,-41],[7,-49],[-71,-20],[-42,27],[6,46],[65,11],[15,26]],[[29356,5689],[-50,46],[24,50],[38,35],[104,-62],[5,-52],[-68,10],[-53,-27]],[[29353,6321],[-34,-50],[-10,63],[20,21],[24,-34]],[[29415,6281],[-34,26],[16,75],[38,-3],[16,-21],[-36,-77]],[[29130,5785],[-37,75],[35,34],[21,-71],[-19,-38]],[[29179,5833],[-26,17],[-6,47],[32,-8],[0,-56]],[[29221,7092],[-32,-54],[-47,18],[9,65],[-14,80],[11,13],[34,-28],[41,57],[22,-21],[-13,-100],[-11,-30]],[[29517,6981],[-20,0],[-35,89],[30,34],[38,-40],[-13,-83]],[[29525,7169],[6,-73],[-39,36],[14,52],[19,-15]],[[29278,7294],[-27,7],[12,100],[30,15],[-2,-76],[-13,-46]],[[29526,7229],[-27,-31],[-14,-65],[-26,28],[17,55],[42,43],[8,-30]],[[29501,7860],[-37,56],[-1,62],[26,14],[19,-87],[-7,-45]],[[29450,7846],[-64,-10],[-20,-23],[-20,35],[44,77],[64,-22],[-4,-57]],[[29350,7543],[-41,36],[2,52],[36,-30],[3,-58]],[[29476,7646],[25,-21],[-1,-40],[-58,-7],[-36,28],[-8,49],[25,29],[28,-41],[25,3]],[[29369,7682],[-10,-65],[-28,34],[1,60],[37,-29]],[[29485,7834],[37,-75],[4,-58],[-7,-71],[-28,33],[-43,-6],[-34,71],[-34,-13],[-2,66],[36,29],[71,24]],[[29454,7435],[19,-50],[-8,-55],[-36,-8],[-16,69],[14,46],[27,-2]],[[29334,7282],[-28,23],[13,40],[-2,120],[18,51],[38,-54],[13,-85],[-7,-29],[-45,-66]],[[29449,7186],[-10,-12],[-24,95],[18,35],[21,-12],[-5,-106]],[[29546,7296],[-13,-2],[-28,59],[-2,82],[22,78],[34,-13],[2,-29],[-15,-175]],[[29424,7454],[-9,39],[14,38],[64,-53],[-13,-52],[-19,22],[-37,6]],[[29147,7889],[-22,74],[18,30],[17,-49],[-13,-55]],[[29438,7938],[-40,36],[45,25],[-5,-61]],[[29357,7948],[-25,-11],[-34,75],[27,23],[32,-87]],[[29556,8042],[-44,-22],[-18,45],[-1,74],[46,12],[17,-109]],[[29542,8023],[8,-65],[-35,13],[0,39],[27,13]],[[29386,7990],[-34,-2],[-23,73],[3,38],[41,23],[71,-5],[34,-56],[-92,-71]],[[29159,4101],[66,30],[-6,-46],[-68,-62],[-42,-95],[-30,-2],[8,82],[-42,-35],[-2,67],[15,79],[31,-55],[37,-5],[-4,57],[-62,64],[20,57],[48,-20],[38,-77],[-7,-39]],[[29081,4476],[31,-110],[-42,-25],[-22,62],[-32,-50],[-13,37],[-4,91],[11,26],[52,7],[19,-38]],[[29364,4559],[-35,-54],[-10,103],[32,3],[13,-52]],[[29087,4893],[-12,-39],[-53,-92],[-37,38],[14,55],[24,15],[47,97],[17,-74]],[[29197,4867],[-12,-121],[-31,64],[-54,38],[33,92],[40,-4],[24,-69]],[[29275,5349],[3,-86],[32,-25],[-5,-36],[-34,-23],[-34,42],[-51,5],[-23,27],[-5,56],[28,69],[22,5],[25,-63],[14,28],[-24,59],[-4,50],[12,107],[20,-11],[5,-92],[25,-78],[-6,-34]],[[29294,5165],[19,-184],[-2,-90],[10,-93],[-7,-149],[-15,-80],[28,-98],[2,-45],[-14,-139],[-45,-83],[-39,-5],[-29,32],[17,38],[-28,20],[7,101],[-9,74],[9,107],[-33,19],[0,-85],[11,-35],[-14,-160],[-36,37],[-42,155],[1,93],[-21,50],[-18,-16],[-9,101],[54,41],[30,-59],[30,86],[38,-82],[25,172],[-39,77],[-26,107],[4,32],[58,71],[27,12],[56,-22]],[[29165,5141],[4,69],[45,-11],[-49,-58]],[[29088,5037],[-11,-47],[-50,-66],[-37,50],[2,82],[23,16],[51,-7],[22,-28]],[[29148,4984],[-29,-26],[-16,23],[-23,120],[45,-27],[19,-40],[4,-50]],[[29336,5300],[-31,63],[4,27],[49,-49],[-22,-41]],[[29210,5412],[-58,-51],[-40,151],[-17,92],[10,22],[51,-20],[31,-40],[32,-17],[-9,-137]],[[29088,5171],[-10,-26],[-85,-40],[-7,64],[42,-13],[42,64],[18,-49]],[[29137,5086],[-39,31],[48,102],[5,-48],[-14,-85]],[[29077,5278],[1,-31],[-48,-68],[-10,38],[-40,36],[14,103],[64,12],[15,-10],[4,-80]],[[29078,5332],[6,31],[-28,29],[-35,-21],[-17,241],[21,40],[46,15],[40,-238],[32,-118],[0,-78],[-43,-67],[-12,52],[-10,114]],[[29329,5460],[-32,-26],[-19,69],[-1,62],[20,17],[39,-68],[-7,-54]],[[29220,5750],[0,-101],[-41,-14],[-61,74],[35,15],[63,88],[4,-62]],[[30940,2335],[-2,-355],[-2,-618],[-2,-569]],[[30934,793],[0,-12]],[[30934,781],[-2,-60]],[[30932,721],[-44,-27],[-86,-16],[-175,101],[-97,-32],[-43,-4],[-21,48],[-31,-16],[-54,5],[-30,-23],[-18,68],[-37,20],[-10,69],[-56,-58],[-35,25],[9,63],[-38,17],[-25,-98],[-51,58],[-41,-31],[-36,1],[-14,62],[2,78],[21,-5],[26,-59],[42,-22],[22,123],[41,-26],[24,49],[49,-43],[60,-28],[8,88],[36,22],[54,-16],[19,-59],[84,-106],[31,20],[-88,89],[-26,92],[-75,17],[-18,25],[-11,67],[159,-129],[53,-74],[24,30],[-36,45],[38,50],[25,-34],[48,-174],[16,43],[-29,105],[14,31],[45,-50],[68,-25],[44,-58],[-16,-52],[39,-5],[-7,55],[50,33],[-78,75],[-64,43],[-17,28],[-88,44],[-51,61],[-23,115],[-10,107],[11,23],[65,63],[40,7],[111,96],[9,36],[-13,91],[-62,7],[-80,-19],[-45,-56],[-41,-31],[-69,79],[-10,100],[8,134],[38,-4],[42,24],[19,64],[-32,37],[-43,93],[56,16],[45,-78],[19,-4],[54,49],[36,88],[2,81],[53,50],[55,-138],[31,-27],[82,81],[55,-50]],[[30970,2569],[-121,22],[-58,59],[-33,0],[-59,-56],[-2,-71],[-52,-104],[-37,20],[-29,-10],[-71,-51],[-91,-86],[-87,-20],[-9,-105],[9,-82],[-38,-140],[-13,-144],[15,-127],[-10,-142],[-20,-45],[-66,-45],[-46,37],[-69,18],[-43,49],[-72,39],[-48,77],[-46,127],[8,61],[39,54],[72,-21],[9,36],[43,-15],[100,80],[41,24],[56,152],[-11,56],[-51,14],[-70,-61],[-82,-88],[-34,-91],[-24,-6],[-32,62],[-39,-21],[42,-58],[3,-32],[-61,-35],[-27,-83],[33,-95],[-29,-38],[-63,84],[-37,32],[-57,74],[-21,9],[-43,81],[99,-2],[46,-86],[23,30],[-68,100],[17,53],[-20,67],[-3,56],[67,80],[38,-36],[45,-12],[33,45],[36,75],[46,10],[31,-35],[49,-5],[67,40],[-19,53],[-26,-2],[-137,35],[-50,-6],[-30,-97],[-35,47],[0,39],[-68,-4],[-5,-48],[36,-21],[-21,-66],[-70,-89],[17,-93],[-10,-59],[-62,-30],[-32,21],[-36,54],[60,81],[-34,8],[-56,55],[91,11],[-10,84],[-34,55],[-47,-68],[-15,-41],[-23,17],[3,88],[24,48],[-19,79],[28,68],[-5,67],[-39,99],[17,14],[33,-82],[22,14],[33,-34],[23,3],[27,75],[50,29],[34,81],[17,13],[30,-35],[-1,-41],[26,-47],[19,-64],[-11,-87],[23,3],[7,82],[-51,109],[-4,62],[41,6],[17,27],[-4,94],[-10,44],[-64,110],[-50,21],[-55,74],[-35,-14],[73,-52],[75,-115],[38,-20],[1,-48],[-42,-35],[-27,45],[-45,33],[-73,86],[4,-72],[55,-28],[28,-81],[-59,-57],[-12,-111],[-46,-46],[-55,74],[-28,159],[17,-3],[43,-133],[9,5],[-60,214],[-24,-50],[-25,104],[-32,16],[-6,135],[7,41],[58,-30],[-24,143],[-33,-16],[-64,40],[-6,81],[-23,29],[-4,77],[31,40],[64,1],[15,-33],[20,90],[0,74],[36,51],[-30,69],[-19,-123],[1,-51],[-34,-52],[-27,5],[-21,41],[-32,121],[-16,125],[-50,60],[-60,100],[15,59],[40,31],[39,-5],[-6,70],[9,46],[33,-11],[27,-50],[65,-45],[-3,42],[-110,88],[-15,67],[14,45],[-6,83],[22,37],[43,25],[-10,89],[11,98],[23,16],[-11,73],[-31,-119],[-12,-138],[-19,-9],[-31,69],[-6,61],[0,273],[-15,83],[20,87],[-5,83],[54,97],[43,-51],[7,96],[-24,14],[-106,189],[-43,40],[4,54],[29,32],[49,-47],[20,-120],[26,-27],[-38,145],[5,21],[63,0],[32,-38],[53,13],[49,-77],[30,10],[-44,99],[-3,55],[23,0],[-39,93],[-62,-48],[-35,43],[-91,29],[-44,-23],[-46,27],[-8,21],[38,102],[18,16],[47,-32],[16,-83],[16,54],[58,9],[-4,58],[-29,-36],[-39,-10],[-58,108],[12,62],[28,51],[14,55],[53,4],[53,129],[-21,38],[-34,-3],[-30,83],[-6,60],[-20,15],[-78,-14],[14,-80],[-122,105],[-19,67],[-1,61],[-30,-38],[-45,-23],[-19,-41],[21,-118],[-19,-39],[-43,-6],[-40,107],[2,114],[17,47],[34,10],[35,55],[-2,25],[38,55],[49,109],[36,0],[38,74],[41,206],[85,25],[14,-31],[45,26],[12,-26],[16,-107],[22,-39],[4,-75],[19,3],[36,-74],[-12,-105],[-52,-124],[23,-31],[22,18],[24,112],[48,107],[-33,2],[20,134],[-13,75],[52,186],[-25,25],[15,166],[33,56],[50,55],[-62,10],[-2,62],[29,10],[10,29],[-27,84],[8,45],[40,1],[80,73],[49,80],[42,202],[2,68],[-37,-56],[-52,79],[0,20],[-71,48],[-27,53],[0,46],[40,66],[0,27],[33,127],[48,23],[-55,31],[1,109],[-21,100],[9,93],[47,55],[-6,83],[14,57],[19,21],[20,-25],[0,97],[-24,47],[-8,63],[1,139],[9,48],[39,16],[-46,136],[27,50],[50,16],[33,-185],[6,60],[-17,179],[8,107],[-17,7],[-27,-42],[-35,10],[-33,55],[17,64],[42,83],[21,-5],[48,32],[20,39],[7,144],[-11,-7],[-16,-152],[-48,-37],[-27,21],[-8,48],[-28,69],[-36,24],[-31,-20],[-17,-53],[13,-80],[-47,-70],[-47,14],[-29,-23],[-20,22],[-47,15],[4,55],[18,44],[-31,37],[-26,62],[3,98],[-26,120],[-11,150],[45,248],[24,81],[-10,66],[15,175],[19,45],[-6,121],[53,51],[31,13],[-1,86],[44,229],[-1,127],[-16,112],[-49,284],[-16,110],[-7,86],[6,107],[14,45],[5,108],[-23,129],[-37,108],[-5,89],[23,64],[-4,76],[-16,44],[10,107],[27,4],[30,-30],[39,12],[19,22],[17,94],[10,270],[25,-28],[16,16],[16,134],[24,135],[12,251],[53,110],[5,63],[-17,116],[37,64],[27,155],[16,47],[36,59],[8,59],[4,106],[26,105],[10,71],[4,95],[-3,70],[19,52],[-9,145],[41,152],[18,115],[35,37],[11,121],[-15,132],[-4,83],[-14,108],[52,69],[13,79],[7,98],[16,93],[0,103],[10,70],[-37,149],[9,148],[-2,150],[-14,115],[-2,64],[-27,282],[5,104],[-9,59],[-6,103],[2,183],[5,119],[9,49],[38,-3],[34,88],[13,145],[14,32],[-1,54],[-13,63],[1,141],[8,95],[-9,68],[-39,73],[1,83],[-9,95],[2,76],[57,143],[4,81],[33,150],[7,279],[16,127],[20,78],[26,38],[6,98],[-20,222],[6,37],[22,20],[22,80],[-11,88],[34,194],[6,116],[12,97],[-8,72],[2,82],[8,32],[-5,77],[-23,86],[14,109],[13,70],[51,145],[5,117],[-19,82],[1,96],[-9,42],[-15,130],[10,229],[-1,50],[15,160],[-7,68],[7,164],[15,40],[15,89],[-6,75],[-21,36],[-14,-46],[-24,10],[7,87],[7,224],[19,38],[8,-49],[17,7],[22,49],[14,85],[-7,69],[8,104],[16,348],[10,99],[11,182],[-2,71],[18,65],[10,113],[-10,65],[7,24],[-16,141],[-12,67],[9,63],[-6,58],[-15,31],[11,293],[10,85],[-7,45],[9,96],[1,76],[-14,238],[-19,198],[-12,55],[4,109],[-19,224],[-3,141],[11,141],[-27,68]],[[31338,23790],[50,-130],[-10,-70]],[[31378,23590],[58,-10],[25,-45],[1,-44],[17,-58],[47,-82],[12,-45],[-4,-45],[-76,-388],[-2,-70],[24,-189],[-4,-162],[-38,-171],[-29,-102],[-17,-108],[-3,-425],[-8,-51],[-42,-79],[-17,-69],[-2,-107],[-10,-160],[-16,-83],[-16,-19],[-34,-5],[-126,4],[-63,-5],[-75,-42]],[[30980,21030],[51,-183],[-10,-80],[-24,-31],[-66,-52],[-13,21],[-31,-6],[-20,-88],[-7,-89],[-40,-171],[-18,-94],[-12,-122],[-11,-49],[-28,-19],[-15,-93],[-51,-135],[-34,-63],[-4,-125],[-21,-68],[6,-92],[-18,-158],[0,-39],[-14,-44],[-17,-5],[-36,-109],[-1,-44],[19,-132],[-1,-86],[15,-44],[2,-145],[-5,-59],[27,-104],[-1,-33],[-30,-131],[-31,-16],[-23,-32],[-38,-172],[-13,-105],[-4,-77],[10,-71],[-18,-45],[-25,-2],[-19,-46],[-11,-117],[-8,-174],[36,-193],[8,-26],[35,-10],[18,-41],[-7,-74],[-24,-32],[10,-142],[19,-19],[28,-141],[-7,-88],[7,-94],[28,-68],[14,-16],[-8,-53],[-21,-74],[1,-91],[26,-86],[20,41],[35,-27],[8,-78],[-27,-121],[-9,-160],[24,-329],[-20,-31],[-45,-9],[2,-79],[-29,-94],[-23,-94],[-36,-244],[-1,-103],[-24,-39],[-25,-8],[-3,-63],[36,-48],[7,-109],[-6,-86],[21,-127],[-19,-59],[4,-131],[-20,-64],[-33,0],[-33,-76],[0,-104],[-68,-52],[-23,2],[-42,-260],[20,-193],[-10,-88],[-13,-47],[24,-113],[-4,-93],[-14,-28],[-1,-50],[15,-102],[35,-167],[-4,-113],[11,-135],[41,-101],[-10,-97],[-24,-42],[-42,-12],[-73,-89],[-16,-51],[9,-202],[-29,-258],[-30,-16],[-19,40],[-11,-43],[1,-73],[20,-161],[-10,-69],[-34,-49],[-8,-64],[43,-94],[-14,-64],[-18,11],[-16,-89],[-6,-80],[-25,-60],[27,-134],[3,-105],[-6,-131],[-10,-83],[13,-139],[-18,-74],[36,-150],[17,-168],[-51,-59],[-15,34],[-21,-14],[-26,-98],[24,-60],[-26,-160],[4,-61]],[[29965,9507],[-14,-76],[-44,-408],[-7,-120],[7,-70],[20,-69],[23,-172],[-10,-180],[-22,-167],[-14,-294],[2,-391],[-51,-187],[-73,-249],[-43,-172],[-63,-207],[-19,-109],[-13,-321],[11,-144],[-5,-111],[4,-89],[17,-98],[-3,-128],[-37,-355],[6,-170],[20,-106],[-6,-207],[22,-109]],[[29673,4798],[11,-59],[-91,-6],[-33,-165],[19,-46],[19,-134],[-23,-44],[-7,-63],[23,-44],[-15,-62],[1,-44],[48,-63],[23,-86],[10,-174],[15,-102],[34,-16],[36,59],[44,42],[26,-31],[24,3],[26,41],[34,-8],[21,-28],[-12,-56],[26,-89],[-6,-112],[-36,-70],[5,-37],[35,-57],[-17,-52],[1,-64],[-26,-82],[31,-131],[56,-49],[36,-65],[14,-102],[346,-1],[185,1],[149,-106],[63,0],[67,-45],[46,-53],[89,-29]],[[29425,5376],[0,-53],[-48,65],[19,22],[29,-34]],[[29382,5368],[-12,-27],[-62,77],[36,51],[38,-101]],[[29668,8537],[-22,20],[3,59],[35,1],[-4,-77],[-12,-3]],[[30970,2569],[18,-42]],[[30988,2527],[-18,42]],[[29592,1739],[19,-44],[-25,-28],[-43,38],[22,92],[45,-12],[-18,-46]],[[29606,1674],[21,-18],[-16,59],[6,30],[76,-33],[-19,64],[27,14],[46,-19],[10,-79],[24,41],[32,-88],[23,29],[29,-6],[32,-87],[37,-27],[26,-53],[-29,-51],[-47,-16],[0,-51],[26,-19],[-59,-77],[-25,26],[-55,-51],[-48,26],[61,60],[13,123],[-20,17],[-34,-38],[-25,3],[-33,-101],[-25,18],[-25,109],[15,19],[3,69],[-37,-3],[-30,-25],[-1,61],[-28,1],[3,60],[25,-7],[21,20]],[[29497,1659],[-18,33],[10,61],[42,-47],[-34,-47]],[[29344,2117],[31,-11],[33,20],[29,-18],[86,-84],[31,7],[17,-65],[32,8],[37,-83],[55,-61],[-40,-15],[-69,28],[-5,28],[-90,128],[-17,34],[-49,-31],[-65,4],[-34,89],[-46,39],[6,51],[-49,69],[29,14],[55,-90],[23,-61]],[[29498,2297],[-32,-21],[-41,71],[5,45],[62,99],[30,8],[13,-43],[-16,-90],[-21,-69]],[[30086,1361],[10,-65],[-22,-52],[-3,-56],[-26,-70],[-29,7],[-2,54],[-70,112],[-15,117],[54,-23],[32,83],[80,-50],[-9,-57]],[[30411,1219],[-51,12],[-49,94],[-4,125],[55,63],[-4,65],[65,94],[-4,-111],[13,-100],[26,-111],[-64,-22],[17,-109]],[[30461,1330],[15,-32],[-20,-50],[-36,68],[41,14]],[[29717,2763],[-28,14],[18,72],[45,9],[-35,-95]],[[29257,3613],[-29,-13],[-42,27],[-7,83],[39,49],[19,-28],[23,-87],[-3,-31]],[[29169,3654],[-25,19],[-9,49],[11,45],[26,-16],[-3,-97]],[[29140,3873],[-28,-67],[-23,-9],[3,-99],[-15,-31],[-36,19],[-16,82],[39,48],[-26,61],[20,27],[82,-31]],[[29328,3472],[-20,47],[-63,-81],[-47,36],[-21,65],[10,61],[65,-25],[21,19],[-2,81],[37,2],[24,-41],[9,-135],[-13,-29]],[[29413,3197],[-36,29],[-5,77],[23,10],[17,-70],[1,-46]],[[29295,3318],[-2,-60],[-26,-32],[-23,45],[-19,-65],[-47,81],[46,81],[50,12],[21,-62]],[[29511,3286],[-29,-27],[-13,45],[20,34],[22,-52]],[[29448,3350],[9,-68],[-41,-24],[0,94],[32,-2]],[[29391,3376],[-25,-14],[-16,136],[13,53],[28,-175]],[[29332,3440],[-4,-70],[-42,32],[-9,62],[30,36],[25,-60]],[[29256,2746],[-6,37],[43,69],[12,-56],[-49,-50]],[[29229,2736],[-34,-21],[29,160],[15,45],[38,-14],[-48,-170]],[[29227,2927],[-29,-161],[-28,-37],[-20,91],[35,76],[28,15],[-8,86],[-20,52],[40,-1],[2,-121]],[[29146,2874],[-12,4],[12,104],[30,6],[-11,-83],[-19,-31]],[[29405,2837],[-25,2],[-55,69],[-21,98],[36,-20],[79,-102],[-14,-47]],[[29509,2961],[-24,-22],[-25,83],[27,5],[22,-66]],[[29428,3123],[37,-157],[-36,-20],[-40,48],[39,129]],[[29166,3230],[-21,-5],[-17,-62],[-4,-60],[-40,-40],[-5,66],[23,51],[3,104],[23,43],[37,-50],[1,-47]],[[29244,2574],[-28,60],[56,13],[-28,-73]],[[29418,2680],[79,-60],[17,-83],[-24,-22],[-22,66],[-24,32],[-26,67]],[[29445,2601],[17,-39],[-47,-48],[-34,50],[-1,60],[24,33],[-75,41],[30,41],[31,-38],[55,-100]],[[29531,2646],[-11,-5],[-41,89],[-66,70],[23,59],[73,-112],[22,-101]],[[29288,3933],[55,-49],[51,-200],[-38,-26],[-54,50],[-17,81],[41,70],[-66,37],[28,37]],[[29246,3884],[-19,0],[7,72],[41,18],[14,-28],[-43,-62]],[[31378,23590],[-31,-210],[-52,-453],[-255,-272],[-18,-70],[-20,-5],[-32,-120],[-17,-80],[5,-63],[14,-19],[40,-162],[-38,-33],[-22,-129],[-7,-109],[27,-159],[28,-317],[-41,-88],[-9,-50],[-1,-111],[31,-110]],[[29965,9507],[6,-129],[-9,-108],[16,-60],[22,-24],[45,-8],[27,-31],[2,-74],[-45,-33],[-11,-92],[65,-107],[-1,-63],[-29,-53],[44,-110],[-2,-29],[-34,-92],[-11,-56],[7,-39],[4,-138],[105,5],[57,-21],[24,-76],[-22,-40],[-12,-52],[2,-60],[-32,-41],[-50,43],[-37,-28],[-33,20],[-19,-27],[-57,28],[-10,-24],[4,-82],[91,-26],[44,-27],[23,-72],[47,-112],[9,-54],[-47,-124],[-79,-58],[-12,-123],[11,-86],[29,-25],[13,-67],[-45,-101],[-38,-23],[37,-52],[8,-36],[4,-114],[15,-78],[-4,-118],[-36,-60],[-34,-22],[-11,-157],[32,-75],[-6,-67],[-37,-32],[-39,-97],[-43,-10],[-5,-122],[-27,-91],[-30,-139],[16,-53],[43,-65],[9,-193],[-80,-79],[-7,-27],[12,-113],[2,-90],[-9,-34],[-54,-82],[-56,-29],[-27,-64],[-27,-111]],[[32272,839],[-14,-43],[-39,4],[-70,-40],[-18,33],[-27,-37],[-60,-44],[-28,68],[40,5],[72,52],[47,-11],[71,21],[26,-8]],[[30934,781],[-2,-60]],[[30940,2335],[45,-121],[34,-57],[20,-73],[-37,-14],[-42,-81],[0,-74],[31,-46],[76,-4],[16,-51],[16,-110],[20,-62],[107,-160],[6,-63],[57,-79],[101,-113],[86,-82],[38,-81],[85,-90],[121,-87],[37,-11],[95,27],[53,-13],[-27,-115],[-29,-79],[-40,15],[-32,-21],[-46,26],[-47,-2],[-20,-40],[-49,-25],[-53,2],[-21,-47],[-56,19],[-47,61],[-55,24],[-130,21],[-63,-7],[-79,19],[-68,32],[-23,-19],[-52,-9],[-34,48]],[[34005,18490],[-14,-35],[-10,-84],[-56,-104],[-6,-72],[21,-83],[5,-122],[-34,-278],[-24,-106],[-17,-23],[15,-53],[9,-69],[-17,-122],[-34,-38],[-10,-38],[15,-71],[-10,-118],[22,-70],[0,-51],[-27,-89]],[[33833,16864],[-7,-88],[21,-268],[1,-73],[-21,-36],[-50,10],[-7,-11],[0,-119],[-22,-106],[-12,-181],[5,-79],[18,-56],[7,-95],[16,-50],[2,-97],[-34,-102],[8,-153],[28,-34],[12,-51],[45,-64],[43,-32],[59,-63],[83,-121],[45,-78],[41,-119],[18,-74],[-2,-33],[-28,-86],[-40,-138],[0,-131],[18,-95],[25,-74],[32,-63],[48,-60],[45,46],[20,-75],[8,-124],[3,-210],[-5,-36],[-40,-114],[-73,-267],[-28,-77],[-40,-81],[-43,-113],[-16,-115],[2,-69],[-12,-38],[-72,-111],[-98,-111],[-31,-27],[-129,-83],[-74,-65],[-65,-25],[-113,-57],[-33,-23],[-33,-6],[-155,-60],[-99,-32],[-94,-19],[-63,13],[-42,-23],[-77,19],[-57,31],[-25,57],[-26,34],[-40,19],[-9,-49],[29,-70],[-16,-88],[-4,-64],[6,-67],[45,-19],[40,-57],[-9,-33],[-38,74],[-23,-21],[57,-122],[-13,-237],[-40,-6],[-13,-34],[-9,-87],[1,-80],[-9,-61],[-33,-67],[18,-112],[49,-103],[6,-43],[-27,-147],[-112,-130],[-13,0],[-63,-57],[-40,-25],[-185,1],[-51,76],[-43,24],[-42,44],[-118,91],[-15,73],[-30,16],[-27,-11],[-41,-86],[-14,-106],[4,-72],[28,-251],[20,-56],[-9,-88],[9,-92],[-22,-114],[-1,-40],[17,-79],[38,-70],[76,-49],[39,-6],[-38,-102],[41,-28],[88,7],[25,42],[-10,80],[-59,4],[78,69],[39,45],[39,2],[17,-84],[24,-83],[2,-203],[-14,-108],[-15,-37],[-106,-50],[-20,9],[-31,71],[14,93],[-33,68],[-38,31],[-46,-8],[-32,-29],[-29,-55],[-32,-18],[-18,-60],[8,-36],[51,-34],[59,-72],[83,-36],[-27,-39],[-55,-51],[-50,-24],[-44,-62],[-29,-54],[-28,-107],[-54,-145],[3,-119],[16,-103],[14,9],[-5,-111],[-18,-14],[-5,-55],[17,-76],[-39,-150],[-58,-68],[-25,-69],[-7,-84],[49,-46],[-21,-92],[-21,-16],[-43,41],[-94,16],[-93,-87],[-14,-52],[-33,-30],[-47,-10],[-38,-50],[-53,-176],[-32,-50],[-23,-143],[-44,-96],[-22,-103],[0,-76],[23,-176],[55,-146],[66,-96],[78,-166],[30,-38],[57,-3],[43,-23],[69,-10],[31,18],[27,-25],[33,-67],[12,-98],[-7,-148],[-41,-196],[32,-89],[-11,-29],[-39,8],[1,-94],[-28,-5],[-60,-104],[-51,-111],[-62,-41],[-38,-82],[-66,-44],[-17,-28],[-33,-110],[-45,-51],[-50,-106],[-15,-56],[7,-38],[-49,-114],[19,-35],[20,85],[12,-3],[-23,-186],[-13,-168],[-14,-106],[-31,-59],[-45,-63],[-39,-30],[-49,-13],[-5,-34],[-118,-90],[-38,-71],[-31,-85],[-21,-159],[2,-84],[-15,-77],[13,-57],[3,-80],[50,-275],[-35,-26],[43,-90],[37,-142],[29,-89],[69,-160],[15,-59],[-16,-37]],[[32813,11979],[-53,52],[-7,55],[55,-36],[5,-71]],[[35167,15929],[-18,-49],[-10,-63],[-10,-114],[-45,-91],[-22,-110],[-18,-56],[-39,-57],[-37,-79],[-7,-40],[-27,-7],[-2,65],[-19,15],[9,-92],[-70,-83],[-83,-84],[-34,-15],[-39,42],[-43,-16],[-35,72],[-89,24],[-60,-39],[-26,-39],[-43,-32],[-44,12],[-30,51],[16,32],[-59,23],[-69,53],[-19,24],[-60,138],[-20,12],[-102,3],[-79,-35],[-21,91],[-47,126],[-36,49],[-29,98],[-25,43],[-7,66],[-2,202],[15,62],[-9,43],[19,98],[-4,101],[44,8],[32,47],[12,87],[-4,45],[-17,38],[-9,159],[-13,107]],[[47985,79825],[44,-24],[21,24],[14,62],[66,17],[60,38],[102,-9],[31,-47],[0,-70],[68,-148],[28,-31],[0,-37],[-56,-61],[88,3],[40,-137],[-8,-73],[-15,-13],[-15,113],[-22,-23],[21,-86],[3,-62],[-28,-40],[-24,12],[-35,-27],[-7,-81],[-40,-47],[-63,49]],[[48258,79127],[45,-77],[-14,-15],[-55,28],[-7,-70],[35,-58],[1,-79],[10,-63],[37,-52],[-20,-129],[-18,-30],[30,-65],[21,-102],[6,-119],[-29,-82],[-8,-67],[-19,-53],[2,-87],[-43,-108],[-38,-28],[48,-79],[-10,-48],[-72,11],[-46,17],[-12,-33],[-47,-23],[-44,8],[-58,-11],[-59,-25],[-2,-77],[-37,-39],[-37,4],[-10,-39],[-78,-70],[-11,66],[-36,-10],[12,-79],[-13,-28],[-50,-41],[-48,-66],[-116,-18],[-32,-47],[-40,-9],[-23,44],[-51,-16],[8,96],[17,55],[-134,-90],[16,98],[73,91],[-109,-75],[-40,63],[-25,-41],[-10,69],[32,80],[75,43],[52,53],[-24,20],[-83,-32],[-40,5],[-32,-15],[-5,63],[72,72],[71,-36],[31,40],[-1,67],[61,137],[111,11],[112,58],[-36,42],[-22,5],[-41,-82],[-85,0],[-20,15],[-72,-32],[91,149],[22,62],[-18,34],[53,148],[35,-23],[48,37],[11,76],[-155,-30],[-30,7],[13,107],[-25,3],[-37,-66],[-34,18],[-16,38],[-59,27],[-5,99],[44,39],[44,7],[-13,58],[6,50],[81,13],[12,82],[-56,1],[-37,-26],[-2,66],[33,-3],[-40,83],[-4,86],[-45,35],[30,52],[33,-30],[23,54],[59,-16],[70,3],[35,-31],[17,-69],[27,76],[120,-19],[40,12],[-11,36],[-39,25],[74,76],[29,7],[32,84],[-5,31],[-110,-17],[-57,35],[-2,27],[35,46],[84,52],[15,30],[-40,88],[39,81],[82,52],[34,-3],[74,63],[30,-106],[-31,-57],[19,-21],[34,33],[-2,55],[-26,56],[10,47],[33,11],[42,45],[80,-101],[-57,-48],[-26,-54]],[[47233,78966],[-54,60],[24,45],[27,-1],[13,-52],[-10,-52]],[[49655,76597],[-12,-3],[-67,84],[62,54],[52,-25],[15,-35],[-30,-62],[-20,-13]],[[48583,80091],[-37,-6],[-30,32],[-17,92],[7,50],[23,31],[37,-28],[21,-88],[-4,-83]],[[48588,80405],[21,-74],[-32,4],[-22,69],[33,1]],[[48312,80334],[12,-74],[-67,-74],[-13,32],[19,110],[-25,6],[-30,-70],[-16,0],[17,123],[38,9],[52,45],[13,-107]],[[48348,80372],[-35,-15],[-3,65],[33,91],[43,60],[17,-36],[-55,-165]],[[48391,80861],[39,-47],[-16,-64],[-38,-34],[-13,29],[-35,-32],[-69,-33],[-28,38],[46,51],[22,66],[-58,49],[3,43],[51,37],[20,-12],[25,-64],[51,-27]],[[49189,82460],[-32,63],[43,1],[-11,-64]],[[49116,82493],[-32,-1],[-38,71],[25,37],[31,-30],[14,-77]],[[49224,82617],[-9,-52],[-40,43],[-62,-20],[-43,39],[-1,103],[42,28],[34,-19],[36,-88],[43,-34]],[[49772,83867],[-40,-3],[7,79],[16,35],[34,-20],[-17,-91]],[[49694,83570],[-27,-15],[19,-78],[-23,-32],[-15,-177],[-30,30],[31,165],[-8,82],[-45,-64],[-19,35],[-38,20],[-1,52],[52,10],[43,30],[-35,75],[-41,34],[50,70],[32,20],[3,-117],[69,-20],[-17,-120]],[[49715,83731],[-41,20],[-2,73],[21,71],[30,-4],[4,-49],[-12,-111]],[[49200,80818],[19,-10],[2,-65],[46,-23],[15,-28],[-27,-44],[-41,-22],[-41,8],[-49,-76],[-70,-56],[-47,30],[-25,-33],[113,-26],[56,-20],[33,19],[41,66],[44,-5],[103,-98],[50,-37],[28,-81],[45,-87],[50,-37],[15,-71],[-4,-70],[32,-216],[28,-79],[21,-147],[39,-88],[167,-122],[39,-106],[11,-55],[34,-58],[50,-44],[-26,-23],[-10,-53],[23,-104],[71,-157],[-58,-16],[30,-82],[39,-35],[19,-44],[29,-119],[-2,-105],[-36,-43],[-48,-80],[34,-37],[24,-50],[39,-11],[31,110],[49,30],[60,-7],[111,-28],[19,-12],[83,-103],[26,-106],[1,-118],[-46,-270],[-70,-109],[-15,41],[-31,27],[33,-123],[-28,-45],[-39,-13],[-17,39],[-78,-77],[17,-20],[52,25],[1,-84],[-69,-101],[-40,-45],[97,-47],[42,20],[90,14],[12,-41],[-5,-100],[-13,-43],[-73,-42],[-32,-48],[-3,-49],[-53,-3],[-34,-47],[-86,-44],[-36,-49],[-105,58],[-27,4],[-90,-22],[-47,-22],[-12,-28],[-33,34],[-5,48],[-47,4],[-12,-47],[-53,8],[-73,-49],[-25,11],[-70,-19],[-8,-83],[-25,-8],[-40,29],[-54,11],[-20,-34],[-85,82],[-44,17],[-14,-18],[-76,-25],[-44,-40],[-23,-50],[-44,-227],[-43,-11],[-38,70],[-31,-11],[-33,57],[-57,-10],[-36,-30],[-70,-8],[-27,-57],[-53,-43],[-10,-107],[-48,-13],[-21,62],[-38,24],[-25,-51],[-43,5],[6,68],[57,44],[16,-17],[77,109],[29,60],[9,83],[65,36],[11,54],[50,78],[12,171],[60,-7],[26,49],[-5,83],[31,18],[90,19],[62,-6],[74,-36],[76,18],[19,122],[85,136],[-17,12],[-37,-26],[-32,-2],[-43,-39],[-17,-65],[-64,-13],[-37,13],[-58,95],[-24,65],[-35,-8],[-68,-54],[-23,53],[9,50],[-49,43],[-58,-7],[-18,-56],[-43,-7],[-21,-33],[-29,18],[11,61],[-51,4],[24,50],[-8,56],[-30,43],[39,32],[6,25],[69,15],[30,70],[62,17],[74,80],[25,52],[23,119],[-19,85],[21,81],[-27,60],[4,82],[-78,-21],[-34,-66],[-53,-9],[-5,23],[35,69],[32,27],[40,59],[9,60],[37,68],[17,17],[19,-2],[59,41],[73,-1],[73,46],[68,-56],[-29,82],[34,19],[-11,108],[35,97],[-22,70],[3,88],[32,26],[27,97],[6,99],[-33,-50],[-61,-51],[-20,12],[-44,105],[-14,74],[-56,119],[18,93],[51,171],[27,42],[-20,24],[-58,14],[-15,-82],[-52,-20],[-41,-60],[-49,6],[-60,61],[1,-111],[-43,-3],[-27,57],[-70,64],[-30,-52],[-42,22],[-18,51],[0,70],[34,39],[13,63],[39,62],[8,69],[24,66],[31,23],[7,34],[-20,77],[-62,71],[8,173],[-39,-49],[-43,44],[-34,-57],[-12,37],[9,75],[-34,1],[14,-185],[-29,-77],[-20,-164],[10,-41],[-21,-38],[-53,-1],[-1,64],[20,37],[5,104],[25,123],[-17,33],[-2,136],[44,122],[-21,-3],[0,70],[20,88],[26,34],[16,95],[3,74],[-65,-101],[-27,-7],[-55,31],[-33,53],[-50,37],[-1,50],[63,22],[28,-27],[41,70],[-7,39],[-49,-5],[40,139],[36,58],[0,53],[28,12],[-8,58],[-68,22],[-14,80],[16,119],[-1,130],[57,75],[43,-47],[33,45],[40,21],[-57,58],[32,33],[-3,52],[-28,76],[53,-3],[22,26],[-13,51],[17,108],[30,84],[64,-16],[48,-52],[89,2],[138,25],[34,37],[81,-17],[4,47],[93,-13],[-11,-138],[-41,-104],[-43,-22],[-42,-81],[-135,-153],[-5,-60],[-37,-30],[92,-15],[-36,-65],[-42,7],[14,-58],[-36,-58],[38,-5],[80,50],[44,8],[28,45],[43,18],[83,-44],[39,32],[108,-26],[90,-2],[31,22],[42,-18],[28,-69],[14,-86],[-52,-91],[-26,-82],[-11,-106],[-27,-69],[-1,-52],[-35,-76],[-44,-59],[-3,-72],[-64,-90],[-100,-29],[-31,-64],[87,65]],[[50207,77180],[2,36],[40,-17],[-1,-45],[-41,26]],[[48798,78440],[-21,-14],[-46,106],[1,87],[39,22],[41,-22],[15,-52],[47,-13],[-12,-38],[-34,-36],[-30,-40]],[[48250,81168],[-42,48],[17,30],[37,-12],[-12,-66]],[[47934,81173],[-33,10],[31,70],[18,-54],[-16,-26]],[[47992,81455],[-17,-10],[8,-122],[-35,-29],[-9,52],[0,145],[41,-9],[12,-27]],[[48426,81361],[-75,-121],[-27,11],[-13,52],[-27,33],[-39,-9],[-46,104],[-60,44],[-24,61],[41,113],[48,-70],[25,11],[-11,86],[30,31],[45,-83],[5,-191],[67,-47],[38,26],[23,-51]],[[47988,81503],[-39,14],[8,48],[42,-21],[-11,-41]],[[48036,81671],[-23,-89],[-108,56],[17,44],[57,5],[22,21],[35,-37]],[[48276,82189],[-33,-67],[-2,-58],[-19,-57],[12,-52],[-33,-62],[-52,-45],[-20,-41],[-66,-71],[-26,68],[65,58],[-13,22],[-65,38],[16,25],[-20,78],[25,77],[64,-28],[2,76],[69,44],[72,90],[35,-47],[-11,-48]],[[48258,79127],[-21,11],[-28,-41],[-47,-12],[-72,216],[-28,43],[-23,6],[-29,-53],[5,-80],[-49,-81],[-66,10],[-39,55],[-44,11],[-5,48],[-52,61],[-30,68],[94,65],[-6,57],[-20,48],[25,24],[27,-17],[51,38],[27,68],[36,135],[21,18]],[[52002,78510],[1,-168],[-9,-54],[-30,-85],[-11,-131],[-74,13],[-20,-72],[18,-65],[54,-17],[30,-33],[-4,-110],[-39,-47],[-14,-38],[-27,-4],[-8,-57],[26,-47],[-14,-36],[-51,-18],[-35,-30],[-31,-4],[-47,34],[-59,-63],[-5,-43],[21,-30],[18,-72],[31,-67],[5,-108],[-40,-87],[5,-74],[-26,-40],[-38,-28],[10,-51],[34,3],[16,-45],[-18,-53],[-2,-61]],[[51669,76722],[-87,2],[-13,83],[30,61],[25,139],[-26,27],[-52,22],[-16,53],[-29,-21],[-46,-2],[-27,41],[-29,120],[-27,-61],[-24,9],[-3,44],[-22,17],[-33,-55],[-69,21],[4,-67],[-44,12]],[[51181,77167],[-14,21],[-77,18],[-28,-29],[-80,48],[-26,53],[35,48],[74,7],[59,-70],[15,-44],[40,-8],[5,52],[-50,16],[-24,42],[33,42],[3,42],[-30,62],[12,49],[-12,85],[35,15],[61,126],[21,56],[37,145],[75,-32],[30,-26],[95,-53],[36,-37],[29,12],[28,65],[39,35],[30,76],[-6,70],[-51,0],[-20,37],[-1,65],[19,54],[-70,21],[2,75],[-14,81],[-75,-88],[-2,-44],[29,-94],[30,-37],[-46,-58],[-30,0],[16,-81],[0,-56],[-18,-41],[-123,72],[20,198],[24,147],[36,-41],[49,28],[71,97],[24,18],[21,94],[38,52],[81,59],[56,20],[57,-6],[111,43],[47,-25],[10,-55],[53,-68],[32,-10]],[[51500,77810],[-34,41],[-36,12],[-4,28],[88,92],[7,28],[46,38],[53,-26],[5,-56],[-17,-44],[-68,-57],[-4,-46],[-36,-10]],[[51177,77149],[-20,-38],[-60,-60],[-44,12],[-1,23],[-53,30],[-44,-43],[-15,20],[-4,73]],[[50936,77166],[44,27],[57,-44],[36,-8],[27,22],[70,0],[7,-14]],[[51140,77367],[-37,-28],[-59,43],[6,52],[51,-9],[39,-58]],[[51329,78335],[-22,30],[43,104],[13,-69],[-34,-65]],[[51446,78587],[4,33],[91,40],[5,-13],[-100,-60]],[[51669,76722],[71,-103],[0,-83],[29,-38],[5,-89],[-62,-70],[-11,-70]],[[51701,76269],[-42,31],[-24,-52],[-15,-80],[-15,-21],[-13,-88],[39,-87],[7,-53],[-27,-70]],[[51611,75849],[-47,-5],[-30,-19],[-25,67],[-123,144],[-34,-1],[-13,137],[18,102],[-17,24],[-37,-60],[-4,-61],[-61,-43],[-39,22],[-29,-8],[-19,37],[14,163],[-9,33],[-35,53],[-41,-12],[-59,40],[-18,70],[-26,19],[-41,-17],[-26,32],[-10,89],[-23,87],[-55,-20],[-17,-39],[-69,82],[-15,78],[-14,120]],[[50707,76963],[155,160],[74,43]],[[51177,77149],[4,18]],[[51701,76269],[-3,-49],[17,-78],[21,-49],[50,-53],[26,-1],[-5,-73],[-24,-29],[-18,-101],[2,-47]],[[51767,75789],[-34,34],[-22,-2],[-19,-37],[-32,-3],[-49,68]],[[52640,70834],[7,-19],[9,-196],[-3,-112],[-35,-103],[-8,-76],[0,-122],[-21,-70],[-22,-108],[-7,-61],[-28,47],[-49,41],[-42,49],[-1,40],[36,52],[-53,32],[-5,21],[23,68],[-2,52],[-43,-14],[9,73],[23,30],[-37,60],[-11,64],[32,34],[-30,82],[39,135],[94,81],[17,33],[38,-7],[24,13],[-8,66],[10,123],[31,-9],[8,-130],[-11,-89],[16,-80]],[[49149,74245],[-49,2],[-2,54],[51,-56]],[[51611,75849],[-13,-25],[20,-79],[12,-114],[2,-120],[17,-32],[45,-38],[54,-68],[61,-28],[44,-127],[17,-33],[53,-12],[23,-24],[39,-11],[-7,-67],[-17,-37],[-33,-123],[-25,-71],[-6,-49],[-31,-59],[-2,-59],[45,-90],[55,-58],[4,-55],[22,-36],[-5,-56]],[[51985,74378],[-44,-1],[-30,-96],[33,1],[-8,-53],[-35,-89],[-59,-121],[-29,-20],[-19,-55],[-1,-82],[-52,-71],[-39,-68],[2,-35],[-18,-81],[23,-34],[-11,-85],[-41,-39],[8,-43],[38,2],[39,80],[-12,49],[25,54],[54,39],[33,4],[46,-26],[-4,-197],[62,-113],[8,-47]],[[51954,73251],[-14,-40],[-48,-30],[-1,-76],[44,-95],[8,-52],[42,-68],[-6,-123],[-52,-57],[-48,-9],[-38,-34],[9,-58],[24,-87],[28,-35],[26,0],[25,-28],[-1,-62],[-49,-147],[7,-119],[43,-92],[88,-83],[20,-4],[54,39],[25,-70],[-13,-55],[-45,-95],[10,-67]],[[52092,71704],[-39,-23],[-66,-64],[-22,-64],[-52,-99],[-26,-8],[-44,-80],[16,-26],[-15,-65],[-31,3],[-100,-53],[-30,-10],[-29,12],[-25,-43],[-14,42],[-38,53],[-88,24],[0,77],[-14,25],[-26,-19],[-50,6],[3,31],[27,18],[23,55],[-57,43],[9,-56],[-11,-33],[-26,4],[-46,-43],[-29,-11],[-16,50],[-25,25],[-85,-2],[-19,57],[-21,17],[-40,-30],[-101,-145],[-59,-39],[-54,-91],[-17,-50],[-10,-83],[-23,-81],[21,-82],[6,-132],[23,-19],[9,-59]],[[50881,70736],[-62,32],[-63,-44],[-15,-50],[-38,-12],[-72,74],[-36,-12],[-14,-40],[-20,-8],[-32,68],[-51,49]],[[50478,70793],[4,73],[-49,28],[-32,-39]],[[50401,70855],[-24,82],[-51,-4],[-24,54],[-53,20],[-51,33],[-17,-53],[5,-66],[-66,-5],[-70,35],[-50,-35],[-35,51],[-52,59],[-22,-31],[-46,-12],[-44,76],[-11,57],[-52,-7],[-36,37],[-64,47],[-13,-25],[-25,9],[15,116],[-7,45],[-68,26],[-21,-7],[-14,44]],[[49505,71401],[31,18],[22,38],[40,146],[6,103],[26,221],[18,217],[4,84],[12,83],[41,61],[-31,46],[-21,-12],[22,325],[8,205],[14,46],[26,-58],[21,-20],[45,-104],[15,-144],[46,-151],[-4,92],[-28,50],[-15,165],[-27,119],[-78,122],[-43,36],[3,58],[23,11],[0,47],[21,26],[5,97],[-27,82],[12,76],[-2,42],[-42,-9],[-57,63],[-88,69],[-20,108],[-41,89],[-27,36],[-7,63],[40,99],[-22,47],[-30,17],[12,132],[-42,-50],[-72,42],[3,63],[16,21],[-3,59],[-27,29],[-59,-35],[29,77],[-4,30],[-62,-41],[-47,4],[-34,46],[-81,78],[-92,32],[-40,62],[-33,-10],[-22,-51],[-45,30],[-21,82],[-32,43],[-48,35],[98,32],[22,25],[-11,40],[-35,25],[-29,-46],[-21,76],[50,48],[-89,-8],[-8,64],[4,62],[13,35],[39,11],[14,44],[51,28],[51,9],[49,26],[12,-48],[39,50],[63,-35],[14,44],[-13,34],[29,40],[29,-12],[40,32],[29,-3],[68,-134],[54,-127],[74,109],[31,16],[49,-27],[25,-29],[14,64],[34,-21],[15,-34],[48,4],[40,51],[-19,44],[-4,64],[6,128],[-15,53],[0,91],[-37,101],[-18,15],[-10,89],[0,154],[62,-43],[26,2],[42,36],[25,-9],[16,-55],[-19,-30],[15,-73],[37,-76],[52,18],[27,-24],[114,-14],[52,-42],[36,12],[47,40],[25,81],[-23,39],[26,120],[109,112],[21,15],[120,44],[45,39],[57,86],[19,73],[13,113],[7,121],[-4,128],[17,124],[32,48],[56,36],[116,43],[52,27]],[[49669,73175],[-50,93],[2,63],[36,-57],[17,-52],[-5,-47]],[[49650,73415],[-69,32],[8,37],[52,-42],[9,-27]],[[51767,75789],[13,11],[36,-37],[41,-131],[12,-53],[29,-9],[26,46],[45,-66],[55,-12],[23,40],[32,-2],[51,-88],[74,5],[73,-67],[-30,-109],[-59,-101],[-21,-63],[-18,-131],[3,-42],[-47,-157],[-3,-50],[15,-51],[-27,-136],[-4,-67],[21,-74]],[[52107,74445],[-23,-30],[-1,-38],[-32,-46],[-38,-8],[-28,55]],[[52658,74407],[22,-58],[6,-49],[-37,-80]],[[52649,74220],[-15,-60],[16,-90],[17,-4]],[[52667,74066],[75,-30],[1,-60],[65,-64],[32,19],[46,90],[27,-48],[-5,-47]],[[52908,73926],[-6,-77],[10,-105],[-9,-55]],[[52903,73689],[-41,10],[-18,57],[-34,-16],[-18,-51],[-1,-69],[29,-39],[6,-92],[-29,-30],[-21,51],[-1,45],[-23,21],[-56,-60],[-45,4],[-24,58],[-1,62],[-45,20],[-12,-42],[13,-66],[-16,-84],[-43,-81],[-24,-105],[24,-52],[-13,-47],[-24,6],[-15,77],[-22,24],[1,81],[-57,16],[-48,91],[5,144],[-44,-18],[-45,-144],[2,-51],[-39,-102],[-28,-12],[-14,-53],[-41,17],[-16,27],[-32,1],[-42,-48],[-25,6],[-29,-31],[-24,2],[-19,35]],[[52107,74445],[18,-29],[106,3],[45,47],[65,-33],[27,41],[-33,50],[19,50],[24,26],[29,-9],[38,-43],[21,-55],[43,21],[63,-18],[86,-89]],[[45010,60122],[-6,-32],[-48,49],[5,47],[27,-6],[31,62],[13,-37],[-22,-83]],[[45679,60175],[-32,-3],[-32,61],[-11,57],[3,65],[23,29],[8,73],[81,6],[12,-107],[-8,-117],[-9,-33],[-35,-31]],[[45229,60363],[-18,-5],[-18,29],[-4,87],[17,25],[40,-44],[5,-45],[-22,-47]],[[45423,60409],[-17,-43],[-37,-27],[-45,154],[-22,107],[19,19],[41,-2],[56,33],[32,86],[29,25],[33,1],[0,-50],[-22,-29],[-32,-73],[-19,-155],[-16,-46]],[[46021,60386],[-25,34],[28,33],[28,60],[5,69],[15,81],[25,94],[11,99],[34,39],[16,-50],[3,-74],[-12,-145],[-24,-111],[-70,-43],[-34,-86]],[[45058,60714],[-12,-37],[-36,185],[-11,28],[8,43],[18,28],[33,-5],[20,-70],[-6,-98],[-14,-74]],[[46219,61017],[-34,-19],[-11,-41],[-22,46],[6,68],[22,57],[44,42],[33,75],[14,-27],[-13,-138],[-39,-63]],[[50381,68142],[-7,28],[-38,21],[24,98],[18,27],[44,33],[24,-22],[2,-43],[-58,-131],[-9,-11]],[[50883,68811],[24,-18],[32,27],[27,-41],[-4,-39],[-25,-80],[-15,-21],[-22,-113],[-50,-72],[-21,39],[-54,33],[-12,26],[-4,90],[-19,26],[-34,-28],[-43,2],[-1,63],[109,167],[58,48],[24,7],[19,-97],[11,-19]],[[51196,68906],[-19,-55],[-44,59],[-32,26],[-39,-8],[-8,68],[10,27],[95,-3],[28,-64],[9,-50]],[[50401,70855],[-7,-40],[9,-72],[24,-7],[33,24],[18,33]],[[50881,70736],[7,-66],[33,-17],[-15,-57],[-30,13],[-11,-83],[26,-56],[-2,-125],[-74,-125],[-61,-66],[-50,-41],[-75,-79],[-41,-123],[-64,-27],[-52,-33],[-56,-20],[-128,-83],[-21,-22],[-72,-169],[40,-49],[3,-35],[-34,-29],[-35,-11],[-19,-40],[-52,-193],[-85,-192],[-24,-101],[-39,-113],[-39,-159],[-5,-56],[27,-211],[16,-83],[32,-89],[74,-73],[2,-52],[-17,-34],[-44,-42],[-37,-64],[-65,-72],[-37,-80],[-24,-101],[-16,-100],[-29,-139],[-27,-99],[32,-87],[-49,-31],[-16,17],[-73,0],[-31,-18],[-27,-42],[-17,-50],[-48,-55],[-31,-85],[-9,-74],[-21,-110],[-25,-59],[-36,-112],[-19,-10],[-28,76],[-15,11],[-59,-20],[-24,-83],[-35,-14],[-29,20],[-14,30],[-93,-1],[-46,-38],[-49,38],[-34,-13],[-35,17],[-132,-30],[-21,8],[-25,-76],[-41,-77],[-33,-17],[-43,10],[-72,-63],[-39,-130],[-6,-46],[-26,5],[-6,-88],[-46,-33],[-52,51],[-32,75],[-33,3],[-34,87],[-19,71],[14,79],[-34,72],[-27,11],[-13,64],[24,102],[-62,114],[-90,105],[-42,35],[-64,-6],[-30,-22],[-11,56]],[[47935,67007],[-1,82],[-10,83],[-15,51],[29,137],[28,52],[19,83],[0,38],[69,34],[18,131],[-41,-26],[-29,103],[-35,90],[14,186],[51,95],[35,135],[-7,49],[-20,20],[-25,-4],[-27,71],[-37,202],[-36,79],[-8,48],[56,-18],[19,20],[29,-9],[39,11],[41,245],[-16,62],[-22,22],[0,68],[40,32],[9,33],[10,149],[-7,150],[5,89],[-35,120],[43,34],[6,47],[30,78],[37,15],[60,123],[29,103],[-31,60],[-68,17],[5,110],[-6,59],[-99,17],[-21,20],[-21,-16],[-35,19],[-6,-67],[-59,-44],[-53,9],[-23,49],[-51,-37],[-14,18],[-45,-49],[-21,9],[-15,62],[37,110],[-32,65],[-31,-34],[-58,-15],[-33,-27],[-31,-70]],[[47569,70385],[-35,-49],[-6,166],[24,55],[5,48],[-17,30],[21,73],[-28,18],[19,70],[25,129],[-55,-52],[-21,-68],[-19,34],[15,142],[-22,-26],[-28,152],[-29,-21],[24,167],[73,58],[-9,31],[42,35],[34,-29],[104,84],[18,107],[102,152],[13,-35],[35,23],[72,-15],[28,-37],[32,-81],[58,-8],[27,19],[95,-14],[139,3],[43,23],[25,39],[49,-74],[78,5],[33,-16],[21,-37],[89,-22],[66,-29],[92,-12],[27,4],[113,69],[12,-16],[60,26],[111,-110],[36,3],[24,56],[56,-7],[62,-35],[15,-28],[45,-30],[37,-4],[52,30],[38,34],[16,-14]],[[45288,63826],[15,6],[53,-63],[-29,-76],[-34,-6],[-44,33],[-28,36],[-14,57],[17,40],[39,-42],[25,15]],[[41329,68518],[-21,42],[9,63],[13,16],[23,-47],[-6,-62],[-18,-12]],[[47935,67007],[4,-52],[-45,-26],[-50,-78],[-59,-20],[-56,61],[-56,7],[-18,-12],[-61,17],[-43,-31],[-31,-36],[-16,26],[21,78],[31,203],[3,201],[-4,138],[-11,72],[14,90],[3,116],[-7,53],[22,30],[-12,73],[-36,0],[-46,-58],[-34,-12],[0,84],[-25,95],[32,6],[24,-33],[16,70],[27,27],[-17,60],[-24,4],[-14,-99],[-57,-29],[-43,20],[-4,64],[22,112],[-2,93],[22,105],[-5,95],[36,56],[40,130],[10,84],[18,85],[34,208],[-6,74],[9,46],[20,182],[33,95],[-19,26],[23,198],[-40,301],[3,33],[-10,108],[-16,77],[-2,84],[36,77]],[[42476,67999],[-60,18],[-22,39],[3,52],[24,14],[60,-28],[13,-51],[-18,-44]],[[42057,67944],[-12,-32],[-34,5],[-24,52],[35,36],[24,-23],[11,-38]],[[43050,66805],[1,-27],[-43,8],[-3,46],[26,10],[19,-37]],[[42903,67419],[31,4],[30,24],[40,0],[12,-17],[-7,-69],[-81,-28],[-64,23],[-47,71],[4,47],[32,-5],[14,-39],[36,-11]],[[42212,67843],[-6,-15],[-103,14],[-26,20],[-8,46],[14,35],[49,-17],[37,-50],[43,-33]],[[42283,67935],[-19,-1],[-86,67],[-40,63],[3,18],[146,-139],[-4,-8]],[[53434,79275],[60,45],[51,3],[72,20],[27,-89],[46,-30],[26,-43]],[[53716,79181],[21,-56]],[[53737,79125],[71,53],[22,-44],[-1,-43],[22,-105],[-16,-35],[42,-58],[88,-54]],[[53965,78839],[25,0]],[[53990,78839],[44,-28],[27,77],[-19,65],[-21,5]],[[54021,78958],[-18,-4]],[[54003,78954],[-20,-39],[-34,46]],[[53949,78961],[-50,0],[-43,-21],[27,88],[21,16],[-21,52],[-22,-32],[-22,17],[-3,49],[53,-28],[62,-98]],[[53951,79004],[42,-12]],[[53993,78992],[14,7]],[[54007,78999],[16,18]],[[54023,79017],[21,21]],[[54044,79038],[51,38]],[[54095,79076],[20,7]],[[54115,79083],[45,23]],[[54160,79106],[69,42]],[[54229,79148],[21,13]],[[54250,79161],[14,7]],[[54264,79168],[12,3]],[[54276,79171],[9,1]],[[54285,79172],[18,3]],[[54303,79175],[72,34]],[[54375,79209],[12,9]],[[54387,79218],[12,11]],[[54399,79229],[105,23],[31,60],[-3,24],[40,79]],[[54572,79415],[8,13]],[[54580,79428],[7,11]],[[54587,79439],[16,13]],[[54603,79452],[18,8]],[[54621,79460],[8,3]],[[54629,79463],[10,1]],[[54639,79464],[50,15]],[[54689,79479],[9,6]],[[54698,79485],[7,6]],[[54705,79491],[35,49],[82,53]],[[54822,79593],[20,4]],[[54842,79597],[27,6]],[[54869,79603],[17,6]],[[54886,79609],[26,14]],[[54912,79623],[65,27]],[[54977,79650],[33,5]],[[55010,79655],[83,1],[36,-71]],[[55129,79585],[-17,1]],[[55112,79586],[45,-135],[8,-88]],[[55165,79363],[31,-33],[52,-26]],[[55248,79304],[9,0]],[[55257,79304],[33,-3]],[[55290,79301],[26,3]],[[55316,79304],[20,6]],[[55336,79310],[45,14]],[[55381,79324],[67,58]],[[55448,79382],[3,6]],[[55451,79388],[7,-5]],[[55458,79383],[-67,-70],[-50,-18],[7,-40]],[[55348,79255],[27,-6]],[[55375,79249],[5,-1]],[[55380,79248],[30,33]],[[55410,79281],[26,24]],[[55436,79305],[39,26]],[[55475,79331],[24,39]],[[55499,79370],[66,91],[58,34],[42,46],[-107,32],[-16,-57],[-22,0],[24,89],[-10,69],[5,48],[24,14],[93,-3],[51,39],[42,59],[68,150]],[[55817,79981],[12,-8]],[[55829,79973],[-40,-91],[-86,-133],[8,-18],[64,0],[20,-27],[64,-5],[36,26],[-9,157],[22,71]],[[55908,79953],[30,21],[46,-56],[143,-123],[53,26],[79,-2],[20,-16],[11,-54],[21,-1],[33,-46],[7,-63],[-40,-85],[-8,-144],[25,-89]],[[56328,79321],[-4,-56],[-58,-15],[11,-143],[46,-95],[-16,-114],[-30,-33],[-43,-22],[-87,-99],[-14,-26],[-42,-3],[-19,-44],[-30,14],[-62,4],[-63,-26],[-105,-113],[-112,29],[-24,-66]],[[55676,78513],[-18,-69],[-25,-6],[-67,24],[-50,-19],[-67,16],[-23,-9],[-46,16],[-36,-28],[-38,-58],[-57,-18],[-29,-28],[-7,-81],[-43,-41],[-4,-74],[-39,-37],[5,-89],[-27,-63],[-23,-11],[-48,15],[-49,-63],[-31,-90],[-43,-45],[-5,-63],[17,-46],[70,-114],[38,-132],[-2,-61],[26,-35],[-12,-54],[16,-54],[-11,-64],[1,-117]],[[55049,77015],[69,-40],[14,-63],[35,-23],[9,-45],[-9,-54],[37,-49]],[[55204,76741],[54,-35],[41,-82],[-15,-66],[-1,-88],[47,-123]],[[55330,76347],[11,-88],[-31,-109],[-39,-21],[-63,0],[-48,-17]],[[55160,76112],[-79,31]],[[55081,76143],[-34,36]],[[55047,76179],[-33,39],[-37,-57],[-22,9],[-51,85],[-14,40],[44,33],[-11,79],[-27,-39],[-69,10],[-73,85],[-49,27],[-20,-17],[29,-73],[8,-66],[-43,-11],[-23,-54]],[[54656,76269],[-13,-21],[-36,30],[-11,62],[-49,97],[-42,36],[25,65]],[[54530,76538],[27,16],[11,40],[-32,61],[-59,-4],[-26,-20],[-22,42],[-44,40],[-83,30],[-30,-5],[-19,58],[-10,83],[-28,28],[-44,-29],[-4,-76],[-49,-5]],[[54118,76797],[-7,-30],[-51,28],[-6,89],[-29,39],[-52,12],[-13,-42],[31,-43],[-16,-38],[-89,-49],[-28,-32],[-97,-57],[-22,-64],[-23,20],[-36,-29],[-17,-62],[-30,-3],[-38,-64],[-31,29],[-88,-41],[-65,-125],[-27,69],[-24,5]],[[53360,76409],[48,-186],[61,-62],[15,-49],[-21,-90],[-3,-58],[16,-19],[44,-181],[34,-61],[45,-4],[60,-121],[40,-47],[23,-68],[62,-43],[29,-47],[29,-78]],[[53842,75295],[-3,-107],[-27,-78],[-57,49],[-21,-17],[-2,-94],[-12,-46],[-36,-47],[-68,-30],[-41,-40],[-31,-59],[2,-28],[42,-90],[25,-74],[-26,-93],[30,-1],[21,-54],[-13,-109],[-26,-15],[-42,56],[6,48],[-25,44],[-38,-7],[-24,-28],[-17,25],[-70,-8],[0,-32],[-54,8],[-90,-28],[-29,-44],[-34,-8],[-45,-60],[-53,-23],[-34,2],[-20,85],[-61,26],[-34,-10],[-24,33],[-13,-41],[11,-66],[-37,-86],[-31,-30],[1,70],[-53,88],[-66,70],[-31,-46],[-34,7]],[[52002,78510],[13,53],[-57,18],[-5,102],[17,76],[56,69],[61,-9],[109,34],[30,-8],[10,-55],[31,-57],[-28,-37],[10,-41],[31,-29],[21,12],[5,75],[-17,44],[25,21],[65,-62],[-22,107],[17,101],[37,55],[21,-34],[42,-14],[21,46],[-22,34],[-17,69],[44,-5],[-9,75],[-33,-3],[-10,33],[4,86],[-39,-18],[-25,42],[12,51],[68,12],[30,27],[5,37],[-88,175],[-15,62],[-27,27],[-68,-10],[15,79],[30,-48],[56,10]],[[52406,79712],[8,-13]],[[52414,79699],[-8,13]],[[52406,79712],[4,145],[-52,-37],[-9,46],[64,9],[-8,111]],[[52405,79986],[51,-13],[-4,97],[36,31],[52,-3],[32,-52],[97,-15]],[[52669,80031],[28,-83],[-69,-86],[12,-51],[61,-44],[11,-67],[-8,-47],[-31,16],[-8,53],[-40,-67]],[[52625,79655],[-2,-6]],[[52623,79649],[-8,6]],[[52615,79655],[-11,-5]],[[52604,79650],[18,-14],[37,12],[110,-46],[19,-66],[-3,-86],[-37,-48],[64,5],[68,-39],[67,-54],[22,-36],[29,2],[44,50],[34,-4],[5,-123],[-93,-122],[37,-59],[-20,-46]],[[53005,78976],[22,29]],[[53027,79005],[43,55],[36,4],[19,-53],[45,-14],[45,83],[33,86],[121,27],[55,68],[42,114],[117,-2],[-6,-22],[-66,2],[-49,-14],[-28,-64]],[[53754,79423],[0,1]],[[53754,79424],[-4,27],[-48,23],[-29,42],[19,23],[52,-71]],[[53744,79468],[1,1]],[[53745,79469],[43,7],[8,-46],[-22,-27],[8,-58]],[[53782,79345],[1,0]],[[53783,79345],[18,-39],[-50,-5]],[[53751,79301],[-1,-1]],[[53750,79300],[-40,-53]],[[53710,79247],[0,-2]],[[53710,79245],[10,-30]],[[53720,79215],[-11,10]],[[53709,79225],[-28,15],[-37,57]],[[53644,79297],[1,11]],[[53645,79308],[39,20],[-16,35]],[[53668,79363],[-2,1]],[[53666,79364],[-10,4]],[[53656,79368],[7,8]],[[53663,79376],[12,21]],[[53675,79397],[0,8]],[[53675,79405],[-19,22]],[[53656,79427],[-5,21]],[[53651,79448],[65,9],[38,-34]],[[52720,79828],[49,-46],[28,-92],[-39,-15],[-41,34],[15,46],[-12,73]],[[55010,79655],[-5,-68],[12,-45],[-15,-94],[-21,-50],[-51,-77],[-17,-49],[-38,-36],[21,-54],[5,-86],[-54,-9],[-59,23],[-14,-23],[12,-81],[49,-81],[22,-58],[-17,-109],[-16,-18],[-14,-72],[-15,-22],[-4,-72],[-33,-50],[-57,-18],[-75,-144],[-24,-4],[-11,-99],[-62,-9],[-58,13],[-43,-36],[-11,-113],[-34,0],[14,-99],[-11,-67],[19,-68],[-1,-72],[10,-140],[40,-18],[30,-112],[24,31],[35,-45],[7,-49],[47,-14],[55,-72],[30,-67],[52,-18],[38,9],[21,54],[45,-5],[28,-22],[18,-50],[-7,-54],[29,-45],[14,-95],[-5,-36],[29,-22],[13,-45],[45,-9],[19,40],[28,-9]],[[55204,76741],[-40,-50],[-4,-67],[50,-27],[13,-82],[34,-45],[2,-45],[-71,-90],[-73,-58],[-44,-5],[-5,-63],[15,-66]],[[55676,78513],[-40,-7],[-24,58],[-18,11],[-55,88],[-40,114],[-23,4],[-35,-37],[-49,22],[-19,-73],[-15,7],[-18,67],[-79,-10],[-50,11],[-7,51],[25,47],[-2,67],[13,66]],[[55240,78999],[26,51],[75,107],[-1,19],[30,50],[5,23]],[[55458,79383],[-7,5]],[[52414,79699],[6,-2]],[[52420,79697],[13,4]],[[52433,79701],[46,7],[125,-58]],[[52615,79655],[9,-5]],[[52624,79650],[-1,-1]],[[52623,79649],[-8,6]],[[55817,79981],[12,-8]],[[55240,78999],[-20,84],[-4,80],[-84,-33],[-67,30],[-4,61],[64,55],[6,105],[34,-18]],[[55448,79382],[3,6]],[[55047,76179],[-25,-82],[-14,-122],[-18,-63],[-41,-45],[-18,67],[-58,23],[-30,-18],[-73,34],[-44,43],[-62,-77],[-40,16],[-9,56],[7,54],[51,68],[0,60],[-17,76]],[[54530,76538],[-60,11],[-38,-90],[-10,36],[-42,45],[-14,90],[-35,50],[-82,25],[-46,-12],[-56,-54],[-31,-90],[-39,-27],[-45,-9],[-28,63],[-55,0],[-73,-27],[-32,9],[-59,-54],[32,-99],[0,-54],[-35,-63],[-98,-63],[28,-216],[-10,-99],[-49,-54],[-17,-63],[14,-63],[48,-46],[66,-144],[42,-9],[66,-54],[87,9],[18,-81],[83,-72],[86,-26]],[[54146,75307],[-29,-4],[-27,-65],[-6,-80],[-26,33],[-46,-7],[-46,-26],[-26,10],[-52,84],[-46,43]],[[52420,79697],[13,4]],[[53754,79423],[0,1]],[[53744,79468],[1,1]],[[53751,79301],[-1,-1]],[[53720,79215],[-11,10]],[[53644,79297],[1,11]],[[53668,79363],[-2,1]],[[53656,79368],[7,8]],[[53675,79397],[0,8]],[[53656,79427],[-5,21]],[[53005,78976],[17,23]],[[53022,78999],[3,-73],[-20,-73],[36,-71],[-32,-67],[-6,-65],[18,-161],[47,-65],[-11,-71],[-79,-61],[-1,-59],[13,-74],[-19,-101],[-12,-132],[-24,-117],[21,-66],[-8,-82],[-21,-20],[-96,-44],[-6,-79],[-3,-377],[-6,-58],[29,-23],[6,-39],[7,-198],[9,-33],[34,-13],[73,-145],[25,-27],[32,-139],[16,-46],[29,-8],[11,42],[-15,123],[54,-26],[43,-51],[15,-43],[37,-40],[-8,202],[23,38],[28,-67],[17,-115],[79,-66]],[[53951,79004],[-3,-21]],[[53948,78983],[1,-22]],[[53965,78839],[9,-104],[29,-156],[-6,-140],[-12,-68],[-56,-65],[1,-69],[57,-82],[34,-69],[45,-58],[-2,-59],[-27,-68],[12,-77],[34,-28],[17,-129],[-20,-125],[-25,-55],[19,-69],[24,-42],[-4,-100],[59,-41],[8,-98],[14,-68],[-18,-135],[-39,-137]],[[53782,79345],[1,0]],[[53710,79247],[0,-2]],[[53716,79181],[21,-56]],[[53022,78999],[5,6]],[[56605,79009],[17,-86],[-14,-113],[71,-29],[10,-73]],[[56689,78708],[-6,-48],[-33,-64],[5,-70],[-18,-117]],[[56637,78409],[11,-65],[2,-188],[-8,-41],[-46,-57],[-68,-33],[-29,-39],[-65,-167],[14,-42],[37,-12],[69,-68],[18,-76],[-10,-39],[-25,-215],[19,-91]],[[56556,77276],[25,-90],[-3,-82],[14,-53],[22,-33],[26,-72],[7,-53],[55,-113],[-41,-6],[-8,-27],[33,-69],[10,-47]],[[56696,76631],[11,-10]],[[56707,76621],[-10,-12]],[[56697,76609],[-18,-52],[-27,-31],[-46,-3],[-28,-21],[-13,-51],[-140,-24],[-48,-45],[-63,7],[-34,24],[-38,-23],[-32,74],[8,86],[-7,33],[-86,72],[-20,74],[-33,11],[-55,-171],[-49,-41],[-79,-107],[-50,-8],[-65,-38],[-43,-78],[-71,-31],[-37,-36],[-14,29],[-97,19],[-107,66],[-75,3]],[[56328,79321],[22,28],[37,-16],[33,-59],[61,-41],[34,-53],[17,-97],[-2,-62]],[[56530,79021],[23,-16],[52,4]],[[55129,79585],[-17,1]],[[56707,76621],[92,-54],[56,-128],[37,-23],[51,18],[49,-56],[11,-129],[14,-36],[47,-56],[21,-101],[70,-96],[56,3],[32,28],[46,-7]],[[57289,75984],[-11,-161],[0,-352],[-9,-31],[18,-120],[-10,-44],[31,-72],[15,-99]],[[57323,75105],[-54,16]],[[57269,75121],[-25,13],[-45,59],[-29,0],[-68,29],[-22,-29],[-23,-74],[-22,-146],[-68,-44],[-17,-88],[-29,-59],[-69,-119]],[[56852,74663],[-43,44]],[[56809,74707],[0,50],[18,36],[-30,71],[-1,56],[-21,70],[-33,52],[-12,-26],[-27,15],[-24,96],[-28,-18],[-48,66],[-7,47],[-23,-2],[-24,41],[-114,45],[-27,64],[-31,-5],[-26,48],[-7,53]],[[56344,75466],[-68,58],[-9,-6]],[[56267,75518],[-94,51],[-54,48],[-20,86],[-33,32],[-63,37],[-43,-18],[-49,32],[-58,-24],[-25,-81],[-19,-10],[-48,67],[-106,3],[-60,-56],[-20,-99],[-26,35],[-38,-25],[-18,155],[-33,0],[-22,37],[-16,83],[-20,19],[-50,-53],[-22,-81],[-60,-9],[-1,58],[-33,29]],[[55236,75834],[-11,108],[-49,47],[-16,55],[0,68]],[[56605,79009],[47,3]],[[56652,79012],[32,80],[22,0],[67,78],[67,61],[35,111],[19,103],[-3,77],[16,48],[2,64],[16,68],[30,63],[44,20],[34,-4],[71,26],[52,55],[-3,29],[46,49],[19,100],[26,20],[45,88],[29,73],[44,45]],[[57362,80266],[6,2]],[[57368,80268],[99,42]],[[57467,80310],[94,28],[86,1]],[[57647,80339],[18,2]],[[57665,80341],[17,-4]],[[57682,80337],[-23,-75],[-49,-66],[-5,-64],[-36,-57],[-1,-104],[-50,-91],[-19,-116],[-5,-90],[-19,-28],[-22,-74],[5,-58],[-66,-144],[0,-105],[12,-101],[-9,-58],[-36,-64],[-99,-33],[-34,-66],[-36,21],[-52,-4],[-16,-54],[-32,-29],[-13,-52],[-35,-19],[-31,-74],[-43,-7],[-31,-52],[-28,4],[-102,-45],[-93,93],[-25,-17]],[[57682,80337],[77,-43],[57,-44],[10,-44],[32,-55],[5,-91],[25,-47],[-18,-60],[10,-51],[-31,-86],[-63,-63],[-43,-28],[-36,-77],[-18,-95],[-46,-83],[-3,-179],[-57,-64],[-33,-76],[10,-50],[-69,-143],[-14,-42],[-7,-96],[9,-43],[5,-113],[-19,-56],[9,-129],[-34,-97],[33,-54],[3,-86],[52,-30],[26,-58],[21,-103],[37,-32],[57,9],[8,-36],[-19,-114],[-29,-52],[22,-58],[-8,-47],[26,-83],[-21,-65],[-16,-89],[-20,-51],[30,-80]],[[57642,77353],[48,-22],[5,-37]],[[57695,77294],[-68,-86],[-10,-152],[-12,-78],[-28,-86],[-10,-87],[7,-55],[-5,-71],[6,-53],[-24,-87],[-78,-13],[-60,-47],[-45,-83],[-61,-81],[-24,-74],[-2,-50],[-21,-54],[10,-89],[19,-64]],[[55348,79255],[21,-4],[11,-3]],[[55380,79248],[30,33]],[[55410,79281],[26,24]],[[55475,79331],[24,39]],[[55499,79370],[81,-14],[95,-26],[272,-41],[209,7],[130,10],[42,15]],[[56530,79021],[-2,-23],[32,-221],[15,-86],[52,-214],[10,-68]],[[56696,76631],[1,-22]],[[56697,76609],[0,-24],[-30,-109],[-79,-22],[-35,-83],[-60,-86],[-74,-140],[-92,-201],[-34,-105],[21,-95],[7,-80],[-15,-84],[48,-59],[-10,-55]],[[53965,78839],[25,0]],[[54021,78958],[-18,-4]],[[53948,78983],[3,21]],[[53993,78992],[14,7]],[[54007,78999],[16,18]],[[54044,79038],[51,38]],[[54095,79076],[20,7]],[[54115,79083],[45,23]],[[54229,79148],[21,13]],[[54264,79168],[12,3]],[[54276,79171],[9,1]],[[54285,79172],[18,3]],[[54375,79209],[12,9]],[[54387,79218],[12,11]],[[54572,79415],[8,13]],[[54580,79428],[7,11]],[[54603,79452],[18,8]],[[54629,79463],[10,1]],[[54689,79479],[9,6]],[[54698,79485],[7,6]],[[54822,79593],[20,4]],[[54842,79597],[27,6]],[[54886,79609],[26,14]],[[54977,79650],[33,5]],[[55248,79304],[9,0]],[[55290,79301],[26,3]],[[55316,79304],[20,6]],[[55336,79310],[45,14]],[[55451,79388],[7,-5]],[[54906,70952],[-8,-13],[-75,30],[2,30],[81,-47]],[[54155,72278],[5,-43]],[[54160,72235],[8,-21]],[[54168,72214],[31,-37],[35,-69],[-20,-34],[-19,24]],[[54195,72098],[-25,81],[-27,45],[12,54]],[[53997,72360],[-17,112],[17,77],[-10,64],[-22,42],[23,43],[5,-80],[13,-46],[13,-178],[17,-77],[-22,-5],[-17,48]],[[54071,72669],[42,-107],[-23,-25],[-67,69],[-16,37],[33,113],[12,-4],[19,-83]],[[54502,71159],[-40,-10],[-2,41],[48,8],[-6,-39]],[[54904,71056],[-1,4]],[[54903,71060],[9,24],[6,5],[25,-16]],[[54943,71073],[23,-60],[78,-91],[32,-56],[18,9],[33,-44]],[[55127,70831],[-2,-37]],[[55125,70794],[6,-32]],[[55131,70762],[8,-16]],[[55139,70746],[4,-36],[-84,129],[-94,136],[-121,76],[-66,78],[-53,17],[0,30],[80,-29],[99,-91]],[[54773,71083],[-89,-15],[-53,21],[3,46],[50,-25],[28,15],[47,-11],[14,-31]],[[54754,71240],[-16,-17],[-111,5],[-64,36],[8,29],[43,3],[55,-38],[85,-18]],[[54690,71356],[-11,-22],[-60,-4],[-31,11],[-30,31],[6,51],[104,-29],[22,-38]],[[54013,72812],[-35,21]],[[53978,72833],[-10,-26],[-19,-138],[-16,-33],[2,-63],[-48,-71],[0,-55],[-25,-30],[-18,75],[-44,125],[-22,77],[-2,67],[-25,181],[25,-18]],[[53776,72924],[0,30],[43,21],[-9,34]],[[53810,73009],[22,9]],[[53832,73018],[-17,62]],[[53815,73080],[-22,43]],[[53793,73123],[-21,20]],[[53772,73143],[-11,1]],[[53761,73144],[-4,-35]],[[53757,73109],[-8,-18]],[[53749,73091],[-67,41]],[[53682,73132],[10,67],[34,49],[19,64]],[[53745,73312],[51,114],[-50,41],[-19,-14],[-10,59],[36,65]],[[53753,73577],[-15,63],[-27,-1],[-36,29],[-15,46]],[[53660,73714],[-135,60],[-38,2],[-32,21]],[[53455,73797],[-40,-49],[-3,-78],[-69,-43],[-29,24],[-22,-22],[-15,-78],[23,-70],[5,-79],[-16,-31],[-35,-18],[-22,-68],[-42,23],[-59,-75],[-23,-69],[-15,-97],[-35,13],[-21,-20],[-28,33],[10,58],[-33,33],[-26,-12],[-7,-63],[-19,10],[-25,67],[0,122],[22,53],[-16,67],[16,41],[-6,95],[17,36],[-2,43],[-37,46]],[[52667,74066],[9,47],[-27,107]],[[57269,75121],[-6,-59],[42,-132],[5,-51]],[[57310,74879],[-54,13],[-8,-81],[29,-70]],[[57277,74741],[18,-53],[-29,-43],[-3,-60],[37,-51],[17,-73],[42,-56],[-17,-30],[-47,-17],[-27,-73],[-22,0],[-32,-35],[-42,-4],[-17,65],[-20,-5],[-26,-49],[-33,-20],[-34,-52]],[[57042,74185],[2,-34],[67,-39],[54,-44],[39,-91],[52,-65],[0,-109],[12,-70],[-12,-92],[51,-75],[-5,-88],[50,-119],[-3,-137],[-12,-80],[5,-84],[-27,-45],[-42,-35],[-30,-85],[-44,67],[-29,-49],[-30,31],[-42,-9],[-39,-67],[-29,-22],[-32,80],[-34,60],[-35,11],[-81,-35],[-52,0],[-74,26],[-49,-31],[-69,-62],[-56,53],[-18,-44],[0,-76],[-22,-9],[-74,18],[-14,-18],[-94,-9],[-71,-85],[15,-95],[-26,-92],[-1,-54],[12,-77],[-15,-30]],[[56240,72375],[-43,-40],[-38,-126],[-23,11],[-26,97],[-60,20],[-38,-1],[-13,69],[-55,19],[-9,57]],[[55935,72481],[-71,16],[-62,-32],[-82,70],[-38,-1],[-68,-138],[-74,-23],[-67,88],[-32,64],[-26,13],[-44,-30]],[[55371,72508],[-45,17],[-39,-45]],[[55287,72480],[-52,2],[-22,38],[7,56],[-44,64],[-104,40],[-17,-40],[-36,16],[-58,-40],[-48,53],[-56,-4],[-57,42],[-28,-20],[-74,85],[-27,-57],[-62,31],[-25,-13],[-24,-63],[-18,-84],[-17,-6],[-26,32],[-49,123],[-25,10],[-41,-43],[-5,-65],[1,-112],[-8,-80],[34,-72],[27,-13],[20,-86],[27,-58],[19,-101],[-15,-111],[28,-1],[17,-33]],[[54529,71970],[11,-46],[23,-37],[29,-15],[49,-131],[74,-178],[36,-54]],[[54751,71509],[41,-33],[14,-136],[36,-69],[43,-56],[22,-57]],[[54907,71158],[2,-40],[-27,-17]],[[54882,71101],[-16,7],[-18,58],[-36,59],[-41,42],[-30,48],[-52,117],[-68,27],[-47,67],[-32,12],[-70,-54],[-31,21],[-20,45],[6,83],[-44,53],[-26,16],[-45,84],[-19,19],[-85,197],[-9,54],[48,-13],[0,77]],[[54247,72120],[-54,114],[-29,44],[-27,83],[-4,113],[11,82],[-25,108],[-22,14],[-46,84],[-38,50]],[[54904,71056],[-2,6]],[[54902,71062],[-20,39]],[[55371,72508],[12,-25],[-19,-115],[-33,-104],[-17,-28],[-8,-119],[16,-50],[55,-55],[35,-64],[37,-49],[-26,-66],[-76,1],[66,-147],[6,-52],[-9,-82]],[[55410,71553],[-19,9],[-51,-50]],[[55340,71512],[-60,30],[-17,-36],[21,-53],[19,-92],[-9,-48]],[[55294,71313],[-12,1],[-31,85],[-16,-6],[-44,-84]],[[55191,71309],[-12,-63],[0,-73],[-26,-15],[-20,-41],[-7,-97],[32,-136],[-31,-53]],[[55125,70794],[6,-32]],[[54247,72120],[45,14],[45,-49],[116,-87],[31,-64],[45,36]],[[54707,75184],[-4,-62],[-19,-46],[-5,-77],[29,-60],[7,-65],[26,-38],[13,-70],[16,-15]],[[54770,74751],[-18,-33],[-14,-68],[-1,-120],[-81,-18],[-36,54],[-21,-3],[-30,-42],[12,-37],[48,-23],[13,-50],[-16,-62],[-18,-24],[-39,-9],[11,-94],[-19,-51],[23,-69],[0,-78],[-56,3],[-53,-101]],[[54475,73926],[-34,-28],[0,-55]],[[54441,73843],[33,-118],[43,-109]],[[54517,73616],[-52,-44],[-16,-57],[-61,-47],[-39,-9],[-16,-55],[9,-43],[22,-23],[3,-82],[-8,-69],[-54,-5],[-46,-50],[5,-83],[-16,-41],[-5,-95],[-28,-26],[-55,54],[-42,-26],[-29,48],[-42,94]],[[54047,73057],[-3,-116],[-28,-56],[-4,-73]],[[54012,72812],[-34,21]],[[54146,75307],[9,3],[5,134],[14,28],[92,-25],[91,-87],[45,-3],[59,-71],[75,-20],[23,14],[12,42],[56,-18],[35,-47],[30,4],[15,-77]],[[54441,73843],[-162,-74],[-97,0],[-53,-28],[-14,-68],[-75,-80],[-109,25],[-10,26],[-50,27],[-61,4]],[[53810,73675],[-45,25],[-83,4],[-22,10]],[[53455,73797],[-16,22],[-22,86],[-40,63],[-7,60],[14,59],[-118,-83],[-38,24],[-39,1],[-85,-33],[-21,-38],[-8,-66],[-15,-36],[-36,-1],[-27,21],[-31,53],[-32,-18],[-26,15]],[[54168,72214],[27,-116]],[[54155,72278],[5,-43]],[[54013,72812],[-1,0]],[[54770,74751],[20,6]],[[54790,74757],[27,-21],[40,-85],[83,-95],[53,13],[91,-19],[40,21],[52,-6],[34,40],[4,109],[20,60],[55,15],[46,-8],[73,22],[17,86],[27,18],[35,-18],[43,-56],[41,33],[49,70],[36,22],[24,103],[25,64],[77,28],[36,-37],[57,-10],[28,8],[51,39],[50,-60],[29,-99],[17,-10],[43,27],[45,0],[15,23]],[[56153,75034],[33,-36],[30,-83],[32,3],[22,-45],[9,-51],[20,-15],[31,16],[26,-55],[3,-62]],[[56359,74706],[54,42],[10,55],[38,1],[41,-65],[44,0],[71,-24],[58,-8],[27,-32],[33,-5],[48,38],[26,-1]],[[54903,71060],[-1,2]],[[56852,74663],[1,-21]],[[56853,74642],[1,-44],[61,-64]],[[56915,74534],[25,-28],[19,-70],[0,-106],[7,-55],[36,-65],[40,-25]],[[56359,74706],[-32,-80],[-35,-48],[-28,-7],[-28,20],[-49,-49],[-24,-90],[-49,-65],[-4,-99],[-35,-55],[-7,-71],[-18,-60],[-20,-25],[-5,-53],[-22,-88],[-23,-41],[-1,-73],[-55,-76],[-11,-115],[-24,-46],[-7,-71],[-36,-41],[-56,28],[-25,-26],[-19,-70],[-18,-11],[-38,36],[-40,-15],[-23,-32]],[[55627,73383],[-40,37],[-43,3],[-31,-14],[-51,21],[-28,-6],[-28,-69],[-50,-63],[-36,0],[-17,24],[-25,-45],[-53,-37]],[[55225,73234],[-26,2],[-45,-80],[-34,-35],[-78,26],[-76,-3],[-62,45],[-21,66],[-53,0],[-37,60],[-6,50],[-23,65],[-50,38],[-22,36],[-5,44],[-59,87],[-17,9]],[[54611,73644],[-20,22],[-57,178],[7,62],[-14,19],[-52,1]],[[56197,75225],[-42,-70],[-2,-121]],[[54790,74757],[-13,88],[-3,85],[26,65],[54,19],[65,-56],[27,-47],[64,0],[43,66],[47,28],[40,-38],[11,-47],[65,75],[36,0],[4,-28],[51,-9],[72,37],[7,85],[26,28],[32,-56],[22,-10],[54,75],[47,19],[0,56],[46,85],[92,18],[22,-28],[36,19],[69,113],[54,37],[40,0],[40,-28],[21,-75],[0,-47],[-16,-40],[24,-24],[25,45],[76,0],[47,-40],[54,-2]],[[56267,75518],[-8,-64],[-20,-32],[-42,-197]],[[55236,75834],[-79,-21],[-51,-115],[-48,-34],[-17,-119],[-21,-57],[-45,-41],[-55,-92],[-92,-23],[-40,34],[-35,-29],[-20,-46],[-26,-107]],[[54313,67643],[-7,-42],[-37,-97],[-42,-129],[-14,-145],[-21,-52],[0,-102],[38,-161],[19,-15],[5,-68],[-46,-69],[-15,-92],[10,-80],[-75,39],[-23,-17],[-63,54],[-26,39],[-18,78],[-41,86],[-40,34],[-60,-7],[-62,70],[-27,57],[-66,61],[-48,94],[-20,1],[-45,58],[-36,4],[-38,-14],[-52,100],[-9,76],[21,152],[13,32],[49,57],[44,-82],[49,47],[8,67],[61,24],[18,-79],[91,-94],[22,-3],[43,41],[19,4],[64,-16],[77,21],[34,25],[39,56],[25,11],[60,-34],[118,122],[17,-40],[-13,-72]],[[52641,69646],[29,0],[38,-183],[0,-50],[20,-50],[-17,-102],[-29,-56],[-8,-83],[19,-65],[5,-44],[-12,-188],[1,-35],[-12,-216],[-18,-146],[-1,-59],[-34,-15],[-41,64],[-39,-21],[-39,56],[0,-98],[9,-59],[-11,-40],[-43,-80],[-39,32],[-26,-2],[-18,94],[-22,-10],[-18,-56],[-13,52],[-1,54],[28,9],[-26,78],[17,31],[-15,74],[21,187],[26,106],[4,63],[-10,25],[-34,0],[3,75],[16,99],[-2,128],[-43,191],[-30,21],[-13,92],[12,122],[46,-56],[41,-9],[28,18],[9,30],[40,20],[64,147],[41,50],[20,45],[92,-98],[20,-93],[-35,-49]],[[52899,71035],[-4,-101],[-23,39],[-52,-25],[-14,33],[70,21],[23,33]],[[53682,73132],[-38,1],[-14,-42],[6,-47],[-47,-19],[-93,-96],[-2,43],[-25,17],[-56,-68],[-37,-123],[2,-28],[55,-149],[49,-69],[-16,-77],[-25,11],[-28,-22],[-12,-104],[10,-156],[24,-165],[22,-57],[67,-130],[36,-17],[66,-92],[67,-115],[36,-38],[22,5],[26,-43],[69,-354],[7,-82],[32,-182],[24,-80],[35,-85],[102,-189],[41,-37],[6,-57],[44,-49],[28,-12],[19,-37],[27,-20],[68,-15],[54,14],[46,-4],[71,21],[34,-26],[14,-58],[-8,-52],[-75,-104],[8,-92],[17,-33],[187,-178],[108,-79],[69,-84],[49,-98],[150,-134],[7,-63],[66,-104],[41,-88],[25,-111],[-11,-68],[-15,-33],[-8,-128],[-53,16],[-33,47],[-23,69],[4,73],[-30,111],[-13,21],[-51,14],[-47,-4],[-31,23],[-53,59],[18,44],[-53,34],[-44,-50],[-35,-100],[-29,-119],[-22,-43],[0,-65],[-30,-125],[-3,-53],[11,-62],[27,-29],[32,-4],[112,-159],[-10,-96],[2,-118],[15,-97],[-20,-40],[-34,22],[-39,-16],[-61,-71],[-23,-78],[12,-188],[-29,-73],[-39,-35],[-48,-122],[-13,-110],[-15,-37],[-75,-4],[-33,28],[-11,196],[52,52],[25,123],[4,52],[-26,59],[44,68],[40,-5],[13,22],[12,65],[0,62],[-17,19],[-16,54],[-10,76],[-9,155],[-14,76],[-22,60],[-26,105],[-8,132],[-33,122],[-12,23],[-30,4],[-26,-57],[-17,7],[-61,115],[-34,25],[-24,55],[18,89],[-26,117],[-40,85],[-98,-55],[-3,28],[23,51],[-6,28],[-51,66],[-28,-24],[-26,11],[-24,102],[-42,136],[-35,71],[-40,-10],[-81,41],[-44,-37],[-24,12],[-27,79],[-22,29],[-55,34],[-22,36],[-36,86],[-64,116],[-26,97],[-59,81],[-22,-4],[-35,140],[-22,53],[-70,76],[-47,6],[-5,72],[-30,86],[-32,66],[-28,31],[-26,52],[2,43],[-27,34],[-25,8],[-16,69],[3,70],[-7,77],[-26,101],[-28,56],[-8,48],[-7,182],[-9,60],[-41,100],[-17,19],[-87,51],[-134,167],[-116,56],[-19,2],[-70,-76],[-26,-103],[-35,-28],[-33,-113],[-24,-65],[-33,-33],[-79,-48],[-37,1]],[[53810,73675],[-17,-52],[-40,-46]],[[53745,73312],[16,-35],[26,-15],[-16,-70],[7,-30],[52,-40],[36,-84],[-18,-35],[-38,6]],[[53810,73009],[22,9]],[[53832,73018],[-17,62]],[[53815,73080],[-22,43]],[[53772,73143],[-11,1]],[[53757,73109],[-8,-18]],[[54033,65962],[-27,13],[-25,55],[10,70],[39,-48],[16,-37],[-13,-53]],[[55487,70884],[-2,-70],[21,-52],[67,65],[6,-10]],[[55579,70817],[19,-26],[19,-61],[7,-72],[51,-30]],[[55675,70628],[26,-52],[27,-185],[-9,-53]],[[55719,70338],[-20,-100],[4,-78],[-19,-57],[2,-41],[25,-65],[-17,-48],[5,-69],[23,-110],[17,-3],[22,-129],[56,7],[11,-46]],[[55828,69599],[0,-45],[19,-85],[-3,-80],[-25,-68],[-33,-5],[-11,-22],[-9,-86],[-26,-155],[-31,-22],[-34,-2],[-32,-51],[6,-50],[20,-56],[-9,-41],[-44,-101],[-45,26]],[[55571,68756],[-20,8]],[[55551,68764],[-1,51]],[[55550,68815],[2,73],[-37,127],[-35,43]],[[55480,69058],[-31,33]],[[55449,69091],[-32,35]],[[55417,69126],[-14,21],[-45,140],[14,7],[18,-59]],[[55390,69235],[7,-16]],[[55397,69219],[9,7]],[[55406,69226],[4,13]],[[55410,69239],[3,60]],[[55413,69299],[-10,90]],[[55403,69389],[-10,10]],[[55393,69399],[-7,2]],[[55386,69401],[-23,47],[13,36],[14,89]],[[55390,69573],[2,34]],[[55392,69607],[11,12]],[[55403,69619],[5,0]],[[55408,69619],[15,38]],[[55423,69657],[-4,26]],[[55419,69683],[-17,63]],[[55402,69746],[18,140]],[[55420,69886],[-1,16]],[[55419,69902],[-10,23]],[[55409,69925],[-6,1]],[[55403,69926],[-3,70]],[[55400,69996],[22,117]],[[55422,70113],[13,11]],[[55435,70124],[5,15]],[[55440,70139],[3,144],[-20,21]],[[55423,70304],[-13,12]],[[55410,70316],[-31,-2]],[[55379,70314],[-6,45],[15,138],[-31,57],[89,259],[12,58],[29,13]],[[56240,72375],[39,-66],[30,-13],[-4,-58],[-32,17],[-34,-46],[19,-100],[44,-51],[-1,-38]],[[56301,72020],[-20,-73],[-21,-44],[-34,-40],[-13,-126],[12,-79],[36,-174],[62,-64],[39,-113],[25,-25],[-8,-67],[-62,-151],[-41,2],[-42,-53],[1,-159],[30,-87]],[[56265,70767],[-43,-4],[-37,-41],[-34,-5],[-41,46],[-53,79],[-22,12]],[[56035,70854],[-5,-3]],[[56030,70851],[-20,52]],[[56010,70903],[-5,17]],[[56005,70920],[-12,74],[-27,83],[-27,37],[-39,18]],[[55900,71132],[-68,-18],[-46,106],[-25,-23],[-13,32]],[[55748,71229],[-9,19]],[[55739,71248],[-10,-28],[-64,-19],[-21,65],[-47,14],[-41,78],[-30,79],[-23,-9],[-22,46],[-42,4],[-29,75]],[[56265,70767],[-10,-55],[-43,-57]],[[56212,70655],[43,-125],[46,-61],[38,-27],[40,-181],[18,-36],[-21,-65],[3,-188],[-10,-23]],[[56369,69949],[-34,4],[-13,-30],[-7,-108],[-41,-26],[-68,11],[-23,26],[-79,-28],[-53,-145],[-52,-42],[-19,26],[-33,4],[-27,-33],[-92,-9]],[[55675,70628],[10,44],[2,73],[20,120],[37,56],[-37,60],[1,41],[-16,34]],[[55692,71056],[-36,24]],[[55656,71080],[-54,56],[-11,-15],[-34,72],[-41,23],[-18,53],[-23,2],[-45,67],[-22,85],[-52,55],[-16,34]],[[55627,73383],[32,-96],[59,-60],[36,-111],[24,10],[-10,-104],[12,-97],[49,-96],[79,-82],[39,-12],[29,-52],[-30,-122],[36,-24],[5,-34],[-52,-22]],[[56212,70655],[-11,26],[-36,-31],[-34,-11],[-62,21],[-40,-70],[-38,18]],[[55991,70608],[-27,6],[-46,-84],[-25,-1],[-29,38],[-88,-85],[-16,-155],[-41,11]],[[55579,70817],[-2,48],[12,38],[-22,40],[8,45],[49,-16],[6,38],[25,24]],[[55655,71034],[1,46]],[[55287,72480],[-7,32],[29,91],[-3,47],[18,85],[22,-20],[47,-5],[-2,40],[-41,8],[-42,37],[-36,60],[7,129],[-29,9],[18,65],[-3,85],[-40,91]],[[55991,70608],[-15,79],[21,7],[1,52],[34,73],[-2,32]],[[56035,70854],[2,61],[-27,-12]],[[56005,70920],[-24,30],[-44,12],[15,83],[-45,23],[-7,64]],[[55900,71132],[-21,16],[-8,77],[-48,9],[-24,31],[-16,73],[-27,-11],[-17,-79]],[[55748,71229],[-7,-63],[-22,-9],[-25,-44],[-2,-57]],[[55692,71056],[-14,-29],[-23,7]],[[55294,71313],[51,-15],[24,-60],[2,-34],[42,-67],[50,-42],[23,-78],[49,-51],[-9,-67],[-39,-15]],[[55379,70314],[-19,33],[-34,26],[-10,80],[-25,68],[-24,38],[-23,64],[-19,4],[-46,65],[9,62],[-49,-8]],[[53776,72924],[30,-24],[191,30],[29,42],[21,85]],[[54517,73616],[8,66],[26,3],[60,-41]],[[54943,71073],[-36,85]],[[56418,66280],[-16,-73],[-16,3],[-22,41],[-5,87],[9,40],[50,-98]],[[56781,66581],[-24,-2],[5,61],[47,18],[7,-65],[-35,-12]],[[57052,66577],[-13,-1],[-23,54],[13,43],[28,-52],[-5,-44]],[[57013,66831],[-16,-24],[-26,39],[17,63],[35,9],[-10,-87]],[[57079,66773],[-14,-4],[-25,114],[44,79],[17,-7],[10,-49],[-13,-113],[-19,-20]],[[56778,67051],[-9,83],[31,-20],[-22,-63]],[[57008,67210],[-32,12],[-34,64],[54,1],[16,-17],[-4,-60]],[[56751,67207],[-10,43],[8,48],[31,-3],[-29,-88]],[[55803,67408],[29,-65],[-35,4],[-17,-52],[-50,115],[4,62],[16,22],[26,-58],[27,-28]],[[56884,67543],[50,-90],[9,-79],[-12,-53],[-52,132],[-14,0],[-5,66],[24,24]],[[56539,67491],[-24,-33],[-14,15],[9,62],[28,-2],[1,-42]],[[55725,67828],[19,-84],[37,-117],[-6,-37],[-65,20],[-50,47],[-10,31],[16,91],[23,-12],[36,61]],[[55759,67768],[-10,5],[-23,110],[15,17],[25,-123],[-7,-9]],[[55756,67996],[-22,-33],[-28,-11],[4,86],[26,106],[22,-20],[-2,-128]],[[56855,68122],[-33,-25],[-30,87],[14,60],[21,-33],[28,-89]],[[56512,68172],[41,-77],[71,-59],[44,-7],[41,-19],[9,-183],[20,-126],[22,-42],[62,-10],[8,-60],[-7,-53],[-23,-23],[-26,27],[-67,160],[-26,114],[-16,20],[-25,-12],[-73,24],[-2,65],[-11,45],[-29,44],[-82,143],[-27,6],[-74,-8],[82,126],[49,24],[19,-28],[20,-91]],[[56598,68324],[-26,4],[-16,84],[51,-63],[-9,-25]],[[55534,68836],[-1,-50],[-22,-18],[1,-37],[22,-19],[2,-107],[-15,-18],[-9,74],[-47,89],[-10,54],[9,31],[70,1]],[[55807,68315],[6,90],[34,64],[1,67],[-17,92],[46,231],[20,32],[42,12],[35,34],[32,-27],[69,-10],[13,-25],[-18,-78],[28,-21],[19,-49],[33,-13],[20,41],[30,21],[4,55],[-9,33],[10,46],[41,39],[48,16]],[[56294,68965],[12,-12],[43,-127],[19,-138],[53,-95],[40,-94],[23,-104],[-38,-55],[4,55],[-28,89],[-50,39],[-33,-67],[3,-57],[38,-54],[7,-50],[22,-4],[-38,-78],[-52,-42],[-38,28],[-25,-31],[16,-29],[37,-2],[14,-28],[52,-24],[32,-45],[12,-43],[22,19],[36,-8],[-4,-55],[26,-43],[38,-6],[39,-108],[79,-49],[32,-62],[-19,-92],[7,-140],[15,-53],[-6,-83],[-32,-8],[-12,64],[-37,53],[-58,105],[3,45],[-32,-16],[-12,-25],[-50,-8],[-35,-43],[-25,3],[-3,-53],[26,-3],[13,-60],[4,-103],[46,-59],[25,-4],[28,-49],[-6,-26],[-40,-5],[-35,-27],[-8,-55],[-14,-4],[-23,42],[17,67],[-98,102],[-14,-19],[1,-56],[49,-222],[28,-110],[2,-64],[28,-119],[-24,-33],[2,-68],[21,-48],[25,-88],[-31,-1],[-33,59],[-52,200],[-42,3],[-16,-21],[-26,-126],[8,-105],[-9,-36],[-22,51],[-12,162],[-16,83],[-31,56],[-11,42],[2,49],[-26,8],[-36,-40],[-1,-85],[10,-42],[-24,-54],[-14,53],[-34,14],[2,93],[-36,85],[1,100],[31,82],[-13,90],[-32,90],[-37,61],[-32,95],[-48,44],[5,66],[15,-5],[28,47],[23,86],[5,70],[61,-44],[19,16],[29,96],[21,24],[29,-7],[73,-105],[88,-51],[51,-50],[39,-75],[32,29],[-27,51],[21,22],[40,-16],[32,30],[3,38],[-30,41],[-48,-2],[-48,23],[-23,61],[-43,15],[-35,73],[-9,-81],[-51,2],[-42,44],[-26,8],[-65,-40],[-21,1],[-27,-28],[-51,84],[-33,-80],[-21,-15],[-7,67],[-42,200],[-24,43],[-36,20],[-10,32],[13,92],[53,7],[31,-56],[22,85],[-17,50],[-16,-27],[-38,41]],[[56624,65763],[53,5],[24,51],[22,-44],[-7,-63],[26,-64],[53,-1],[44,24],[46,10],[49,-4],[25,-38],[41,-12],[49,0],[14,-29],[64,35],[21,-31],[-2,-113],[24,-22],[23,47],[37,34],[23,-14],[52,56],[-3,-109],[-14,-68],[-29,-28],[-41,25],[-110,-18],[-23,-19],[-48,3],[-88,-39],[-73,11],[-4,92],[-49,19],[-9,28],[-39,35],[-55,9],[-44,-6],[-59,39],[-39,-16],[-25,6],[-20,45],[13,166],[24,-20],[22,34],[-6,77],[17,6],[5,-82],[16,-17]],[[57544,65709],[-11,-14],[-15,124],[26,89],[15,-3],[-10,-86],[7,-89],[-12,-21]],[[57722,66029],[-19,14],[2,138],[-6,44],[24,75],[27,48],[46,49],[39,27],[0,-71],[-19,-96],[-21,-71],[-30,-48],[-18,-60],[-25,-49]],[[57226,67652],[-42,69],[35,71],[-13,82],[-33,60],[17,34],[32,9],[44,-42],[-7,-93],[7,-79],[-34,-80],[-6,-31]],[[57240,68325],[-56,50],[-2,71],[35,14],[53,40],[-1,32],[43,1],[26,-36],[-11,-40],[27,-35],[37,-123],[-24,-54],[-55,3],[-38,29],[-27,42],[52,58],[-6,33],[-26,-11],[-27,-74]],[[57067,68989],[-25,-72],[-16,-73],[-17,76],[-19,-80],[-31,43],[-2,91],[25,14],[37,-13],[48,14]],[[57127,69280],[-27,-9],[-33,55],[23,22],[36,-10],[1,-58]],[[56881,69438],[-37,-39],[-36,58],[7,44],[31,56],[32,-41],[3,-78]],[[57319,66472],[-17,8],[-7,50],[33,37],[21,-30],[-30,-65]],[[57490,66612],[-13,39],[70,94],[31,9],[-11,-53],[-75,-62],[-2,-27]],[[57513,66786],[-36,1],[-9,91],[27,-21],[18,-71]],[[57227,67195],[-10,23],[25,63],[66,34],[-2,-46],[-25,-42],[-54,-32]],[[57518,67348],[-1,-14],[-68,-51],[-31,52],[-31,-23],[-6,40],[46,56],[69,-20],[22,-40]],[[55807,68315],[-24,31],[-13,-21],[-11,-94],[-14,87],[-42,80],[-16,64],[-36,9],[-14,25],[-22,84],[3,58],[-15,78],[-32,40]],[[56369,69949],[71,-13],[28,58],[43,3],[53,-22],[46,42],[50,3],[25,32],[7,45],[104,3],[27,-40],[12,-46],[42,-42]],[[56877,69972],[-27,-78],[-3,-57],[19,-12],[13,-51],[0,-48],[13,-92],[-2,-33]],[[56890,69601],[-50,2],[-17,64],[-47,-10],[-23,-70],[-62,-87],[-27,8],[-42,42],[-33,-31],[-9,-47],[29,-69],[9,-88],[16,-44],[81,-36],[18,-26],[39,-94],[-20,-46],[-41,115],[-31,10],[-40,54],[-49,-12],[-11,-38],[27,-76],[26,-13],[31,-45],[6,-70],[-21,-51],[-31,59],[-34,119],[-16,29],[-68,35],[-19,-50],[10,-48],[38,-83],[47,-41],[-20,-37],[-62,52],[-16,94],[-3,69],[-115,128],[-15,56],[37,54],[-9,55],[-100,-116],[13,-59],[-6,-71],[-17,-97],[13,-99],[18,-27]],[[56877,69972],[39,27],[45,-35],[35,-43],[15,-36],[27,-2],[62,50],[70,12],[19,-19],[72,32],[16,61],[-5,72],[-29,126],[27,24],[50,-25]],[[57320,70216],[60,-73],[18,-143],[-8,-59],[-78,-69],[0,-102],[13,-47],[-3,-53],[-41,-55],[-26,-94],[-19,-9]],[[57236,69512],[-6,41]],[[57230,69553],[3,11]],[[57233,69564],[-36,29]],[[57197,69593],[-29,4]],[[57168,69597],[-10,-1]],[[57158,69596],[-6,-2]],[[57152,69594],[-69,27]],[[57083,69621],[-23,14]],[[57060,69635],[-18,24]],[[57042,69659],[-49,2],[-10,49],[-29,-4],[-64,-105]],[[59209,65173],[-35,-33]],[[59174,65140],[-47,6]],[[59127,65146],[-43,-18],[-65,52]],[[59019,65180],[-18,27]],[[59001,65207],[-18,81]],[[58983,65288],[-18,128],[18,10]],[[58983,65426],[4,-6]],[[58987,65420],[19,-2]],[[59006,65418],[4,5]],[[59010,65423],[22,64],[39,36]],[[59071,65523],[18,-6]],[[59089,65517],[13,-13]],[[59102,65504],[25,-9]],[[59127,65495],[7,8]],[[59134,65503],[3,6]],[[59137,65509],[3,5]],[[59140,65514],[9,108],[18,28]],[[59167,65650],[75,-19]],[[59242,65631],[23,-7]],[[59265,65624],[4,-1]],[[59269,65623],[28,0]],[[59297,65623],[45,16]],[[59342,65639],[5,2]],[[59347,65641],[17,20]],[[59364,65661],[11,12]],[[59375,65673],[6,3]],[[59381,65676],[9,-2]],[[59390,65674],[13,2]],[[59403,65676],[5,3]],[[59408,65679],[27,21],[90,94]],[[59525,65794],[6,7]],[[59531,65801],[21,34]],[[59552,65835],[46,42]],[[59598,65877],[9,5]],[[59607,65882],[-5,-32]],[[59602,65850],[-51,-78]],[[59551,65772],[-29,-42]],[[59522,65730],[-6,-7]],[[59516,65723],[-10,-9]],[[59506,65714],[-74,-102],[-15,-70]],[[59417,65542],[-1,-13]],[[59416,65529],[1,-25]],[[59417,65504],[20,-54]],[[59437,65450],[16,-32]],[[59453,65418],[6,-17]],[[59459,65401],[9,-42]],[[59468,65359],[-6,-1]],[[59462,65358],[-25,15]],[[59437,65373],[-5,-2]],[[59432,65371],[-35,-16]],[[59397,65355],[-5,7]],[[59392,65362],[-14,5]],[[59378,65367],[-15,1]],[[59363,65368],[-12,-12]],[[59351,65356],[-5,-13]],[[59346,65343],[-2,-16]],[[59344,65327],[-1,-12]],[[59343,65315],[-9,-59],[-65,-66]],[[59269,65190],[-14,-8]],[[59255,65182],[-29,-12]],[[59226,65170],[-17,3]],[[57307,71884],[101,29],[67,46],[35,8],[53,-19],[50,-71],[75,5],[17,-50],[51,32],[21,-104],[72,-68],[63,-15],[27,6]],[[57939,71683],[-3,-45],[6,-134],[-32,-79],[-50,20],[-41,-12],[-18,-34]],[[57801,71399],[-19,-95],[-20,-42],[-16,-94],[4,-130],[-2,-110],[-45,6],[-62,-114],[-17,-57],[19,-28],[28,9],[17,-21],[28,-137]],[[57716,70586],[4,-9]],[[57720,70577],[-25,-5],[-7,-3],[-24,2],[-44,-8],[-37,-14],[-64,-60]],[[57519,70489],[-30,-64],[-95,-22],[-7,-13]],[[57387,70390],[-38,2],[-23,64],[-45,-36],[0,-56],[-16,-74],[-41,-27],[-9,-37],[-48,-56],[-50,5],[-18,65],[-32,9],[-30,28],[-64,13],[-23,-23],[-15,-55],[-19,-19],[-38,5],[-44,51],[-29,157],[-38,-65],[-24,-9],[7,-65],[-55,10],[-50,59],[-30,180],[-16,60],[-25,10],[-22,-47],[-26,-27],[-68,18],[-32,-41],[-37,32],[-27,65],[-23,9],[-38,51],[-18,83],[-18,38]],[[56301,72020],[64,-79],[27,-11],[-5,-58],[-31,-22],[-12,-63],[8,-37],[55,-31],[60,35],[39,3],[57,-43],[40,-5],[60,-32],[56,-43],[46,9],[40,46],[52,-31],[93,-5],[56,-17],[43,-46],[43,15],[70,50],[44,97],[54,97],[47,35]],[[57307,71884],[37,-99],[48,-52],[65,-27],[31,-45],[58,-24],[26,-29],[56,-10],[30,-50],[51,-37],[15,-74],[41,-31],[36,-7]],[[57716,70586],[17,-37],[5,-9]],[[57738,70540],[11,-22]],[[57749,70518],[28,-69],[5,-35]],[[57782,70414],[-42,12],[-65,-35],[-17,-34],[-49,72],[-9,39],[-36,33],[-45,-12]],[[57387,70390],[-17,-91],[-42,-5],[-8,-78]],[[57230,69553],[3,11]],[[57197,69593],[-29,4]],[[57168,69597],[-10,-1]],[[57158,69596],[-6,-2]],[[57083,69621],[-23,14]],[[57060,69635],[-18,24]],[[57782,74965],[18,-39]],[[57800,74926],[36,-39],[24,24]],[[57860,74911],[25,-54],[32,-22],[15,20],[69,-26],[21,-85],[22,-44],[31,22],[29,-16],[23,-135],[-18,-114],[-16,-43],[15,-79],[15,13],[32,-57],[15,-62],[42,33],[9,-42],[-7,-98],[6,-86],[-6,-55],[82,-61],[21,-31],[8,-55],[-2,-124],[-9,-52]],[[58314,73658],[22,-24]],[[58336,73634],[14,-20]],[[58350,73614],[15,-6]],[[58365,73608],[4,-12]],[[58369,73596],[-9,-22],[-49,1],[-15,-26],[-37,68],[-37,-46],[-30,47],[-40,20],[-12,-47],[-24,2],[-5,99],[-45,-35],[-29,-48],[4,-101],[25,-67],[-20,-137],[-57,-32],[1,-71],[-24,-60],[-23,-8],[-29,-74],[9,-13],[2,-83],[-14,-18],[-46,15],[-27,-51]],[[57838,72909],[-42,91],[24,31],[3,66],[-20,197],[4,79],[24,164],[15,70],[-5,176],[-31,127],[-11,95],[-37,45],[-41,79],[-22,96],[-23,14],[-45,130],[-11,57],[-37,67],[-40,235],[-43,123],[-51,65],[-51,14]],[[57398,74930],[19,53],[29,-5],[48,18],[72,8],[78,71]],[[57644,75075],[7,-1]],[[57651,75074],[60,-12],[35,-64]],[[57746,74998],[36,-33]],[[57310,74879],[2,-11]],[[57312,74868],[40,27],[17,-7],[29,42]],[[57838,72909],[44,-112],[90,-58],[27,13],[14,45],[33,14],[71,76],[52,7],[47,-34],[25,-68],[-1,-60]],[[58240,72732],[-7,-165],[-9,-98],[-16,-18],[-94,-19],[-40,21],[-7,73],[17,28],[-34,31],[-31,-47],[-2,-45],[23,-37],[-5,-35],[-37,-45],[-10,-141],[33,11],[-65,-149],[-3,-123],[8,-131],[-22,-160]],[[57323,75105],[17,-23],[23,29],[23,-11],[52,62],[36,-22],[82,8],[8,29],[35,-7],[19,-67],[26,-28]],[[57651,75074],[64,-30],[31,-46]],[[57782,74965],[18,-39]],[[57800,74926],[60,-15]],[[57860,74911],[-12,-37],[38,-74],[22,8],[30,-30],[34,-86],[34,-26],[26,-48],[-6,-146],[11,-79],[19,-26],[-9,-49],[28,-30],[-4,-87],[19,-79],[35,0],[25,-55],[-15,-78],[32,-13],[33,-68],[29,-14],[4,-48],[-18,-38],[45,-32],[-3,-42],[21,-13],[36,-63]],[[58314,73658],[22,-24]],[[58336,73634],[14,-20]],[[58350,73614],[15,-6]],[[58369,73596],[29,12],[6,-100],[70,-139]],[[58474,73369],[-73,-160],[-23,-32]],[[58378,73177],[-5,-6]],[[58373,73171],[-27,-6]],[[58346,73165],[-5,14]],[[58341,73179],[-13,8]],[[58328,73187],[-15,-18]],[[58313,73169],[-35,-60],[6,-35],[-23,-45],[-17,52],[0,78],[-12,12],[-11,-99],[-1,-91],[7,-50],[37,-27],[2,-92],[-8,-69],[-18,-11]],[[56853,74642],[41,-41],[21,-67]],[[56915,74534],[61,32],[30,84],[31,29],[46,12],[78,2],[16,19],[100,29]],[[57277,74741],[20,52],[15,75]],[[55817,79981],[11,31]],[[55828,80012],[17,57],[14,94],[-1,125]],[[55858,80288],[6,-10]],[[55864,80278],[6,-51],[-9,-150],[-32,-104]],[[56460,82242],[-9,5]],[[56451,82247],[-7,7]],[[56444,82254],[-16,-2]],[[56428,82252],[-18,-22]],[[56410,82230],[-4,-20]],[[56406,82210],[-10,-20]],[[56396,82190],[-75,-85]],[[56321,82105],[-30,-7]],[[56291,82098],[-47,9],[-57,-45],[-20,-139]],[[56167,81923],[-29,-40]],[[56138,81883],[-32,26],[28,81]],[[56134,81990],[6,3]],[[56140,81993],[13,2]],[[56153,81995],[-4,53]],[[56149,82048],[-18,9]],[[56131,82057],[-64,84]],[[56067,82141],[11,37]],[[56078,82178],[34,11],[-47,108]],[[56065,82297],[25,8]],[[56090,82305],[19,-1]],[[56109,82304],[33,-17]],[[56142,82287],[22,39]],[[56164,82326],[37,22]],[[56201,82348],[49,18]],[[56250,82366],[34,-7],[53,17]],[[56337,82376],[16,1]],[[56353,82377],[31,-13],[77,-74],[-1,-48]],[[95407,82282],[-23,53],[30,20],[55,114],[16,106],[26,73],[108,80],[56,70],[40,18],[35,-146],[-8,-90],[-136,-55],[-167,-174],[-32,-69]],[[56457,82415],[7,-4]],[[56464,82411],[12,-10]],[[56476,82401],[8,-7]],[[56484,82394],[15,-61],[-49,-18],[-43,43],[22,55],[28,2]],[[96697,79421],[-15,-1],[-45,76],[-43,33],[-79,106],[13,38],[64,-73],[105,-179]],[[88104,79857],[-27,-126],[-36,-14],[-41,68],[66,65],[38,7]],[[88330,79692],[-20,-84],[-40,-60],[-36,-29],[-44,164],[-47,-43],[-19,29],[33,92],[23,24],[24,112],[27,19],[18,-35],[110,-62],[2,-45],[-31,-82]],[[96143,80011],[41,-15],[-12,-54],[12,-76],[34,-90],[71,-112],[7,-79],[-28,-9],[-23,47],[-31,22],[-55,107],[-29,70],[3,28],[-26,79],[-42,36],[-2,28],[33,42],[47,-24]],[[93445,76649],[-61,15],[1,66],[42,60],[42,-9],[-1,-62],[-23,-70]],[[93274,76312],[-48,-3],[-72,-93],[-41,15],[3,115],[7,48],[53,47],[63,16],[28,52],[24,94],[10,72],[42,58],[20,-12],[11,-168],[-71,-186],[-29,-55]],[[93227,76757],[-40,19],[-8,47],[15,24],[40,-11],[-7,-79]],[[92283,74144],[14,-33],[-27,-46],[-44,-124],[-53,-79],[-31,12],[-3,33],[46,16],[42,88],[56,133]],[[89840,75674],[-24,-10]],[[89816,75664],[-14,-7]],[[89802,75657],[-7,-4]],[[89795,75653],[-20,-18]],[[89775,75635],[-33,-41]],[[89742,75594],[-11,-23]],[[89731,75571],[-5,-14]],[[89726,75557],[-8,-30]],[[89718,75527],[-6,-55],[7,-75],[-36,-148]],[[89683,75249],[-22,-112]],[[89661,75137],[-5,-24]],[[89656,75113],[-4,-27]],[[89652,75086],[-60,-343],[0,-151],[19,-126]],[[89611,74466],[5,-19]],[[89616,74447],[3,-13]],[[89619,74434],[23,-66]],[[89642,74368],[21,-44]],[[89663,74324],[36,-50],[27,-76],[26,-257],[-3,-38]],[[89749,73903],[-4,-16]],[[89745,73887],[25,-79],[49,-18],[7,76],[32,16],[9,-74],[0,-89],[22,-143]],[[89889,73576],[-4,-23]],[[89885,73553],[-26,-105]],[[89859,73448],[-5,-11]],[[89854,73437],[-3,-38]],[[89851,73399],[2,-26]],[[89853,73373],[-13,58],[-24,159],[12,93],[-8,20]],[[89820,73703],[-52,21]],[[89768,73724],[-9,3]],[[89759,73727],[-6,-4]],[[89753,73723],[-9,-4]],[[89744,73719],[-20,5]],[[89724,73724],[-36,6]],[[89688,73730],[-21,-3]],[[89667,73727],[-7,3]],[[89660,73730],[-9,37]],[[89651,73767],[-4,25]],[[89647,73792],[-1,25]],[[89646,73817],[-3,17]],[[89643,73834],[-33,-22]],[[89610,73812],[-20,-21]],[[89590,73791],[-10,-13]],[[89580,73778],[-19,-59],[-35,-174],[-27,-229]],[[89499,73316],[-31,-94]],[[89468,73222],[-10,17]],[[89458,73239],[-35,94],[3,27]],[[89426,73360],[-10,134]],[[89416,73494],[-4,29]],[[89412,73523],[-10,51]],[[89402,73574],[-5,30]],[[89397,73604],[-5,121]],[[89392,73725],[45,219]],[[89437,73944],[13,58]],[[89450,74002],[2,13]],[[89452,74015],[8,109],[-8,62]],[[89452,74186],[-4,15]],[[89448,74201],[-6,12]],[[89442,74213],[-6,11],[-6,147],[3,80],[34,172]],[[89467,74623],[5,18]],[[89472,74641],[7,15]],[[89479,74656],[17,50],[-9,208],[-21,121],[-47,145]],[[89419,75180],[-6,31]],[[89413,75211],[-4,20]],[[89409,75231],[-2,71]],[[89407,75302],[14,34]],[[89421,75336],[9,12]],[[89430,75348],[4,12]],[[89434,75360],[17,128],[12,148]],[[89463,75636],[-2,16]],[[89461,75652],[11,102]],[[89472,75754],[5,34]],[[89477,75788],[4,48]],[[89481,75836],[2,20]],[[89483,75856],[5,168],[-9,76]],[[89479,76100],[13,145],[-7,171],[-29,151],[14,195],[10,57],[24,59],[13,76],[-3,53],[-47,176],[-3,54],[-42,70],[-35,77],[6,78],[-47,73],[-2,144],[14,66],[-15,97],[8,52],[34,69],[14,71],[5,195],[18,116],[-25,102],[-6,101],[-11,52],[58,63],[67,46],[4,-76],[32,-41],[34,22],[23,57],[35,36],[-20,39],[-28,-16],[-2,83],[39,10],[25,-29],[19,48],[-4,66],[-26,36],[4,73],[-58,119],[-29,90],[24,26],[26,-31],[15,68],[30,68],[22,-89],[54,-119],[-7,-65],[-29,-104],[0,-63],[62,-182],[34,-169],[17,-128],[12,-164],[2,-131],[-4,-126],[-10,-86],[-26,-15],[27,122],[-10,5],[-28,-152],[7,-49],[-13,-171],[-2,-83],[29,-59],[24,-107],[-15,-37],[-12,-110],[26,-9],[5,76],[33,-86],[2,-102],[-21,-9],[43,-76],[15,-176],[20,-139],[17,-199],[20,-166],[55,-189],[15,-96]],[[90012,76104],[5,-38]],[[90017,76066],[42,-269],[17,-151],[36,-166],[79,-121],[3,-66]],[[90194,75293],[-3,-19]],[[90191,75274],[14,-71]],[[90205,75203],[-17,1]],[[90188,75204],[-13,103],[-21,74]],[[90154,75381],[-6,15]],[[90148,75396],[-25,54]],[[90123,75450],[-24,22],[-29,70]],[[90070,75542],[-30,60]],[[90040,75602],[-63,56]],[[89977,75658],[-14,3]],[[89963,75661],[-45,15],[-97,70]],[[89821,75746],[-19,-2]],[[89802,75744],[7,-59]],[[89809,75685],[8,-1]],[[89817,75684],[6,1]],[[89823,75685],[11,2]],[[89834,75687],[64,0]],[[89898,75687],[7,-8]],[[89905,75679],[-65,-5]],[[92997,75668],[-23,-20],[-32,19],[2,59],[28,78],[12,73],[19,39],[24,-9],[-6,-58],[-25,-82],[13,-60],[-12,-39]],[[92939,75530],[-20,-18],[-18,64],[33,-8],[5,-38]],[[92784,75260],[-10,40],[35,85],[20,-46],[-45,-79]],[[2100,86766],[-64,6],[31,78],[69,10],[40,-55],[-76,-39]],[[56356,82532],[-5,-8]],[[56351,82524],[6,-28]],[[56357,82496],[-11,-7]],[[56346,82489],[-29,21]],[[56317,82510],[-6,-15]],[[56311,82495],[-27,-65],[-42,10],[-7,93],[-31,41]],[[56204,82574],[-17,-2]],[[56187,82572],[-23,42]],[[56164,82614],[51,3]],[[56215,82617],[26,19]],[[56241,82636],[5,10]],[[56246,82646],[10,22]],[[56256,82668],[15,33]],[[56271,82701],[33,-15]],[[56304,82686],[6,-31]],[[56310,82655],[4,-2]],[[56314,82653],[61,-25],[26,-90],[-45,-6]],[[56338,83349],[70,-14],[-7,-36],[-46,3],[-17,47]],[[91830,82666],[-37,15],[56,82],[22,-44],[-41,-53]],[[56421,82671],[69,-1],[3,-36],[-57,-9],[-15,46]],[[55618,83372],[-26,-5],[-36,47],[27,24],[28,-21],[7,-45]],[[56340,83535],[3,-96],[-29,-66],[-73,-3],[-15,111],[10,48],[38,-12],[66,18]],[[55855,85729],[60,-26],[36,-33],[-33,-31],[-42,16],[-21,74]],[[56353,86104],[-54,1],[35,55],[19,-56]],[[59941,86949],[-13,-5],[-56,99],[5,52],[62,10],[16,-21],[7,-108],[-21,-27]],[[56894,86942],[-63,3],[7,65],[62,14],[-6,-82]],[[61229,86658],[-52,12],[10,41],[-18,64],[35,22],[25,-139]],[[55541,83431],[-7,8]],[[55534,83439],[-36,68]],[[55498,83507],[38,66],[-7,86],[103,-90],[-31,-80],[-39,106],[-31,-69],[31,-44],[-21,-51]],[[56110,83612],[-59,33],[31,46],[28,-79]],[[658,89360],[-34,-49],[38,-31],[71,26],[33,-71],[76,-12],[204,-153],[56,-33],[158,-121],[52,-108],[16,-78],[-39,-56],[72,0],[16,52],[58,-41],[14,-56],[-30,-13],[-18,-134],[11,-81],[29,-33],[19,-129],[-70,-68],[25,-40],[111,-46],[3,-153],[33,16],[50,73],[57,0],[14,-93],[44,28],[6,55],[-44,48],[-85,24],[-21,23],[81,68],[3,70],[-35,155],[-85,82],[155,-12],[69,29],[97,-55],[-22,-58],[-1,-93],[44,0],[-6,100],[112,-50],[66,3],[10,42],[60,-7],[111,8],[56,-13],[3,-66],[21,-33],[62,-33],[-2,-49],[34,-52],[107,-76],[49,-49],[43,-72],[107,-78],[-6,-76],[85,15],[58,-27],[-15,-91],[-77,25],[-33,-15],[-81,-70],[-36,-46],[18,-23],[-5,-109],[-29,-42],[-72,16],[-95,77],[-29,-33],[88,-83],[-8,-62],[-50,-1],[-44,33],[-88,-18],[-84,13],[-25,24],[-52,-1],[-17,72],[-85,29],[-10,-51],[76,-41],[5,-109],[58,17],[-44,-128],[-92,0],[21,-40],[75,7],[23,-17],[34,-84],[-83,-110],[-31,-4],[-67,-53],[2,-51],[-50,-77],[56,-53],[82,-34],[27,-92],[-69,-25],[-76,43],[-4,-80],[-27,-40],[-55,-20],[-67,53],[37,95],[-83,-80],[-47,9],[-84,56],[-24,95],[-166,131],[-70,43],[-35,-27],[-88,6],[-6,52],[-47,50],[-46,22],[-30,43],[29,34],[8,70],[-23,53],[-18,117],[-42,53],[-81,20],[-60,44],[-134,36],[-39,-12],[-55,-63],[-81,-22],[-186,0],[-52,28],[28,131],[-45,40],[-53,83],[-28,91],[51,11],[14,75],[37,36],[10,165],[-12,5],[-65,-139],[-66,-22],[-25,52],[-91,-87],[-70,41],[-20,-48],[-17,-125],[23,-109],[115,-119],[2,-69],[-61,-73],[-8,-118],[-37,-73],[-83,-68],[0,719],[0,720],[0,719],[0,656],[67,-46],[82,12],[20,-79],[130,-40],[58,-81],[-7,-81],[190,-82],[29,-100],[89,25]],[[69245,88254],[36,13],[23,-37],[69,4],[95,-54],[4,-113],[-65,-39],[-82,96],[-18,71],[-29,49],[-33,10]],[[61864,88184],[-73,42],[57,17],[16,-59]],[[97069,90432],[-49,-43],[7,-75],[-34,-58],[-96,0],[-192,95],[-27,45],[-80,47],[64,89],[73,48],[134,-41],[33,-22],[100,-22],[63,-34],[4,-29]],[[66516,90764],[99,-109],[73,-45],[111,-105],[19,-82],[-30,-42],[-65,-46],[-46,27],[-32,-21],[-90,18],[4,71],[-51,52],[-115,-22],[-96,113],[-26,45],[8,48],[-55,82],[97,101],[68,57],[92,-81],[35,-61]],[[73086,90704],[-39,-44],[-54,50],[24,36],[69,-42]],[[73210,90941],[17,-21],[-23,-81],[-36,38],[42,64]],[[99999,91670],[0,-387],[-58,-32],[-31,-41],[-93,-3],[-69,-18],[-70,-44],[-62,162],[15,53],[53,79],[99,71],[86,90],[52,13],[78,57]],[[398,91691],[91,-63],[63,-22],[14,-36],[145,-120],[-52,-83],[-84,-54],[-247,-43],[-120,-50],[-68,3],[-140,60],[0,387],[103,30],[90,-19],[73,34],[132,-24]],[[64682,91557],[-12,-55],[69,-48],[43,-54],[-49,-99],[-65,60],[-10,40],[-55,58],[-57,-1],[-38,30],[11,48],[122,37],[41,-16]],[[88322,91648],[-79,-67],[-46,46],[-107,-1],[-33,39],[78,38],[128,9],[59,-64]],[[73158,91059],[-23,-9],[-16,-110],[21,-43],[-63,-19],[13,166],[19,86],[49,23],[23,-72],[-23,-22]],[[94615,91151],[-50,19],[-7,57],[65,-17],[-8,-59]],[[94765,89902],[-11,66],[12,125],[-26,44],[10,49],[74,49],[5,-59],[-27,-31],[20,-41],[-12,-87],[22,-153],[-67,38]],[[63975,89958],[0,-40],[-53,-41],[-45,24],[-78,-146],[-65,-46],[-183,-62],[-56,5],[-102,115],[-1,122],[16,117],[40,90],[47,56],[118,61],[84,-10],[220,-155],[58,-90]],[[68683,90167],[-62,16],[29,72],[54,15],[8,-40],[-29,-63]],[[94868,90147],[-28,30],[-9,92],[66,-12],[-4,-88],[-25,-22]],[[59716,73122],[0,-1]],[[59716,73121],[25,-84],[69,-185],[39,-57],[24,-4],[42,26],[46,54],[20,-24]],[[59981,72847],[6,-5]],[[59987,72842],[10,-4]],[[59997,72838],[7,2]],[[60004,72840],[7,12]],[[60011,72852],[8,34]],[[60019,72886],[18,24]],[[60037,72910],[43,5]],[[60080,72915],[87,-33],[9,-50]],[[60176,72832],[-4,-12]],[[60172,72820],[-13,-1]],[[60159,72819],[-22,5],[-18,-48]],[[60119,72776],[-6,-52]],[[60113,72724],[-1,-31]],[[60112,72693],[13,-57],[-62,-51]],[[60063,72585],[-26,10]],[[60037,72595],[-35,-6]],[[60002,72589],[-4,-10]],[[59998,72579],[-38,-8]],[[59960,72571],[-7,5]],[[59953,72576],[-6,22]],[[59947,72598],[-47,63],[-32,5],[-32,-41]],[[59836,72625],[-4,-15]],[[59832,72610],[-41,-61]],[[59791,72549],[-28,-46]],[[59763,72503],[-4,-12]],[[59759,72491],[-3,-16]],[[59756,72475],[-3,-20]],[[59753,72455],[-3,-14]],[[59750,72441],[-38,24],[-67,-22],[-57,-46],[-22,-29]],[[59566,72368],[-11,-39]],[[59555,72329],[-6,-21]],[[59549,72308],[-5,-20]],[[59544,72288],[-7,-32]],[[59537,72256],[-57,-82]],[[59480,72174],[-33,-28]],[[59447,72146],[-15,-11]],[[59432,72135],[-33,12]],[[59399,72147],[-12,-7]],[[59387,72140],[-24,5],[-36,70]],[[59327,72215],[-11,-4]],[[59316,72211],[-22,19]],[[59294,72230],[-20,34]],[[59274,72264],[46,46],[-10,113]],[[59310,72423],[3,11]],[[59313,72434],[8,33]],[[59321,72467],[12,11]],[[59333,72478],[6,43],[-16,122]],[[59323,72643],[-5,16]],[[59318,72659],[-9,15]],[[59309,72674],[-33,39]],[[59276,72713],[-9,0]],[[59267,72713],[-7,-7]],[[59260,72706],[-17,-14],[-28,25],[-67,110],[-26,12]],[[59122,72839],[-32,-3]],[[59090,72836],[-11,-14]],[[59079,72822],[-8,-17]],[[59071,72805],[-24,6]],[[59047,72811],[-25,53],[13,46]],[[59035,72910],[13,18]],[[59048,72928],[72,88]],[[59120,73016],[18,27]],[[59138,73043],[9,11]],[[59147,73054],[25,21]],[[59172,73075],[45,37]],[[59217,73112],[21,6],[46,61]],[[59284,73179],[16,12]],[[59300,73191],[39,21]],[[59339,73212],[41,34]],[[59380,73246],[-40,53],[-1,90],[-8,23]],[[59331,73412],[-19,-31]],[[59312,73381],[-4,-21]],[[59308,73360],[-4,-12]],[[59304,73348],[-6,-10]],[[59298,73338],[-13,-5]],[[59285,73333],[-44,69]],[[59241,73402],[-23,13]],[[59218,73415],[-17,-21]],[[59201,73394],[-62,-14],[-36,13],[-38,-15]],[[59065,73378],[-14,-9]],[[59051,73369],[-13,-13]],[[59038,73356],[-11,-1]],[[59027,73355],[-25,11]],[[59002,73366],[-20,12]],[[58982,73378],[-20,13]],[[58962,73391],[-6,33],[-60,60],[-73,39]],[[58823,73523],[14,21]],[[58837,73544],[10,2]],[[58847,73546],[9,-1]],[[58856,73545],[25,7]],[[58881,73552],[23,30]],[[58904,73582],[-14,40]],[[58890,73622],[-11,4]],[[58879,73626],[-54,29],[-32,-16],[-10,50]],[[58783,73689],[14,3]],[[58797,73692],[7,4]],[[58804,73696],[13,3]],[[58817,73699],[43,-26]],[[58860,73673],[54,-6]],[[58914,73667],[25,-14]],[[58939,73653],[46,-23],[19,28]],[[59004,73658],[-1,20]],[[59003,73678],[51,56]],[[59054,73734],[5,8]],[[59059,73742],[8,20]],[[59067,73762],[-35,-24]],[[59032,73738],[-17,-17]],[[59015,73721],[-10,-12]],[[59005,73709],[-6,-5]],[[58999,73704],[-28,2]],[[58971,73706],[-5,10]],[[58966,73716],[-10,16]],[[58956,73732],[-16,-14]],[[58940,73718],[-12,-15]],[[58928,73703],[-36,53]],[[58892,73756],[-6,14]],[[58886,73770],[-6,29]],[[58880,73799],[-1,24]],[[58879,73823],[-9,48]],[[58870,73871],[3,19]],[[58873,73890],[10,18]],[[58883,73908],[3,17]],[[58886,73925],[-3,100],[-39,124],[-25,52]],[[58819,74201],[-7,-15]],[[58812,74186],[25,-39],[15,-70]],[[58852,74077],[-7,-28]],[[58845,74049],[-1,-20]],[[58844,74029],[19,-64]],[[58863,73965],[8,-2]],[[58871,73963],[7,-23]],[[58878,73940],[-6,-25]],[[58872,73915],[-15,-16]],[[58857,73899],[-4,-11]],[[58853,73888],[10,-118]],[[58863,73770],[-14,-18]],[[58849,73752],[-13,-9]],[[58836,73743],[-20,8]],[[58816,73751],[-8,8]],[[58808,73759],[-33,-5]],[[58775,73754],[-5,-17]],[[58770,73737],[-24,35]],[[58746,73772],[7,10]],[[58753,73782],[10,35]],[[58763,73817],[13,56]],[[58776,73873],[-21,-41]],[[58755,73832],[-4,-17]],[[58751,73815],[-10,-34]],[[58741,73781],[-14,-31]],[[58727,73750],[-23,-17]],[[58704,73733],[-19,4]],[[58685,73737],[-25,13],[-66,-31]],[[58594,73719],[-30,-25]],[[58564,73694],[-15,-48]],[[58549,73646],[4,-26]],[[58553,73620],[-8,-47]],[[58545,73573],[-30,-91]],[[58515,73482],[-41,-113]],[[58378,73177],[-5,-6]],[[58346,73165],[-5,14]],[[58328,73187],[-15,-18]],[[55908,79953],[5,28],[-12,129],[-28,152],[-19,40],[-9,127],[6,60]],[[55851,80489],[-2,45]],[[55849,80534],[-1,16]],[[55848,80550],[-23,115],[-1,90],[8,105],[17,1],[-5,96]],[[55844,80957],[3,20]],[[55847,80977],[1,14]],[[55848,80991],[2,109]],[[55850,81100],[23,22]],[[55873,81122],[32,36]],[[55905,81158],[27,46]],[[55932,81204],[11,28]],[[55943,81232],[4,17]],[[55947,81249],[0,136]],[[55947,81385],[2,31]],[[55949,81416],[4,15]],[[55953,81431],[7,10]],[[55960,81441],[7,12]],[[55967,81453],[31,79]],[[55998,81532],[13,33]],[[56011,81565],[7,20]],[[56018,81585],[3,12]],[[56021,81597],[8,19]],[[56029,81616],[13,17]],[[56042,81633],[29,9]],[[56071,81642],[12,-2]],[[56083,81640],[6,-2]],[[56089,81638],[35,19]],[[56124,81657],[14,12]],[[56138,81669],[51,37]],[[56189,81706],[55,39]],[[56244,81745],[28,12]],[[56272,81757],[7,-5]],[[56279,81752],[-3,-80],[43,-74]],[[56319,81598],[43,-58]],[[56362,81540],[10,-17]],[[56372,81523],[54,-48],[29,-140],[3,-39]],[[56458,81296],[1,-10]],[[56459,81286],[26,-34]],[[56485,81252],[66,-56]],[[56551,81196],[50,-6]],[[56601,81190],[6,2]],[[56607,81192],[18,10]],[[56625,81202],[6,3]],[[56631,81205],[23,16]],[[56654,81221],[55,62]],[[56709,81283],[19,23]],[[56728,81306],[42,65]],[[56770,81371],[8,23]],[[56778,81394],[2,74],[-34,345],[8,27]],[[56754,81840],[21,96]],[[56775,81936],[4,13]],[[56779,81949],[18,93]],[[56797,82042],[-5,22]],[[56792,82064],[4,41]],[[56796,82105],[5,11]],[[56801,82116],[14,18]],[[56815,82134],[5,32],[-26,39],[-36,6]],[[56758,82211],[-9,-25]],[[56749,82186],[-3,-26]],[[56746,82160],[-51,-58],[-36,58],[-68,39],[-29,111],[-28,24],[-8,98]],[[56526,82432],[11,34]],[[56537,82466],[-31,125]],[[56506,82591],[4,18]],[[56510,82609],[-8,54]],[[56502,82663],[7,30]],[[56509,82693],[13,23]],[[56522,82716],[-4,82],[73,50],[47,0]],[[56638,82848],[10,0]],[[56648,82848],[26,11],[4,75]],[[56678,82934],[8,1]],[[56686,82935],[9,-6]],[[56695,82929],[5,-6]],[[56700,82923],[7,-11]],[[56707,82912],[10,-11]],[[56717,82901],[61,92],[37,-12]],[[56815,82981],[52,-3]],[[56867,82978],[17,46],[74,-4]],[[56958,83020],[8,7]],[[56966,83027],[21,7],[57,-29],[16,9]],[[57060,83014],[20,44]],[[57080,83058],[60,4],[2,68],[44,-47],[30,24],[27,-23],[52,-11],[54,-32]],[[57349,83041],[8,-5]],[[57357,83036],[12,3]],[[57369,83039],[40,7],[58,-64]],[[57467,82982],[11,-6]],[[57478,82976],[14,-4]],[[57492,82972],[17,-2]],[[57509,82970],[5,0]],[[57514,82970],[10,0]],[[57524,82970],[96,4],[115,-29],[41,34]],[[57776,82979],[7,18]],[[57783,82997],[12,87]],[[57795,83084],[-20,64],[23,76],[34,-33],[13,-51],[49,18],[5,86],[22,27],[58,-57],[29,2],[55,59],[9,74],[37,27],[166,-51],[69,-45],[32,-7],[25,75],[-21,22],[-62,21],[-15,48]],[[58303,83439],[-4,37],[-44,34],[-39,4],[-50,-28],[-66,7],[-44,20],[-60,99],[-53,38],[-4,74],[34,-21],[-11,85],[19,71],[-16,42],[-74,-51],[-19,-51],[-54,-47],[-90,-2],[-4,15]],[[57724,83765],[-20,-26],[-122,-5],[-22,57],[-54,-37],[-33,-40],[-66,-36],[-54,1],[-16,-26],[-75,2],[-11,-54],[-54,27],[-11,-61],[-42,-17],[-49,45],[-17,-46],[-80,-4],[-1,-41],[-66,-35],[-97,-10],[-4,-48],[-33,-46],[-31,56],[-156,-77],[-66,6],[-18,63],[-68,-158],[-97,-23],[51,52],[7,66],[31,23],[-64,40],[-33,63],[9,51],[31,47],[-125,-50],[-33,22],[50,99],[-98,4],[-45,45],[-75,51],[-20,59],[-54,-28],[-42,12],[-19,54],[10,73],[-18,79],[16,54],[16,163],[31,102],[-16,190],[10,58],[-12,106],[-66,147],[38,145],[-16,103],[-61,73],[4,69],[-17,36],[11,122],[81,86],[11,107],[18,22],[-1,99],[40,-8],[66,46],[24,-53],[104,68],[-5,65],[-37,56],[28,58],[30,-38],[53,160],[66,-39],[21,41],[6,74],[62,55],[48,14],[18,107],[35,-7],[59,106],[57,62],[19,82],[95,99],[9,71],[46,91],[1,38],[73,50],[87,28],[32,-64],[36,8],[1,49],[-37,23],[-5,42],[64,-25],[-8,58],[-34,54],[-7,44],[25,173],[-2,49],[-75,91],[-52,31],[-62,4],[-31,52],[-40,29],[-54,5],[-15,29]],[[56712,87554],[-37,148],[-40,98],[-45,30],[-24,170],[69,102],[1,122],[30,41],[-16,56],[-72,120],[-30,79],[10,75],[37,18],[6,94],[-93,45],[21,134],[-5,148],[42,62],[-68,61],[-94,179],[-64,68],[-126,56],[-90,13],[-44,65],[-45,11],[-37,50],[-143,151],[-50,18],[9,57],[-90,65]],[[55724,89890],[34,25],[84,-45],[21,46],[-17,91],[76,74],[100,-30],[185,-318],[14,-95],[42,19],[71,-33],[73,2],[36,-46],[75,44],[66,18],[33,79],[66,-5],[81,-79],[112,-35],[50,-58],[39,30],[26,120],[74,74],[57,2],[33,68],[-14,158],[8,79],[26,48],[34,143],[-3,59],[59,55],[60,79],[29,61],[92,11],[66,-32],[67,29],[3,27],[84,63],[94,7],[15,-61],[46,-61],[44,-17],[25,-49],[194,-83],[54,-159],[-49,-82],[-83,-97],[-6,-94],[43,-39]],[[58043,89883],[40,-11],[43,60],[16,141],[63,23],[100,61],[55,51],[27,117],[97,-88],[89,-5],[21,27],[1,84],[-25,73]],[[58570,90416],[107,-25],[84,-44]],[[58761,90347],[42,26],[6,66],[40,15],[16,56],[39,26],[44,-43],[70,-37],[32,-47],[99,-6],[53,-35],[-6,-57],[-59,-46],[-201,52],[-20,-44],[91,-17],[16,-48],[151,-23],[-16,-60],[99,44],[52,-19],[-12,-52],[47,-18],[64,5],[136,-11],[23,-26],[140,-43],[45,-1],[52,35],[188,-69],[81,-70],[93,-44],[249,-200],[91,-56],[62,-87],[78,-71],[29,-71],[48,34],[90,-60],[50,-66],[128,-108],[116,-24],[44,-56],[60,-36],[-9,-39],[37,-66],[65,11],[30,-32],[52,-7],[16,-41],[-4,-137],[32,-37],[-11,-119],[70,-36],[8,-59],[-48,-203],[-34,-55],[-100,-125],[-4,-31],[-77,-103],[-76,-45],[-29,-45],[-134,-59],[-86,-54],[-71,-12],[-114,-36],[-172,20],[-88,30],[-113,79],[-81,30],[-164,19],[-243,64],[-120,91],[-64,65],[-29,-2],[-53,-46],[-30,5],[-35,87],[-107,13],[-93,100],[-32,-73],[-82,67],[-79,93],[-29,59],[-1,43],[-119,55],[-30,-29],[84,-98],[-12,-75],[110,-81],[6,-56],[137,-73],[16,-49],[66,-71],[-79,-58],[123,-59],[63,-8],[16,-25],[111,-98],[84,-142],[27,-115],[-58,40],[-18,-43],[24,-84],[-29,-109],[-50,1],[-31,-48],[26,-75],[44,-27],[13,-96],[32,-66],[-6,-34],[45,-94],[6,-133],[-47,-76],[44,-24],[4,-41],[101,-94],[59,21],[16,35],[79,-70],[29,-80],[35,25],[47,-63],[-4,-89],[158,-78],[103,-23],[43,-53],[50,12],[32,73],[37,-12],[58,35],[23,47],[-9,91],[-39,60],[20,62],[-81,76],[-98,-50],[-53,40],[-55,98],[-53,112],[-54,31],[-28,103],[15,44],[39,-18],[50,50],[9,60],[-9,58],[46,35],[132,-58],[71,-63],[4,-49],[54,-57],[50,-28],[71,8],[-3,-40],[-90,-33],[41,-30],[84,31],[13,26],[110,-39],[170,-130],[54,-7],[22,80],[56,-23],[55,-58],[85,-8],[-31,133],[11,46],[-21,96],[-27,64],[-35,25],[-53,118],[-58,95],[-14,45],[13,105],[17,30],[161,125],[87,145],[84,22],[97,46],[116,134],[73,123],[30,66],[26,11],[116,-60],[4,-34],[160,24],[123,-125],[-109,-119],[117,64],[39,-2],[53,-71],[21,170],[33,95],[33,41],[10,82],[24,41],[-34,79],[34,37],[-1,82],[-87,147],[-73,4],[-43,67],[11,101],[67,195],[23,31],[-7,95],[44,306],[-68,92],[-79,51],[-101,97],[-12,62],[49,-5],[121,-81],[82,-21],[185,31],[106,-3],[177,-67],[34,-111],[72,-86],[68,-50],[11,-102],[41,-53],[-1,-76],[-84,7],[-73,-21],[-212,-45],[-14,-91],[-61,-31],[-46,-63],[-10,-81],[59,-61],[134,-81],[12,-68],[46,-124],[60,-55],[60,7],[73,30],[24,-40],[91,15],[122,58],[37,-5],[56,51],[15,95],[-20,49],[45,134],[30,57],[-38,88],[52,56],[40,-18],[57,45],[53,-19],[35,34],[59,11],[-29,85],[125,22],[145,96],[145,127],[67,45],[72,89],[83,-15],[122,48],[19,48],[57,6],[117,46],[-7,-36],[50,-20],[-21,-47],[-39,-22],[33,-54],[112,77],[14,58],[-63,66],[-53,22],[201,135],[74,56],[136,61],[179,30],[-23,-38],[-128,-23],[40,-61],[-25,-21],[-57,-128],[43,-76],[18,-90],[-73,-48],[-64,23],[-36,-15],[-21,-71],[159,-2],[40,-22],[58,27],[21,-31],[63,68],[20,-2],[32,-86],[58,4],[15,41],[-19,52],[39,86],[64,62],[63,33],[36,-4],[71,31],[38,40],[88,-39],[99,21],[62,-51],[63,-17],[70,19],[66,120],[91,9],[15,73],[85,32],[59,37],[124,41],[135,-170],[0,-37],[-69,-12],[-31,-55],[3,-140],[151,-64],[63,24],[35,69],[-32,94],[-25,30],[45,60],[32,-23],[95,10],[59,35],[57,99],[32,11],[4,132],[-91,27],[-17,135],[-69,108],[-36,122],[37,28],[98,-1],[12,97],[67,42],[140,-53],[160,-33],[114,1],[158,-25],[123,-36],[199,-85],[101,-61],[124,-99],[-35,-23],[29,-58],[38,45],[31,-30],[99,-50],[91,-23],[-46,-33],[108,-32],[76,-65],[86,-38],[105,-26],[-4,-47],[44,-64],[58,-32],[132,-135],[76,-42],[27,-57],[-19,-67],[22,-38],[73,65],[11,69],[93,171],[53,160],[-36,52],[-80,9],[-56,39],[-32,77],[-78,124],[-16,63],[22,45],[-40,60],[-41,19],[-46,52],[-87,30],[-69,47],[-80,-80],[-7,125],[29,176],[41,-29],[62,39],[23,61],[-61,75],[-2,26],[44,161],[-13,41],[35,147],[-6,46],[-58,35],[-117,-51],[-21,75],[41,54],[6,141],[35,106],[119,47],[177,136],[95,126],[43,74],[52,189],[89,441],[71,74],[21,94],[57,33],[38,-72],[166,19],[154,-10],[49,15],[169,-1],[133,-60],[134,-43],[77,-37],[-27,-76],[19,-144],[24,-81],[-31,-49],[-80,-240],[-39,-25],[6,-98],[-47,-86],[-67,-27],[-41,-52],[12,-48],[58,-88],[80,-68],[68,-38],[24,-42],[-16,-52],[55,-93],[5,-39],[-42,-162],[26,-61],[-1,-80],[-95,-93],[52,-93],[-35,-80],[10,-53],[44,-95],[-9,-67],[-33,-90],[23,-74],[1,-130],[-40,-115],[27,-171],[40,-72],[94,-71],[127,-114],[38,-68],[-56,-41],[-10,-49],[-86,-107],[-9,-91],[36,-92],[1,-79],[-36,-27],[-12,-68],[-46,-61],[-86,-26],[-2,-51],[-42,-53],[4,-90],[-101,-25],[37,-43],[-47,-92],[-1,-30],[-65,-88],[-103,-13],[31,-121],[21,-27],[-11,-56],[-131,-12],[-27,-67],[-83,-18],[-101,54],[9,68],[-57,23],[-47,66],[-32,14],[-70,-24],[-64,28],[-61,2],[-13,-56],[0,-104],[73,-70],[104,-27],[67,-52],[120,-51],[152,27],[94,-5],[100,-30],[35,-54],[58,-15],[94,54],[12,46],[-9,123],[33,51],[132,40],[12,47],[46,33],[101,44],[25,53],[59,47],[26,71],[9,111],[-13,48],[52,99],[124,123],[56,67],[18,93],[2,110],[-24,126],[-32,70],[-66,74],[-8,36],[30,65],[-10,81],[21,84],[42,36],[229,93],[176,53],[63,10],[79,-19],[25,-65],[-22,-51],[15,-35],[145,-119],[34,-48],[-5,-99],[-34,-45],[5,-41],[45,-23],[-45,-183],[29,-47],[-50,-105],[106,-72],[78,-73],[72,-15],[47,27],[42,-20],[100,29],[70,-24],[9,27],[-42,38],[-111,27],[-101,-18],[-43,46],[-77,-1],[-58,40],[14,225],[64,93],[115,23],[-17,75],[-36,28],[-2,69],[-47,18],[-18,70],[9,50],[-16,135],[-110,69],[-104,30],[-29,61],[-53,38],[-70,1],[-91,63],[-78,-3],[-78,16],[-94,-69],[-1,-28],[-116,-27],[-65,36],[-83,4],[-62,-44],[-61,69],[36,133],[-9,99],[-53,86],[-39,93],[38,96],[32,145],[-22,41],[178,285],[-5,107],[-107,122],[-8,85],[-47,57],[-45,139],[-62,66],[-85,50],[8,34],[122,155],[6,110],[58,38],[211,90],[134,92],[31,79],[6,115],[-27,192],[-55,83],[4,43],[67,31],[127,-95],[-42,-45],[87,-77],[-38,-66],[49,-166],[-59,-75],[-35,-133],[-29,-9],[-20,-115],[16,-40],[62,-55],[1,-97],[-73,-55],[9,-62],[51,-38],[95,-38],[162,-37],[67,4],[100,-24],[166,-10],[54,-15],[32,-38],[8,-73],[100,-36],[45,-37],[34,22],[111,3],[42,62],[-63,-1],[-47,-52],[-63,42],[9,79],[-79,12],[22,66],[-15,36],[-89,-5],[-9,40],[-70,-17],[-95,35],[-54,63],[-124,37],[-116,98],[-54,194],[10,36],[83,55],[118,33],[39,-7],[150,-141],[72,-14],[116,54],[11,61],[-56,82],[-28,13],[-118,-40],[-32,25],[21,81],[81,0],[46,73],[51,31],[136,33],[68,-19],[182,-4],[113,-96],[99,-50],[123,-44],[-10,-52],[167,-130],[24,-63],[88,-40],[134,-5],[177,54],[56,-32],[66,0],[29,-42],[-39,-69],[-41,-16],[-12,-72],[-36,-44],[-130,-66],[-37,-33],[23,-136],[-38,-41],[58,-173],[-49,-56],[-42,-92],[97,32],[25,118],[-10,28],[27,72],[45,37],[101,-52],[6,-83],[-38,-151],[16,-45],[-14,-66],[-96,-114],[-3,-58],[119,-78],[34,43],[-17,59],[-51,83],[116,-5],[46,18],[59,87],[-6,91],[-35,82],[-56,225],[-38,71],[-30,91],[62,90],[3,73],[36,15],[32,57],[-1,44],[-62,138],[-55,37],[-131,13],[-73,92],[-77,57],[29,23],[-3,71],[-25,40],[-60,3],[-72,36],[-141,14],[-107,83],[-34,55],[32,53],[-41,22],[-11,60],[34,42],[22,84],[-7,46],[-62,101],[-22,66],[11,45],[-82,40],[93,78],[-19,102],[100,4],[177,46],[260,17],[278,-7],[65,21],[184,16],[120,36],[123,-44],[69,15],[25,66],[88,10],[47,29],[80,1],[116,26],[81,-23],[-7,-63],[-59,-27],[-127,-96],[-21,-37],[235,34],[42,37],[13,124],[-41,44],[-54,99],[-54,64],[-18,75],[-41,19],[-141,8],[-42,67],[48,48],[109,25],[57,-48],[125,-14],[-32,45],[-64,-6],[-68,62],[22,36],[-86,32],[-145,20],[13,48],[66,16],[140,-14],[37,-64],[56,1],[12,100],[32,72],[82,57],[63,8],[50,59],[-111,8],[-126,63],[103,27],[171,-44],[108,47],[11,52],[64,63],[116,80],[115,2],[65,40],[77,18],[14,37],[95,22],[245,28],[127,0],[-4,38],[123,23],[246,59],[109,16],[89,33],[-40,50],[-66,23],[-117,-20],[17,76],[71,32],[57,-61],[268,78],[71,-43],[65,57],[56,-28],[95,39],[214,-42],[-57,-107],[189,3],[61,-23],[101,77],[43,-35],[122,30],[-62,28],[159,79],[235,36],[81,-11],[-31,-58],[130,-33],[32,-33],[-40,-177],[80,111],[-9,108],[-63,69],[-16,59],[-55,5],[-42,52],[-54,-3],[-32,69],[5,55],[134,-35],[157,11],[107,-9],[133,44],[66,56],[32,113],[-60,6],[-42,74],[96,153],[183,139],[56,71],[64,-4],[73,86],[84,31],[98,81],[42,-26],[80,16],[119,67],[74,-49],[113,25],[18,-53],[151,-60],[144,16],[35,-109],[-128,-109],[-95,-46],[-123,-16],[45,-66],[135,0],[108,18],[-4,-53],[40,-31],[77,50],[81,-22],[82,14],[136,-25],[54,-79],[-189,-180],[-40,-56],[-75,4],[6,-51],[119,-34],[137,48],[64,-20],[92,23],[33,70],[-22,68],[131,-11],[335,18],[122,-35],[73,38],[85,13],[64,-19],[82,13],[103,-46],[-13,-49],[112,-27],[247,-184],[-16,-72],[77,-3],[84,26],[56,-86],[-8,-62],[32,-61],[62,-22],[32,-66],[-36,-93],[-47,-42],[-128,36],[-162,100],[-10,-54],[99,-47],[34,-76],[81,32],[16,-83],[93,-20],[11,-67],[-29,-87],[-60,-67],[-108,-91],[-33,-57],[-100,-51],[-108,-29],[-25,-68],[-73,-85],[-88,22],[-125,-68],[-8,-34],[-137,-58],[-80,-75],[-63,-4],[-24,-120],[-103,-76],[-123,-39],[-86,-70],[-78,-121],[-84,-72],[-65,-7],[-51,-37],[-42,13],[-128,-7],[0,-48],[-81,-93],[-18,-57],[-37,-28],[-107,11],[-61,-32],[-12,-88],[-48,-39],[-3,-67],[-69,-83],[-105,-90],[62,-5],[214,142],[-4,128],[42,40],[90,-29],[107,23],[73,-15],[102,6],[107,55],[47,-19],[94,68],[142,39],[89,56],[72,3],[121,43],[42,53],[78,47],[87,19],[13,66],[-62,16],[-113,-65],[-115,1],[-48,-17],[-41,104],[86,43],[13,58],[87,47],[101,-24],[107,-61],[64,93],[39,-138],[91,-57],[104,-35],[121,-5],[77,14],[61,49],[-23,94],[76,-49],[72,-131],[2,-71],[-33,-9],[-43,-85],[35,-55],[65,-25],[76,12],[-68,61],[-15,45],[98,24],[76,38],[85,-3],[126,16],[107,63],[154,2],[123,-27],[100,2],[178,-51],[131,-10],[67,7],[189,-10],[98,-62],[-83,-31],[-60,27],[-35,-51],[2,-91],[33,-58],[148,-70],[147,-33],[15,-45],[62,15],[221,-27],[113,-36],[127,29],[110,-1],[52,-55],[102,-18],[65,-40],[96,-21],[95,-40],[124,21],[89,-32],[45,-42],[121,-18],[126,-75],[19,-44],[63,-28],[27,-38],[98,-31],[62,-43],[75,54],[63,-119],[35,-27],[14,-89],[91,-121],[51,47],[-80,73],[-31,115],[-6,85],[-48,68],[127,4],[145,-42],[66,-93],[89,-68],[35,-51],[31,-91],[33,-17],[9,-66],[87,-42],[56,36],[32,-30],[-96,-29],[-32,-37],[30,-47],[64,9],[24,-39],[40,-148],[75,-61],[42,-110],[76,-17],[25,-84],[114,-69],[57,73],[30,-96],[2,-60],[86,-10],[91,99],[34,71],[51,162],[41,18],[-12,45],[39,143],[47,131],[70,145],[68,45],[-10,-119],[50,-24],[72,-117],[99,-78],[137,-59],[124,-11],[68,34],[31,45],[59,37],[92,27],[116,52],[54,-5],[80,-35],[68,-11],[86,-40],[22,-37],[164,-93],[-15,-37],[61,-17],[36,-94],[51,9],[70,99],[-106,80],[51,59],[16,75],[185,50],[87,-55],[19,-100],[67,-4],[17,50],[90,-19],[53,15],[-1,46],[-54,86],[-12,85],[13,35],[-34,61],[35,127],[33,49],[51,-21],[42,51],[-51,22],[-125,-3],[-65,-76],[-66,74],[21,67],[105,123],[90,1],[63,-17],[141,16],[111,54],[0,95],[-93,72],[-1,66],[191,-30],[65,-61],[80,-27],[118,-19],[210,-10],[138,0],[61,-24],[102,-3],[146,-39],[225,-36],[96,-40],[106,-25],[91,-48],[-23,-30],[-287,3],[-66,44],[-68,14],[-54,-34],[-55,-112],[-70,47],[-39,-23],[66,-65],[71,6],[22,29],[148,27],[222,29],[241,0],[-135,-188],[-138,-131],[18,125],[30,2],[65,66],[-37,35],[-69,-29],[-63,27],[-31,-64],[48,-39],[-13,-85],[-111,-31],[-97,75],[-11,-36],[71,-58],[-52,-50],[-29,-55],[88,-6],[85,34],[78,10],[71,32],[69,71],[205,287],[44,28],[289,-6],[124,-40],[131,-30],[149,-76],[83,-116],[15,-51],[-26,-38],[-96,-45],[-63,91],[-32,-10],[-82,-131],[193,-41],[75,11],[-26,-121],[109,21],[82,-2],[31,-24],[-41,-100],[24,-47],[70,66],[50,16],[118,-37],[45,-32],[50,-83],[91,-118],[-29,-60],[55,-41],[107,-31],[132,5],[69,24],[101,-6],[145,65],[216,54],[140,16],[93,27],[189,-5],[84,6],[207,-17],[94,-16],[152,-54],[230,-116],[112,-101],[59,-99],[39,-88],[17,-119],[-60,-120],[-18,-72],[-36,-60],[33,-67],[80,-53],[230,-64],[22,-42],[-19,-50],[2,-78],[21,-73],[8,-96],[-9,-63],[60,-19],[51,-55],[-54,-139],[29,6],[72,87],[-3,71],[-40,138],[3,125],[48,35],[56,74],[46,0],[72,86],[104,21],[62,-18],[96,47],[101,-27],[61,14],[71,49],[60,-63],[84,-58],[114,-12],[70,10],[174,-15],[87,-46],[142,9],[79,-18],[136,112],[51,64],[48,23],[60,-44],[0,-63],[73,-70],[-17,-106],[11,-74],[52,-49],[86,-2],[186,-116],[20,-161],[32,-33],[54,-1],[160,32],[67,61],[117,85],[-32,203],[-91,209],[-79,-5],[-48,17],[55,90],[69,29],[-13,108],[10,108],[73,10],[147,-18],[161,-50],[156,-28],[41,5],[66,-53],[81,-33],[10,-48],[49,5],[27,33],[-75,66],[77,18],[72,-59],[53,-15],[25,24],[84,3],[110,-24],[159,-3],[119,41],[110,-11],[32,-68],[82,-38],[59,-53],[79,-30],[80,-5],[77,-31],[73,-49],[92,-42],[82,12],[79,-67],[-32,-45],[180,-34],[23,-36],[134,-137],[38,-30],[0,-2814],[-57,-34],[-93,-150],[-57,-3],[-75,-52],[-42,-45],[-37,17],[-91,-23],[-116,13],[-97,26],[-28,61],[-18,80],[-50,12],[-26,66],[-70,42],[-18,-29],[86,-72],[39,-80],[-71,-44],[-48,56],[-66,15],[-60,-18],[-99,75],[-10,-32],[48,-20],[62,-124],[29,-11],[78,-72],[56,89],[93,47],[40,-13],[-10,-81],[-25,-73],[20,-82],[55,-81],[48,-46],[79,-39],[-4,40],[59,71],[53,-166],[2,-42],[-30,-67],[80,-20],[26,-219],[-41,25],[-71,-35],[-26,-37],[37,-40],[22,39],[64,0],[9,-52],[-39,-64],[49,-9],[22,-54],[108,-68],[48,-65],[-1,-59],[-48,-37],[19,-74],[53,-22],[30,-124],[-14,-58],[-65,-89],[-53,-12],[6,-103],[-27,-28],[-26,43],[-177,81],[-82,54],[-80,20],[-111,3],[-52,145],[-49,62],[-15,-129],[36,-77],[-66,-42],[-36,14],[-112,-163],[-134,-62],[-134,-90],[-40,-62],[-101,-53],[-60,-80],[-38,-17],[-105,25],[-25,-93],[-32,-26],[-71,52],[-25,-13],[-9,-119],[-56,-36],[-5,-45],[-59,-44],[-48,57],[-44,-38],[46,-36],[16,-46],[-51,-20],[-35,-61],[-84,20],[5,-69],[34,-37],[-34,-45],[-33,3],[-48,-95],[-56,-39],[-27,10],[-45,-28],[-6,-51],[-50,-12],[-11,-59],[-55,-57],[-87,-34],[-20,-44],[-46,-36],[1,-65],[-26,-14],[-19,-58],[-18,-176],[-42,-35],[-39,49],[-8,39],[-40,26],[-51,150],[-12,93],[-105,90],[-10,59],[-38,-38],[-121,0],[-66,24],[-44,0],[-68,-24],[-128,-82],[-45,-17],[-49,-42],[-63,-30],[-68,-97],[-128,-231],[-27,-26],[-41,-2],[0,61],[22,155],[22,92],[-1,92],[35,62],[-44,7],[-62,-33],[-64,-106],[-92,-72],[-56,-65],[-32,-8],[17,-75],[-51,-103],[-49,-41],[-24,115],[-54,104],[-27,20],[-35,-20],[6,-41],[-55,-69],[-27,70],[-85,15],[-33,-20],[22,-90],[-54,0],[-40,-53],[8,-140],[-17,-32],[-41,-13],[-4,-47],[45,-82],[-20,-66],[-48,-20],[-5,-53],[-51,-48],[42,-95],[-14,-27],[-62,-49],[2,-39],[-71,-68],[-29,-45],[-73,-162],[-45,-209],[-12,-86],[47,-136],[58,-41],[18,-78],[27,52],[-4,77],[28,58],[38,11],[82,-82],[59,-8],[20,-71],[-58,-172],[-53,-47],[-32,-61],[-4,-96],[21,-139],[-13,-103],[2,-62],[37,-65],[42,29],[38,-3],[1,-81],[14,-103],[21,-111],[3,-97],[-67,-79],[-21,-49],[-40,11],[-40,50],[-33,101],[26,60],[98,108],[-24,51],[-25,-84],[-43,42],[-97,-72],[49,-84],[-35,-47],[-61,-33],[-38,-44],[-19,-102],[-28,-102],[-47,-136],[-10,-99],[2,-89],[18,-124],[25,-91],[27,-30],[50,-120],[-11,-69],[-86,-135],[-11,-38],[-74,-6],[-40,-17],[-35,24],[-18,47],[-55,-9],[-65,-34],[-95,-125],[-38,-74],[-30,-20],[-43,-74],[-24,-102],[-23,-232],[29,-9],[12,-54],[-5,-69],[-42,34],[73,-276],[-3,-31],[-82,89],[-39,29],[-45,-31],[-17,-41],[-37,-4],[-66,-50],[-40,-57],[-37,-77],[-25,79],[-33,45],[-32,-44],[26,-48],[32,-8],[2,-61],[-20,-41],[10,-61],[-24,-99],[12,-121],[-8,-89],[-27,-7],[-31,-98],[-11,-135],[-101,-214],[-38,-57],[-26,-10],[-41,-46],[-77,-183],[-45,-53],[-112,-192],[15,74],[-11,142],[-15,38],[-32,27],[-18,166],[7,195],[-2,101],[-12,154],[-26,178],[-51,230],[-19,106],[-7,201],[-34,393],[-7,114],[-25,220],[-13,50],[-26,216],[-28,300],[-15,269],[28,351],[0,86],[11,88],[22,101],[22,156],[44,242],[17,-3],[38,91],[69,76],[27,107],[28,-20],[35,74],[53,156],[5,95],[-13,84],[-41,86],[54,62],[20,-38],[65,-20],[41,15],[28,44],[30,110],[60,-18],[50,6],[54,23],[14,30],[106,150],[105,108],[43,87],[83,124],[57,99],[15,67],[-8,40],[17,60],[37,67],[107,118],[38,83],[22,74],[82,34],[119,176],[61,141],[70,56],[55,85],[-1,127],[126,92],[26,32],[81,40],[34,84],[65,10],[23,31],[49,-4],[77,43],[23,44],[-61,49],[0,31],[36,71],[60,48],[45,84],[-21,79],[-53,8],[27,131],[39,31],[23,78],[-2,228],[10,108],[37,57],[46,32],[38,60],[51,9],[74,-39],[86,62],[-72,7],[-91,51],[-35,77],[-60,15],[-72,-37],[-45,-9],[-99,-43],[-83,-27],[-35,-76],[46,-71],[-56,-44],[-13,-62],[16,-110],[-30,-79],[-21,-97],[79,-39],[19,-46],[-25,-38],[-76,-38],[-3,67],[-36,36],[-41,-20],[13,-41],[-81,27],[-106,-182],[-68,-56],[-61,-102],[-27,1],[-38,-82],[-46,-63],[-36,-25],[-41,-59],[-25,-105],[-33,27],[-78,-25],[-38,-81],[-35,21],[24,56],[-15,67],[45,87],[17,55],[-61,19],[-66,-54],[-8,44],[12,71],[-10,83],[-16,44],[43,56],[41,93],[58,177],[-12,133],[-99,-90],[-27,-70],[-104,-34],[-36,150],[-72,23],[-61,-24],[-42,-38],[-119,-9],[-55,-59],[-24,-8],[-36,40],[-113,13],[-62,-63],[-65,-48],[-36,-71],[-56,-12],[-17,-81],[8,-139],[-86,-50],[-75,-105],[-48,-90],[-4,-90],[-31,-49],[-64,-51],[-51,-67],[-113,-112],[-46,-74],[-74,-160],[-18,-93],[-66,-30],[3,-131],[15,-42],[-64,-90],[18,-43],[80,-22],[5,91],[71,-23],[44,-39],[38,13],[27,-63],[28,-23],[-12,-113],[-12,-12],[-75,1],[-60,-30],[-34,50],[-44,-10],[4,-48],[-25,-40],[-28,11],[-32,-36],[-35,23],[-33,70],[-96,45],[-33,-9],[-17,-97],[-77,-11],[-32,-113],[-86,26],[-58,50],[-65,-25],[-1,-48],[-28,-22],[-127,-29],[-19,18],[-44,-26],[-33,75],[-15,105],[78,49],[45,7],[122,-11],[66,48],[-39,52],[-45,-19],[-65,22],[-39,127],[-61,71],[-94,14],[-50,-27],[19,-59],[-62,-20],[4,36],[-65,49],[-22,43],[-94,37],[-121,69],[-75,-6],[-94,-93],[14,-58],[-27,-65],[-36,14],[-45,-22],[2,-48],[44,14],[28,-16],[-3,-87],[-42,16],[-71,-25],[-37,12],[-12,94],[-50,18],[-86,-22],[-26,-28],[13,-44],[-34,-16],[-40,17],[-21,-36],[-53,62],[-37,-5],[-46,40],[-70,0],[-23,36],[-49,26],[-45,-50],[5,-136],[-8,-14],[-99,-21],[-45,81],[32,61],[-29,37],[-39,17],[-98,-23],[-18,21],[-53,-27],[-82,7],[-58,-16],[-40,16],[-109,14],[-65,-10],[-70,-43],[-29,-2],[-60,28],[-64,-47],[-109,-53],[-79,-72],[-98,-136],[-31,-97],[-39,-88],[-47,-64],[-86,-90],[-30,-6],[-58,-67],[-61,-105],[-47,-207],[-4,-83],[-52,-53],[-68,-22],[-34,-52],[-30,-101],[-67,-47],[-35,-91],[-81,-39],[-75,-171],[-71,-29],[-18,-80],[-31,-21],[-21,-78],[-27,-15],[-12,-50],[-40,-57],[8,-79],[-64,-81],[-20,-68],[-33,-54],[-45,-49],[-80,-133],[-85,-95],[-67,-93],[-17,-3],[-86,-88],[-16,-72],[-48,-95],[-17,-5],[-98,-114],[-43,-10],[-94,-139],[-17,-49],[29,-102],[114,-58],[16,-49],[67,2],[66,31],[91,-20],[51,17],[26,27],[18,-48],[-36,-112],[5,-152],[12,-45],[-34,-106],[-9,-63],[7,-78],[25,-32],[46,62],[57,-28],[16,39],[23,122],[-29,-2],[-32,74],[36,58],[54,62],[42,-9],[57,11],[-64,-112],[-54,-22],[-7,-33],[37,-28],[37,-52],[82,-1],[-20,-47],[-51,-51],[-10,-69],[-21,-47],[-33,1],[-43,-61],[49,-41],[81,13],[60,22],[110,122],[13,103],[59,74],[10,-97],[-5,-28],[-55,-98],[-37,-86],[3,-28],[42,-11],[41,54],[33,124],[31,212],[-13,192],[73,-61],[95,-33],[83,54],[26,35],[17,-57],[58,-77],[67,-51],[4,-135],[29,-59],[50,-51],[12,-56],[106,-95],[-11,-46],[60,-54],[28,-38],[48,-10],[6,-101],[-23,-42],[-26,-3],[-37,-76],[-79,97],[-36,-3],[63,-92],[6,-34],[67,-70],[31,-133],[-26,-109],[-26,-33],[11,-71],[89,-145],[-40,-42],[-10,-67],[34,-47],[-59,-77],[-38,-114],[-48,-48],[-1,-85],[-30,-28],[20,-67],[-49,-32],[-4,-103],[9,-88],[-9,-76],[-41,-58],[-19,-118],[7,-66],[-13,-52],[19,-67],[7,-163],[-5,-33],[22,-70],[-30,-69],[-21,-81],[33,-99],[7,-123],[-33,-146],[-27,-59],[8,-189],[-5,-75],[-29,-47],[-17,-122],[-2,-159],[-48,-91],[-83,-146],[-51,-109],[-27,-33],[-39,-78],[-66,-247],[-1,-47],[-41,-70],[-37,-93],[-43,-72],[-14,-43],[-45,-191],[-14,-92],[0,-55],[-31,-48],[-21,-71],[-15,-114],[-91,-210],[-31,-104],[-38,-70],[-42,-59],[-32,-94],[-47,-89],[-65,-102],[-18,-54],[-53,-113],[-46,-140],[-17,1],[-33,-77],[-20,-120],[-37,-49],[-44,-32],[-25,-98],[-22,-23],[-21,-55],[-5,-83],[-47,-70],[12,-69],[-23,-66],[-41,-50],[-39,-132],[-21,-11],[-54,-67],[-74,-117],[-69,-82],[-45,-29],[-78,-146],[-93,-40],[-55,-45],[-43,-21],[-17,-33],[-34,2],[2,62],[-13,34],[-22,0],[-10,-46],[-22,6],[-8,77],[-51,-20],[-35,66],[-48,-39],[5,125],[17,115],[-5,57],[-13,18],[-21,-63],[-36,-38],[-41,-81],[-29,14],[17,80],[24,29],[16,56],[-67,9],[-16,-75],[-47,-127],[-16,-29],[-15,-95],[-54,-78],[-31,-136],[-14,63],[-41,-25],[-45,43],[-36,-26],[20,-47],[34,-45],[-35,-139],[-13,-27]],[[86304,70633],[-26,93]],[[86278,70726],[-7,42],[11,75],[-23,70],[-35,15],[6,30],[57,63],[51,32],[19,-18],[37,4],[30,43],[-6,88],[23,105],[20,61],[13,86],[-2,49],[-31,56],[2,204],[13,145],[15,22],[-56,460],[-40,105],[48,65],[24,-12],[36,44],[35,2],[44,84],[21,90],[37,85],[17,2],[27,-69],[224,-127],[37,-31],[51,74],[-5,75],[9,134],[17,64],[53,48],[24,39],[2,143],[51,80],[23,159],[44,70],[8,93],[-23,69],[17,72],[31,63],[5,140],[21,140],[30,54],[-20,85],[9,54],[32,65],[52,11],[19,29],[58,166],[-47,152],[-10,58],[12,61],[17,17],[15,119],[-65,61],[-18,29],[-58,-35],[-39,-9],[-51,-47],[-37,-11],[-43,-54],[-15,-54],[-31,-10],[-66,17],[-30,-7],[-61,-75],[-56,-88],[-24,-100],[-15,-17],[-44,23],[-67,-35],[-58,-17],[-82,-4],[-23,40],[-33,14],[-41,-6],[-51,-42],[-26,11],[-16,38],[3,41],[-17,78],[-57,102],[-5,44],[47,133],[-26,98],[-59,126],[30,148],[1,46],[-35,-17],[-16,30],[-63,-20],[-88,127],[1,22],[-50,94],[-2,43],[-33,4],[-21,33],[-2,56],[-29,28],[-102,-48],[-14,52],[-35,30],[-24,65],[-38,17],[-71,-11],[-58,-31],[-24,2],[-79,40],[-36,56],[-4,55],[-38,28],[-8,30],[-6,138],[24,85],[2,52],[-68,76],[-12,104],[19,66],[-23,96],[4,41],[-44,121],[-24,33],[-32,74],[-9,88],[21,85],[-23,3],[0,69],[-27,17],[-19,152],[-2,55],[-31,55],[-38,103],[-8,46],[19,31],[12,65],[-68,61],[11,113],[-20,60],[-22,17],[-5,49],[-57,67],[25,104],[-25,-13],[-33,71],[-54,44],[18,41],[-29,50],[-38,13],[-89,90],[-68,-16],[-28,-32],[-49,44],[-41,0],[-43,48],[-20,66],[-45,-4],[-35,65],[-32,35],[-69,46],[-48,-15],[-60,17],[-21,-33],[-63,-16],[-23,-19],[-100,-2],[-66,5],[-51,-31],[-64,0],[-85,-58],[-53,-10],[-34,-34],[-40,14],[-56,-8],[-110,-187],[-56,-117],[-66,-64],[-1,-91],[37,-45],[78,42],[75,-68],[-8,-83],[-16,-60],[44,-134],[-20,-128],[-16,-47],[-45,-26],[-92,-153],[-27,-33],[-22,-91],[-8,-75],[-52,-144],[-6,-81],[-43,-75],[-20,-50],[-4,-111],[-13,-38],[-46,-71],[-10,-91],[-22,-85],[47,-5],[-7,-179],[-29,-57],[-60,-29],[-22,7],[-78,-27],[-45,-77],[-119,-171],[-49,-60],[-22,-2],[-75,69],[-57,7],[-42,20],[-58,46],[-68,80]],[[82420,76053],[-27,73],[-46,23],[-57,48],[-55,-22],[-89,-83],[-41,19],[-53,-3],[-49,65],[-56,118],[-36,43],[-60,34],[-62,-14],[-34,28],[-40,-26],[-46,-53],[-39,-63],[-24,0],[-55,-51],[-35,-57],[-76,-103],[-25,-89],[0,-48],[-90,-73],[-78,29],[-100,-76],[-81,-28],[-41,7],[-41,-35],[-61,-12],[-55,-39],[-33,-53],[-61,-46],[-44,2],[-41,34],[-36,10],[-40,-32],[-113,36],[-69,9],[-58,77],[-41,15],[-34,-18],[-32,16],[-86,-18],[-34,10],[-64,106],[-71,84],[-26,57],[10,172],[-47,15],[-19,22],[-79,2],[-58,15],[-48,57],[-20,84],[-75,91],[-53,14],[-84,-33],[-48,33],[-23,47],[-73,14],[-102,38],[-22,-7],[-50,-58],[-37,9],[-72,-33],[-24,-30],[-64,-14],[-38,-79],[-62,-28],[-49,35],[-57,-44],[-33,28],[-60,17],[-17,67],[-27,14],[-42,-7],[-32,16],[-39,50],[-32,10],[-26,73],[-58,41],[-11,57],[17,54],[-33,72],[5,120],[-24,95],[-1,95],[17,54],[-40,45],[-59,22],[-81,49],[-47,-26],[-35,46],[-44,25],[-157,133],[-149,3],[-28,15],[-45,83],[-115,48],[-90,88],[-24,55],[-36,-144]],[[77445,77574],[-25,37],[-41,28],[-21,43],[9,151],[44,268],[-26,117],[-96,94],[-45,32],[-95,47],[-95,60],[-78,78],[-15,28],[-12,88],[-27,64],[-32,50],[-48,42],[-102,59],[-83,0],[-84,-82],[-26,-46],[-51,-55],[-54,-32],[-128,-51],[-39,-42],[-17,-55],[-14,-154],[-19,-68],[-69,-77],[-115,-2],[-64,-11],[-21,-65],[5,-116],[53,-101],[11,-77],[-21,-102],[-18,-29],[-48,-30],[-162,-69],[-57,-15],[-78,-81],[-60,-88],[-23,-8],[-108,0],[-40,48],[-43,22],[-32,67],[-63,80],[-41,81],[-37,26],[-122,-11],[-23,-44],[-18,-70],[13,-84],[-13,-85],[-42,-41],[-126,-89],[-79,-7],[-64,11],[-19,-82],[-20,-48],[32,-82],[-12,-67],[0,-75],[21,-45],[9,-82],[81,-174],[37,-102],[64,-61],[51,-26],[7,-35],[41,-28],[69,-21],[43,-54]],[[75124,76326],[-57,-62],[-59,-37],[-3,-52],[-33,-35],[-56,-9],[-16,-25],[5,-81],[17,-47],[-74,-53],[-23,-48],[-33,44],[-15,-30],[10,-40],[-24,-34],[-39,-26],[-23,60],[-21,-75],[-78,24],[-62,5],[-35,-15],[-24,-66],[11,-59],[-50,-78],[-43,-4]],[[74399,75583],[-37,-8],[-52,-33],[-14,-27],[-35,11]],[[74261,75526],[-62,26],[-68,-15],[-40,-99],[22,-107],[-8,-74],[-35,-70],[-16,-58],[-36,-35],[-40,-4],[-25,-44],[-56,7],[-63,-17],[-11,-14],[-41,-165],[-5,-67],[-17,-96],[23,-228],[-5,-71],[28,-105],[-4,-114],[-35,-58],[-11,-56],[-71,-5],[-83,-131],[-46,-31],[-6,63],[-18,46],[-111,20],[-58,-25],[-50,1],[-47,38],[-56,27],[-37,52],[-54,35],[-21,29],[-26,-3],[-7,-40],[-5,-136],[-33,-123],[-26,-131],[-27,-193],[-38,-134],[-17,-192],[-27,-100],[-26,-129],[-1,-33],[26,-38],[50,-15],[19,-56],[-7,-110],[-24,-80],[-24,12],[-45,72],[-79,-57],[-53,27],[-7,78],[-13,29],[-29,-3],[-25,-33],[-45,-18],[-133,-86],[-42,1],[-67,-31],[-34,-42],[-90,-19],[-57,-87],[1,-25],[34,-50],[79,15],[65,-62],[-37,-71],[-9,-135],[14,-134],[-9,-106],[19,-58],[50,-264],[34,-144],[11,-140],[10,-74],[-20,-44],[-36,18],[-64,-74],[16,-52],[30,-20],[6,-32],[-56,-43],[-31,-7],[-28,-132],[23,-193],[15,-80],[-16,-41]],[[72287,70563],[13,-81],[-19,-38],[-66,3],[-29,-15],[-22,-85],[-37,-9],[-37,-37],[-52,-28],[-179,-179],[-83,-108],[-4,-72],[-25,-46],[-29,-92],[-30,-44],[-61,21],[-49,-49],[-49,-11],[-47,30],[-18,-16],[-37,7],[-33,25],[-42,-27],[-22,-44],[-39,-151],[-2,-88],[-29,-72],[-25,-83],[-32,-36],[-30,36],[-44,-6],[-23,-21],[-23,-47],[-55,-2],[-10,54],[-12,159],[-11,36],[-27,-25],[-70,-114],[-47,-3],[-51,52],[-16,-80],[7,-60],[-32,12],[-37,-57],[-52,-100],[-33,-22],[-19,18],[-56,-36],[-10,-18],[-39,-162],[16,-64],[13,-92],[-25,-83],[-58,-21]],[[70459,68592],[4,-82],[-14,-76],[30,-115],[32,-58],[1,-35],[-27,-13],[-11,-51],[15,-69],[14,-107],[35,-53],[39,4],[-5,35],[23,60],[58,-2],[122,-109],[17,-36],[2,-63],[-16,-44],[-3,-93],[7,-87],[27,-48],[-2,-119],[22,-40],[-23,-96],[14,-67],[32,-39],[33,-71]],[[70885,67118],[-26,-61],[-50,-61]],[[70809,66996],[-26,68],[-42,43],[-34,-7],[-82,20],[-30,-53],[-76,-49],[-15,-29],[-52,11],[5,41],[34,31],[2,65],[-46,3],[-30,25],[-57,-8],[-39,-42],[-14,-29],[-60,-81],[-26,-15],[-18,-67]],[[70203,66923],[-13,45],[-11,151],[-18,56],[-70,96],[-26,92],[-8,132],[0,116],[-14,277],[0,140],[-15,283],[-30,68],[-15,60],[-21,35]],[[69962,68474],[-27,69]],[[69935,68543],[-29,46]],[[69906,68589],[-39,46]],[[69867,68635],[-39,24],[-31,-4],[-9,-24],[-54,-63]],[[69734,68568],[-13,-19]],[[69721,68549],[-37,-62],[-12,-4],[-81,32],[-68,-16],[-49,0],[-37,-24],[-50,0],[-59,-24],[-107,-68],[-15,-36],[-31,-16],[-76,-64],[-96,-18],[-34,10],[-80,58],[-19,31],[-86,42]],[[68784,68390],[-8,3]],[[68776,68393],[-60,29]],[[68716,68422],[-31,26],[-89,6],[-29,19],[-45,68],[-34,31],[-60,-12],[-153,-19],[-5,99],[38,218],[15,187],[-5,161],[9,75],[22,31],[43,19],[39,-63],[38,-31],[43,6],[10,19],[12,87],[5,106],[-8,56],[-40,50],[-195,37],[-105,81],[-72,112],[-72,62],[-24,31],[-80,50],[-64,24],[-113,-6],[-56,-31],[-100,-43],[-27,-31],[-48,6],[-60,-31],[-45,-44],[-101,-25],[-84,0],[-22,-31]],[[67223,69722],[-30,64]],[[67193,69786],[-23,32]],[[67170,69818],[-68,47],[-19,43]],[[67083,69908],[-15,16]],[[67068,69924],[-89,121],[-85,89],[-47,66],[-19,122],[-29,82],[-31,65],[-22,65],[-73,90],[-25,0]],[[66648,70624],[-44,0],[-23,27]],[[66581,70651],[-40,63],[-60,212],[-19,49],[-19,106],[0,147],[-6,122],[-22,115],[9,57],[38,16],[32,41],[25,106],[19,122],[-89,33],[-50,57],[-28,66],[-79,8],[-25,-8],[-38,-90],[-6,-114],[-16,-90],[-16,5],[-29,-49],[5,-112],[29,-75],[62,-137],[0,-80],[-29,-56],[-28,-13],[-53,13],[-19,49],[-44,25],[-81,0],[-10,-87],[10,-62],[28,-81],[17,-93],[29,-87],[7,-50],[-12,-62],[-101,-6],[-12,-44],[-81,-87],[-17,-74],[-1,-136]],[[65861,70370],[1,-101],[-10,-180],[0,-79]],[[65852,70010],[1,-95]],[[65853,69915],[4,-31],[34,-69],[101,-31],[84,-18],[45,-31],[44,-50],[60,-31],[26,0],[72,-50],[43,-19],[70,-6],[62,-25],[178,-6],[96,-37],[60,-31],[74,0],[70,-31],[79,-125],[22,-62],[29,-56],[74,-124],[22,-50],[12,-62],[45,-100],[22,-167],[45,-115],[27,-53],[93,-224],[36,-56],[94,-87],[2,-19],[92,-149],[26,-62],[7,-56],[41,-100],[39,-55],[12,-38],[37,-57],[107,-142],[34,-18],[46,-47],[55,-152],[36,-28],[84,-10],[55,-27]],[[68249,67208],[-15,-56],[1,-73],[-35,-75],[-119,-2],[-75,-77],[-12,-26],[3,-132],[-43,-165],[-8,-64],[7,-82],[-9,-65],[-37,-104],[-32,-15],[-52,-48],[-52,-90],[-25,-5],[-24,-32],[-52,-14],[-25,-47],[-51,-33],[-60,4],[17,-136],[-22,-29],[5,-67],[-11,-78],[-17,-3],[-34,-38],[-48,-84],[-27,-23],[-23,8],[-22,36],[-44,-101],[-11,79],[-64,133],[-21,13],[-46,-34],[-57,23],[-44,79],[-17,59],[-27,-21]],[[67021,65823],[-13,62],[9,89],[-14,87],[-3,95],[5,79],[-16,173],[7,107],[-10,59],[-219,-4],[-9,9],[-88,278],[-56,58],[-27,16],[-65,62],[-25,65],[-4,124],[-9,29],[-40,-2],[-41,71],[-33,26],[-36,2],[-110,-21],[-49,27],[-10,77],[-138,101],[-68,8],[-29,40],[6,70],[-36,131],[-17,6],[-33,-62],[-54,22],[-31,44],[-17,-14],[-70,-5],[-33,-56],[2,-69],[-31,-11],[-14,17],[-51,-16],[-50,36],[-93,-23],[-26,-38],[-66,-60],[-61,-123],[-16,-12],[-22,-89],[7,-47],[-8,-46],[-31,-53],[-34,3],[-53,-60],[-43,-22],[-81,15]],[[64974,67078],[-29,370],[0,45]],[[64945,67493],[2,75]],[[64947,67568],[13,144]],[[64960,67712],[3,93],[-8,41]],[[64955,67846],[-4,53]],[[64951,67899],[1,42]],[[64952,67941],[6,79]],[[64958,68020],[21,79]],[[64979,68099],[16,99],[-34,89]],[[64961,68287],[-18,7]],[[64943,68294],[-8,-10],[-36,70],[-17,140],[-11,10]],[[64871,68504],[-16,-6]],[[64855,68498],[-23,-4]],[[64832,68494],[-13,5]],[[64819,68499],[-30,23]],[[64789,68522],[-23,-10]],[[64766,68512],[4,-39]],[[64770,68473],[2,-58]],[[64772,68415],[-10,9]],[[64762,68424],[-7,86]],[[64755,68510],[6,92]],[[64761,68602],[13,57]],[[64774,68659],[20,75]],[[64794,68734],[11,6]],[[64805,68740],[-10,-22]],[[64795,68718],[-16,-77],[38,6]],[[64817,68647],[18,4]],[[64835,68651],[9,-7]],[[64844,68644],[6,-15]],[[64850,68629],[4,-18]],[[64854,68611],[11,-9]],[[64865,68602],[13,-6]],[[64878,68596],[47,39]],[[64925,68635],[-26,69],[-34,31],[-20,-10]],[[64845,68725],[-10,19]],[[64835,68744],[1,77],[21,79],[24,57],[-41,30]],[[64840,68987],[-8,-2]],[[64832,68985],[-7,-6]],[[64825,68979],[-22,-38],[-84,23],[-16,13]],[[64703,68977],[-4,-14]],[[64699,68963],[9,-75]],[[64708,68888],[7,-16]],[[64715,68872],[6,-18]],[[64721,68854],[-24,33],[-24,83],[-24,49],[-1,109]],[[64648,69128],[-12,51]],[[64636,69179],[13,165]],[[64649,69344],[11,46]],[[64660,69390],[16,37]],[[64676,69427],[7,31]],[[64683,69458],[-9,35]],[[64674,69493],[2,26]],[[64676,69519],[8,37]],[[64684,69556],[14,160]],[[64698,69716],[-1,20]],[[64697,69736],[14,7],[21,-120]],[[64732,69623],[7,-40]],[[64739,69583],[13,-46]],[[64752,69537],[38,-7]],[[64790,69530],[20,4]],[[64810,69534],[19,2]],[[64829,69536],[21,-28]],[[64850,69508],[9,5]],[[64859,69513],[17,23]],[[64876,69536],[1,24]],[[64877,69560],[8,66],[19,-26],[-1,-55],[15,-103],[8,-15],[82,27]],[[65008,69454],[16,21]],[[65024,69475],[2,23]],[[65026,69498],[34,-16]],[[65060,69482],[17,-17]],[[65077,69465],[40,29]],[[65117,69494],[-16,9]],[[65101,69503],[-16,22],[-17,90],[25,34],[63,-79]],[[65156,69570],[12,12]],[[65168,69582],[28,31]],[[65196,69613],[10,35]],[[65206,69648],[4,36]],[[65210,69684],[-7,94]],[[65203,69778],[-80,129]],[[65123,69907],[-23,23]],[[65100,69930],[-7,4]],[[65093,69934],[-10,10]],[[65083,69944],[-63,101],[-15,94],[1,78],[-24,115],[-7,124]],[[64975,70456],[-4,16]],[[64971,70472],[-12,24]],[[64959,70496],[-54,29],[-15,-5]],[[64890,70520],[-90,-46]],[[64800,70474],[-37,17],[-56,-86]],[[64707,70405],[-20,-92]],[[64687,70313],[-10,-50]],[[64677,70263],[-5,-59],[27,-20]],[[64699,70184],[-4,-66]],[[64695,70118],[-8,-49]],[[64687,70069],[-15,-78]],[[64672,69991],[15,-135]],[[64687,69856],[9,-76]],[[64696,69780],[-7,-41]],[[64689,69739],[-34,233],[-41,80]],[[64614,70052],[-15,24]],[[64599,70076],[9,86]],[[64608,70162],[-7,30]],[[64601,70192],[-32,49]],[[64569,70241],[12,110],[-17,69],[-8,68],[17,69],[36,106]],[[64609,70663],[42,226]],[[64651,70889],[-4,46],[-43,62],[-31,19]],[[64573,71016],[-22,5]],[[64551,71021],[-59,37],[-23,-1],[-39,-31],[-28,38]],[[64402,71064],[-15,53]],[[64387,71117],[-4,31]],[[64383,71148],[-36,125],[-94,-24],[-14,21]],[[64239,71270],[4,28]],[[64243,71298],[11,59],[0,103],[-13,81],[-44,76],[-54,230],[-21,150],[-25,38],[-38,23],[-46,11],[-46,28]],[[63967,72097],[-14,29]],[[63953,72126],[-1,53]],[[63952,72179],[3,97],[18,55],[108,-27]],[[64081,72304],[25,9]],[[64106,72313],[25,-2]],[[64131,72311],[8,-10]],[[64139,72301],[25,-57]],[[64164,72244],[13,-15]],[[64177,72229],[13,-12]],[[64190,72217],[13,-10]],[[64203,72207],[67,27]],[[64270,72234],[15,-5]],[[64285,72229],[40,11]],[[64325,72240],[-6,15]],[[64319,72255],[-32,42],[-19,-7]],[[64268,72290],[-14,-4]],[[64254,72286],[-20,81]],[[64234,72367],[-5,14]],[[64229,72381],[-73,93]],[[64156,72474],[-5,74]],[[64151,72548],[5,13]],[[64156,72561],[61,63],[16,28],[2,48],[44,147]],[[64279,72847],[19,-25]],[[64298,72822],[34,1]],[[64332,72823],[35,47]],[[64367,72870],[18,1]],[[64385,72871],[39,-28],[164,30],[69,-49]],[[64657,72824],[94,-29]],[[64751,72795],[34,28]],[[64785,72823],[-11,25]],[[64774,72848],[-8,3]],[[64766,72851],[-74,61],[-41,42],[0,90]],[[64651,73044],[37,96]],[[64688,73140],[9,8]],[[64697,73148],[6,7]],[[64703,73155],[42,147],[20,195],[-8,86],[-33,98]],[[64724,73681],[7,17]],[[64731,73698],[4,-7]],[[64735,73691],[12,7]],[[64747,73698],[32,65],[0,29]],[[64779,73792],[-3,22]],[[64776,73814],[-26,46]],[[64750,73860],[-4,46]],[[64746,73906],[-8,33]],[[64738,73939],[-35,33]],[[64703,73972],[-19,13]],[[64684,73985],[-29,-8]],[[64655,73977],[-44,6],[-41,33]],[[64570,74016],[-7,-6]],[[64563,74010],[-3,-27]],[[64560,73983],[-50,-106]],[[64510,73877],[-41,9]],[[64469,73886],[-62,51]],[[64407,73937],[-24,13]],[[64383,73950],[-27,40]],[[64356,73990],[-14,60],[-76,28]],[[64266,74078],[-31,17]],[[64235,74095],[-15,7]],[[64220,74102],[-9,-6]],[[64211,74096],[-52,-34],[-36,-37],[-16,-49]],[[64107,73976],[-15,-9]],[[64092,73967],[-7,14]],[[64085,73981],[-52,-54]],[[64033,73927],[-25,21],[-33,-65],[-46,-54]],[[63929,73829],[-10,-19]],[[63919,73810],[-16,-30]],[[63903,73780],[-42,-56]],[[63861,73724],[-21,-21]],[[63840,73703],[-57,11],[-16,-33]],[[63767,73681],[-18,-8]],[[63749,73673],[-31,-18],[-5,-71]],[[63713,73584],[-12,9]],[[63701,73593],[-13,22]],[[63688,73615],[-7,-11]],[[63681,73604],[-10,-32]],[[63671,73572],[1,-27]],[[63672,73545],[2,-21]],[[63674,73524],[0,-28]],[[63674,73496],[-21,10],[-30,-65],[-37,-47],[-36,-27],[-20,27],[-21,-36],[25,-41],[10,-122],[-13,-17],[-40,96],[-33,-22],[-63,-136],[-103,-20],[-6,-44],[-60,73],[11,-107],[-16,-3],[-30,88],[-21,-37],[35,-28],[8,-52],[-24,-104],[-17,-40],[-14,-94],[-36,-127],[-58,-163],[-23,-44],[-49,-55],[-26,-127],[22,-89],[20,3],[57,-35],[14,-70],[50,-77],[62,-239],[-11,-93],[-24,-66],[27,-42],[3,74],[19,114],[27,17],[-23,-115],[-19,-144],[2,-89],[26,-30],[-28,-54],[-9,-91],[3,-54],[32,-63],[32,-43],[10,-161],[37,-40],[23,-93],[46,-92],[54,-171],[24,-124],[41,-29],[13,-29]],[[63496,70307],[24,-40]],[[63520,70267],[51,-135]],[[63571,70132],[12,-51],[38,-77]],[[63621,70004],[28,-111]],[[63649,69893],[5,-81]],[[63654,69812],[10,-65]],[[63664,69747],[10,-35]],[[63674,69712],[56,-129]],[[63730,69583],[18,-9]],[[63748,69574],[11,-38]],[[63759,69536],[-6,-34]],[[63753,69502],[-1,-23]],[[63752,69479],[18,-44],[33,-30]],[[63803,69405],[31,-15]],[[63834,69390],[33,13]],[[63867,69403],[14,5],[72,-71]],[[63953,69337],[33,-79]],[[63986,69258],[-12,-54]],[[63974,69204],[-14,17]],[[63960,69221],[-36,20]],[[63924,69241],[-57,-13],[-43,-36]],[[63824,69192],[-55,-56]],[[63769,69136],[-21,-41],[-19,-74],[6,-63]],[[63735,68958],[-9,-80]],[[63726,68878],[-8,-118],[-20,-61]],[[63698,68699],[-9,-82]],[[63689,68617],[36,-75],[-18,-44]],[[63707,68498],[-15,13]],[[63692,68511],[-15,-40],[-11,-188],[-11,-29]],[[63655,68254],[-21,-16]],[[63634,68238],[-7,31],[22,29],[2,33],[-28,62]],[[63623,68393],[-12,7]],[[63611,68400],[-19,-54]],[[63592,68346],[0,-44]],[[63592,68302],[5,-20]],[[63597,68282],[-18,-106],[-6,-95],[1,-216]],[[63574,67865],[-24,0],[-33,-40],[-18,20],[-46,149],[-28,-16],[-25,50],[1,31],[-61,85],[-4,46],[18,41],[52,17],[18,55],[-10,42],[-44,71],[-3,48],[21,42],[44,39],[-5,24],[-99,210],[-47,-26],[-12,-33],[-63,-85],[-42,-32],[-29,-70],[-52,-50],[-19,-77],[-22,-29],[-29,3],[-29,-79],[-57,-126]],[[62927,68175],[-52,24],[-46,-48]],[[62829,68151],[-31,21],[-65,23],[-84,44],[-29,27],[-4,42],[-21,75],[-56,37],[-7,69],[-15,43],[-30,43],[-19,125],[-20,23]],[[62448,68723],[-57,102],[-39,-58],[2,-42]],[[62354,68725],[-23,0],[-73,82],[-22,-10],[-116,29],[-29,39],[-13,-49],[-17,5],[-8,92],[-18,53],[-63,19],[-45,0],[-32,-38],[-67,-15],[-20,97],[-23,43],[-15,72],[-31,49],[2,101],[-19,34],[-63,-20],[-13,44],[0,58],[-23,43],[-5,63],[20,130],[-20,111],[-17,43],[-41,-67],[-35,24],[-12,58],[6,91],[13,77],[-5,66]],[[61527,70049],[9,31]],[[61536,70080],[23,79]],[[61559,70159],[9,7]],[[61568,70166],[10,20]],[[61578,70186],[13,37]],[[61591,70223],[12,67],[-3,105],[-29,118],[-7,105],[-24,96],[-6,104],[-11,85],[-18,53]],[[61505,70956],[-14,11]],[[61491,70967],[-50,28]],[[61441,70995],[-9,-5]],[[61432,70990],[-16,41],[-20,95],[-18,-2]],[[61378,71124],[-7,-1]],[[61371,71123],[-17,51],[-21,24]],[[61333,71198],[-21,8]],[[61312,71206],[-18,2]],[[61294,71208],[-83,51],[-40,110],[-46,39]],[[61125,71408],[-14,7]],[[61111,71415],[-24,24],[-11,56],[-50,80],[-67,121],[-22,64],[-114,207],[-25,17],[-34,74],[-42,40],[-77,22],[-35,21],[-23,72],[-69,147],[-30,-46],[-76,30],[-31,51],[-21,89],[3,20],[-29,62],[-90,76],[-46,10],[-25,20],[-12,47],[41,8],[65,54],[1,21],[-55,55],[16,37],[19,-9],[55,-60],[-7,-64],[44,-1],[-6,54],[54,-6],[34,33],[59,-46],[2,61],[-11,126],[-15,-27],[0,-50],[-18,-17],[2,144],[61,81],[19,71],[10,107],[10,32],[40,14],[19,37],[29,20],[52,-75],[26,0],[7,46],[-16,28],[-61,64],[-8,39],[-55,89],[-47,8],[-21,52],[-24,135],[30,-32],[43,-3],[34,45],[40,31],[10,-33],[43,-27],[35,12],[-28,59],[-32,4],[28,82],[65,2],[59,55],[44,64],[52,-14],[11,50],[-6,111],[-7,23],[-45,12],[-37,-19],[-41,-66],[-70,-37],[-29,18],[-61,-19]],[[60620,74098],[-28,-34],[-17,24],[-59,1],[-30,-19],[-59,6],[-61,-129],[-20,24]],[[60346,73971],[-14,-5]],[[60332,73966],[-57,-49]],[[60275,73917],[-21,-23]],[[60254,73894],[-42,-54],[-18,16]],[[60194,73856],[-24,2]],[[60170,73858],[-61,-42]],[[60109,73816],[-5,-6]],[[60104,73810],[-6,-10]],[[60098,73800],[-32,-44],[-13,24]],[[60053,73780],[-35,2]],[[60018,73782],[-44,-14]],[[59974,73768],[-27,-23]],[[59947,73745],[-14,-19]],[[59933,73726],[-9,-14]],[[59924,73712],[-8,-20]],[[59916,73692],[-14,-31]],[[59902,73661],[-6,-9]],[[59896,73652],[-22,-21]],[[59874,73631],[-8,-4]],[[59866,73627],[-10,-9]],[[59856,73618],[-37,-80]],[[59819,73538],[-40,40],[-48,-98]],[[59731,73480],[-61,-50]],[[59670,73430],[-31,-4]],[[59639,73426],[-20,-67]],[[59619,73359],[-13,-60],[-50,10],[10,58]],[[59566,73367],[6,4]],[[59572,73371],[22,-8]],[[59594,73363],[5,7]],[[59599,73370],[3,17]],[[59602,73387],[1,23]],[[59603,73410],[-27,6]],[[59576,73416],[-5,-5]],[[59571,73411],[-36,11]],[[59535,73422],[-48,80],[-8,-117],[-37,37]],[[59442,73422],[-5,22]],[[59437,73444],[-5,10]],[[59432,73454],[-51,24],[-26,-19]],[[59355,73459],[-3,-4]],[[59352,73455],[17,-51],[32,11],[15,-87],[17,44]],[[59433,73372],[12,-2]],[[59445,73370],[31,-57]],[[59476,73313],[23,-17]],[[59499,73296],[6,9]],[[59505,73305],[38,7],[16,-49],[-16,-47]],[[59543,73216],[39,-6]],[[59582,73210],[29,3]],[[59611,73213],[-16,-27]],[[59595,73186],[-22,-52]],[[59573,73134],[51,12],[94,-111],[23,-58]],[[59741,72977],[4,-19]],[[59745,72958],[3,-44]],[[59748,72914],[-5,-11]],[[59743,72903],[-18,-18],[30,-68]],[[59755,72817],[4,-3]],[[59759,72814],[9,9],[48,-37]],[[59816,72786],[1,34]],[[59817,72820],[-101,265],[-36,142],[-51,135],[19,16],[25,-26],[21,-136],[22,-94]],[[65476,92957],[25,-18],[184,-60],[24,-71],[-147,-26],[121,-25],[-57,-56],[-26,-127],[-90,-35],[29,-57],[-61,-18],[-15,-56],[-57,-96],[4,-113],[27,-59],[-53,-62],[5,-54],[-22,-57],[51,-41],[15,-121],[41,-106],[90,-167],[12,-49],[156,-186],[119,-113],[111,-39],[24,-59],[-46,-87],[-166,71],[22,-45],[63,-9],[19,-39],[-183,70],[41,-65],[-147,11],[-54,52],[-93,23],[-52,36],[-48,-65],[16,-38],[-41,-36],[-68,69],[-33,12],[-26,65],[-52,18],[-125,-31],[-61,49],[-28,-11],[-97,47],[54,20],[46,45],[-65,81],[86,50],[-71,51],[-54,90],[-51,120],[-42,5],[-31,-69],[-82,66],[-230,-16],[-43,40],[-62,145],[-6,84],[50,160],[74,63],[58,-41],[98,-16],[2,105],[47,25],[46,56],[-22,68],[35,55],[-17,114],[-52,5],[-44,49],[58,80],[106,48],[97,-33],[18,39],[-68,21],[24,43],[-30,53],[8,45],[80,63],[33,-8],[64,52],[67,-24],[54,4],[96,77],[109,27],[100,-62],[109,-6]],[[70744,92624],[-131,68],[-32,48],[36,65],[74,12],[55,-47],[-13,-73],[11,-73]],[[71600,92217],[-61,-9],[-181,7],[-6,38],[101,82],[32,68],[64,51],[63,-4],[105,-31],[56,-69],[-107,-68],[-66,-65]],[[85594,92421],[169,-84],[94,12],[110,-91],[-44,-43],[55,-35],[-76,-79],[-67,-47],[-68,3],[-80,49],[19,20],[-96,47],[-144,122],[-61,27],[-218,-9],[-7,36],[70,22],[94,67],[155,28],[95,-45]],[[85928,92511],[-61,-35],[-136,32],[-107,-28],[-151,5],[59,68],[171,16],[225,-58]],[[85776,92404],[-40,-23],[-87,25],[-31,57],[128,25],[77,-55],[-47,-29]],[[85896,92603],[-48,-35],[-204,19],[-8,43],[40,22],[89,-6],[131,-43]],[[72100,92527],[-41,-19],[-103,20],[-122,54],[-7,33],[145,168],[75,-40],[47,-88],[6,-128]],[[84154,92625],[64,4],[115,-67],[-64,-10],[-115,73]],[[83230,92808],[34,29],[93,-4],[52,-41],[-17,-38],[-113,-6],[-49,60]],[[90838,94403],[86,68],[73,8],[70,-22],[151,5],[51,-30],[-35,-67],[31,-47],[65,-3],[149,52],[216,-43],[102,-97],[59,48],[52,0],[-63,-119],[-3,-71],[-165,-39],[-87,-53],[-284,-3],[-131,23],[-58,30],[-102,84],[-156,38],[-117,80],[-100,33],[-67,45],[79,241],[37,24],[78,-65],[-38,-55],[107,-65]],[[72806,94459],[-18,-52],[-89,-47],[-61,61],[58,65],[120,49],[-10,-76]],[[87681,94425],[-55,5],[-3,52],[40,86],[-14,74],[47,132],[59,-126],[71,-48],[-57,-68],[16,-55],[-104,-52]],[[74180,94147],[24,-29],[-84,-81],[-144,17],[39,29],[11,62],[71,-15],[83,17]],[[71999,93890],[113,-17],[-58,-49],[-55,66]],[[73946,93823],[-67,-15],[-31,-49],[-54,25],[45,69],[107,-30]],[[73732,93769],[-61,15],[7,72],[86,-4],[20,-47],[-52,-36]],[[73226,93506],[-70,-35],[-81,28],[20,51],[131,-44]],[[89487,93364],[87,-31],[151,-134],[36,-14],[80,-86],[27,-60],[-25,-26],[19,-124],[-89,-19],[-151,39],[-71,-12],[-35,20],[-175,26],[-228,102],[-65,0],[-157,-66],[-83,0],[5,61],[155,12],[109,97],[40,109],[85,97],[75,-10],[33,21],[135,19],[42,-21]],[[89171,93438],[-158,-66],[-93,91],[-6,111],[62,58],[68,14],[87,-8],[67,-76],[-27,-124]],[[87680,93589],[106,-83],[64,-73],[-30,-80],[-135,163],[-70,50],[65,23]],[[72948,93479],[-71,17],[-12,32],[69,30],[46,-43],[-32,-36]],[[81308,93802],[80,0],[100,-28],[19,-50],[-70,-124],[-42,-9],[-56,-79],[-184,28],[-75,63],[-88,26],[-33,45],[26,29],[117,13],[1,77],[29,45],[176,-36]],[[92427,94959],[-77,34],[84,39],[-7,-73]],[[79878,95785],[-98,-17],[57,90],[70,-19],[-29,-54]],[[74903,95813],[-19,-9]],[[74884,95804],[3,-55],[-67,-27],[-61,27],[36,65],[108,-1]],[[65400,92966],[-131,76],[-129,-33],[-81,-52],[-43,48],[66,19],[-14,66],[29,36],[131,72],[9,49],[-101,-23],[-63,-65],[-86,15],[-90,96],[60,9],[112,100],[153,48],[-59,22],[29,44],[91,74],[223,-54],[-83,78],[-125,40],[185,23],[-21,24],[-120,28],[56,53],[127,12],[67,24],[-35,38],[-142,19],[9,57],[68,30],[39,-23],[132,44],[26,53],[-158,-10],[2,46],[128,51],[-24,32],[-79,23],[-20,54],[-54,30],[50,63],[60,-30],[68,19],[34,-80],[111,122],[-42,57],[76,52],[196,-47],[-22,74],[-40,49],[38,27],[140,27],[-30,80],[131,31],[104,96],[65,0],[94,57],[84,-5],[77,41],[6,51],[64,37],[143,8],[-95,-76],[81,-4],[85,44],[25,44],[-70,12],[52,92],[164,25],[96,-42],[78,4],[24,-49],[114,53],[61,-35],[193,94],[95,-25],[168,77],[82,54],[56,-17],[107,82],[131,-30],[-73,101],[53,48],[57,7],[76,68],[165,72],[153,44],[96,-5],[58,-30],[106,-8],[118,-123],[-40,-142],[20,-31],[-128,-128],[-22,-55],[-108,-23],[-132,-53],[-117,-71],[-105,-23],[-125,-62],[-129,-30],[-153,-59],[-227,-78],[-183,-44],[-120,-64],[-72,2],[-78,-49],[-128,-56],[-74,0],[-88,-53],[-14,-63],[-37,-40],[-76,19],[-105,-69],[-122,-102],[72,-61],[-28,-41],[-105,-17],[45,-43],[-34,-32],[-85,-18],[-19,-67],[-45,-28],[-93,59],[-70,-91],[7,-74],[-101,17],[-47,-24],[31,-138],[-61,-51],[-67,6],[-36,-26],[23,-94],[-29,-17],[-108,48],[-14,-39],[66,-58],[8,-83],[-51,-54],[-48,-17],[0,-65],[-65,-44],[-34,-72],[-133,-147],[-228,42],[-37,27],[-98,-3]],[[88663,94934],[174,-74],[-6,-62],[101,-60],[78,8],[29,-43],[-18,-83],[120,-20],[40,24],[-51,70],[9,174],[19,42],[60,13],[95,-30],[-48,119],[113,-59],[177,-128],[44,-46],[167,-36],[111,42],[94,-20],[257,-144],[92,-23],[14,-67],[-128,-57],[-20,-76],[73,-44],[-58,-25],[-5,-45],[-100,-90],[-92,-13],[-117,45],[-58,-16],[-128,45],[-26,64],[-93,104],[3,69],[62,64],[64,25],[17,74],[-34,24],[-126,-5],[-61,-40],[-32,-111],[11,-88],[74,-88],[60,-117],[129,-26],[69,-35],[64,2],[33,-54],[-74,-36],[-206,4],[-30,-54],[-64,4],[-78,48],[28,82],[-103,-13],[-60,-28],[-185,-30],[-173,-49],[-66,-4],[-22,46],[-92,60],[-51,-36],[29,-55],[-19,-65],[-74,-73],[-63,-5],[-73,50],[-168,39],[-73,54],[-30,96],[-80,35],[-94,70],[-64,101],[-14,58],[32,24],[81,-38],[42,51],[-80,10],[44,125],[-60,93],[28,40],[117,25],[-51,91],[76,48],[88,11],[60,81],[181,63],[89,-106]],[[76387,95075],[-37,-62],[-101,2],[-1,34],[139,26]],[[76768,95098],[-16,-77],[-31,-32],[-100,4],[-76,33],[-84,9],[152,61],[65,-15],[90,17]],[[81256,95327],[51,-73],[-79,-45],[-33,56],[-97,47],[53,25],[105,-10]],[[76796,95385],[-30,-49],[-99,-8],[-30,23],[159,34]],[[91475,95424],[-27,-65],[-66,5],[-137,-24],[73,78],[157,6]],[[76827,95697],[-115,-104],[-126,-31],[-20,36],[-108,10],[95,49],[135,25],[106,68],[33,-53]],[[69798,92927],[57,40],[54,-116],[-94,-6],[-68,-36],[-55,7],[-181,-65],[-89,66],[40,94],[-23,107],[72,40],[191,37],[93,-54],[-74,-110],[77,-4]],[[71131,93127],[-52,-72],[-97,-5],[-5,51],[51,24],[103,2]],[[85359,93096],[47,-27],[142,-7],[30,-81],[75,-3],[-27,-62],[111,-7],[66,-34],[57,-59],[-5,-63],[-36,-38],[-89,-39],[-71,-10],[-56,-81],[-98,-30],[-49,-35],[-88,-6],[-112,-98],[-110,-42],[-63,-8],[11,136],[29,70],[-25,90],[84,56],[32,60],[-2,68],[-45,60],[6,89],[28,48],[50,5],[2,59],[106,-11]],[[84611,93248],[65,-21],[42,-55],[90,-65],[76,6],[28,-59],[155,67],[44,-32],[-57,-39],[63,-34],[46,-82],[-8,-45],[42,-107],[-38,-66],[-70,-48],[-13,-35],[29,-56],[-24,-94],[-13,-119],[28,-87],[-51,-56],[-122,46],[-106,72],[-28,50],[-95,46],[-34,46],[-126,18],[-57,53],[-125,26],[-134,65],[-73,5],[-137,59],[42,34],[76,-22],[64,-58],[64,43],[17,137],[43,36],[-87,136],[6,107],[37,78],[63,-36],[101,8],[104,130],[73,-52]],[[90012,76104],[-533,-4]],[[77445,77574],[-22,-70],[-26,-44],[-66,-33],[-23,-27],[-18,-87],[-3,-81],[-49,-2],[-17,-64],[-12,-112],[-35,-158],[11,-44],[39,-61],[-12,-57],[28,-104],[28,-43],[42,-30],[3,-41],[-10,-121],[-44,-162],[-16,-33],[-52,-55],[-34,9],[-45,-65],[-11,-34],[-61,-67],[-49,18],[-45,92],[-81,22],[-29,-41],[-19,46],[-38,-23],[-37,42],[-46,35],[-34,-36],[-21,42],[-23,9],[-22,-45],[-62,-47],[-31,44],[-88,0],[-32,69],[-45,6],[-53,-24],[-34,101],[-30,26],[-11,77],[-2,75],[-14,96],[-23,21],[-134,1],[-71,27],[-102,-15],[-24,11],[-16,43],[7,73],[-50,16],[-14,-58],[-34,-18],[-54,88],[-35,3],[-28,-79],[-30,-11],[-44,17],[-37,-8],[-47,-52],[-10,-38],[-44,-50],[-83,-53],[-33,0],[-88,-146],[-76,-18]],[[58303,83439],[33,64],[-35,91],[16,37],[45,0],[21,61],[-6,90],[9,45],[84,-60],[79,38],[29,75],[49,53],[114,83],[35,68],[35,98],[125,121],[35,67],[0,98],[-23,129],[-6,75],[15,234],[35,45],[23,-22],[49,-121],[24,23],[32,98],[-29,67],[-44,31],[70,143],[-9,75],[-49,106],[-59,38],[-23,128],[-102,83],[-102,22],[-41,46],[-54,9]],[[58678,85677],[-92,107],[-55,51],[-65,41],[-23,48],[-42,32],[-68,108],[73,57],[37,78],[55,84],[-9,139],[-67,64],[-44,17],[-28,38],[7,54],[-31,70],[64,61],[-18,78],[-26,17],[-66,-1],[-47,92],[-9,61],[10,47],[62,35],[1,59],[-59,15],[-13,35],[38,53],[-1,121],[25,54],[-5,46],[88,40]],[[58370,87478],[126,96],[8,49],[-59,191],[24,106],[-12,53],[-41,42],[12,95],[37,42],[57,159],[-20,158],[-25,95],[-94,211],[-42,132]],[[58341,88907],[-94,87],[-93,192]],[[58154,89186],[119,249],[143,180],[196,295],[163,256],[47,82],[-61,99]],[[57362,80266],[-46,31],[-34,86],[-44,66],[-47,44],[-85,110],[-123,26],[-40,81],[-29,107],[-66,-60],[-26,-55],[-23,-14],[-40,29],[-46,-35],[-61,51],[-60,20],[-71,-14],[-50,29],[-73,-36],[-23,64],[-72,-46],[-48,35],[-132,7],[-86,-66],[-104,-60],[-33,-53],[-9,-57],[-43,-6]],[[62448,68723],[-8,51]],[[62440,68774],[-54,89],[-29,94],[-57,60],[-66,-26],[-37,6],[-68,61],[14,39],[-31,152],[-4,95],[17,22],[25,97],[2,56],[-21,131],[-22,48],[-31,21],[-6,65]],[[62072,69784],[-2,40],[-21,24],[-40,-8],[-30,93],[-24,39],[-41,96],[-17,54],[-42,9],[-23,-10],[-11,-57],[-28,-48],[-78,52],[-60,7],[-36,-63],[-29,45],[-54,23]],[[57665,80341],[14,95],[42,59],[35,74],[63,41]],[[57819,80610],[13,14]],[[57832,80624],[11,69],[-25,140],[-21,71]],[[57797,80904],[17,48],[3,67],[-11,150],[-24,38],[18,149],[-11,34],[-56,93],[-17,62]],[[57716,81545],[86,127],[8,71],[-34,36],[-51,145],[-38,63]],[[57687,81987],[-34,43],[-21,56],[-3,60],[21,84],[-33,267],[9,49],[39,57]],[[57665,82603],[60,-25],[59,3],[29,23],[37,73],[66,98],[8,65],[-17,56],[-48,87],[-23,75],[-41,26]],[[67223,69722],[22,-31],[45,-180],[24,-149],[22,-87],[41,-212],[64,-223]],[[67441,68840],[6,-11]],[[67447,68829],[16,-46],[36,-43]],[[67499,68740],[34,-87],[62,-75],[29,-68],[29,-31],[12,-38],[96,-192],[46,-38],[24,-6],[40,-37],[44,-19],[36,-55]],[[67951,68094],[7,-38],[41,-118],[69,-106],[31,-93],[29,-62],[34,-93],[62,-255],[24,-25],[21,-92]],[[68269,67212],[-20,-4]],[[70203,66923],[-20,-79],[-70,-17],[-52,-43],[-105,-180],[-41,-15],[-23,19],[-17,47],[-27,131],[-7,87],[5,103],[11,50],[2,205],[13,117],[13,64],[-1,69],[-22,26],[-49,-41],[-21,27],[28,163],[2,67],[-15,35],[-26,17],[-17,44],[-54,65],[-50,-22],[-19,-22],[-47,-113],[-14,-66],[-41,-103],[-27,-54],[-23,-10],[4,-56],[16,-21],[14,-88],[-9,-61],[-27,-57],[-39,7],[-29,48],[-33,-21],[-75,-1],[-39,-92],[-2,-48],[14,-133],[-28,-60],[-19,-17],[-36,49],[-44,115],[-21,11],[-64,-47],[-10,-48],[-59,-62],[-22,-8],[-14,-57],[-28,-9],[-35,-61],[-15,2],[-60,113],[-2,68]],[[68827,66960],[-8,25],[-62,34],[-41,-41],[-37,-20],[-43,114],[-22,26],[-81,-17],[-51,8]],[[68482,67089],[-69,-29],[-51,68],[-93,84]],[[57724,83765],[200,293],[33,12],[47,96],[97,92],[53,92],[91,125],[87,144],[84,160],[112,183],[73,92],[81,122],[60,219],[30,68],[-94,214]],[[58370,87478],[-11,93],[-53,213],[-75,141],[-22,101],[-55,149],[-78,144],[4,69],[121,231],[121,176],[19,112]],[[58154,89186],[-184,81],[-65,244],[84,159],[15,66],[-85,18],[-16,32],[140,97]],[[55817,79981],[11,31]],[[55858,80288],[6,-10]],[[56556,77276],[3,57],[38,33],[42,-13],[17,-35],[22,18],[67,94],[8,60],[23,43],[96,4],[70,16],[50,34],[50,-22],[68,-7],[61,12],[58,-18],[41,-34],[73,-5],[6,-31],[51,5],[85,-51],[20,13],[51,-12],[-1,-54],[23,-56],[47,3],[17,23]],[[57695,77294],[12,-62],[33,112],[25,-33],[34,-8],[50,68],[17,-50],[86,-18],[10,-85],[28,25],[20,50],[60,58],[35,-10],[17,-55],[20,-110],[10,-10],[76,84],[27,0],[32,-35],[49,34],[54,-4],[39,-60],[1,-30],[56,-77],[26,84],[-25,125],[3,73],[17,46],[10,82],[45,90],[37,39],[0,56],[94,6],[35,24],[87,-10],[14,7]],[[58829,77700],[0,30],[-54,112],[10,38],[-11,162],[-23,69],[24,36],[-15,84],[-41,40],[-34,81],[33,58],[11,76],[55,6],[42,-18],[7,-43],[33,-25],[53,-8],[52,33],[87,130],[32,34],[4,71],[-74,67],[-15,68],[10,56],[-93,69],[-64,-31],[-35,19],[18,59],[10,86],[-6,40],[-89,65],[-54,66],[-5,71],[-24,84],[-37,24],[13,61],[-10,49],[-26,46],[-63,65],[23,106],[21,12],[24,61],[-14,75],[-45,107],[34,71],[-5,149],[-45,-7],[-74,145],[-68,40],[-76,2],[-88,-66],[-47,-53],[-35,76],[14,116],[-98,53],[-87,-55],[-26,97],[-76,0],[-19,-28],[-39,70]],[[57824,80601],[-5,9]],[[57647,80339],[-61,16],[-44,28],[-47,-10],[-28,-63]],[[57467,80310],[-33,-41],[-40,-4]],[[57394,80265],[2,-60],[-45,-187],[86,-20],[2,-40],[-75,-75],[-65,-4],[-33,-121],[-69,-17],[-33,-58],[-15,-61],[-3,-81],[10,-67],[-30,-43],[-28,-115],[6,-36],[38,14],[26,-62],[-6,-59],[-32,-20],[-36,7],[9,70],[-20,43],[-28,-32],[-54,-31],[-36,-57],[-29,15],[-34,-10],[-14,-30],[8,-84],[-60,5],[-61,-73],[-35,12],[-32,42],[-56,-18]],[[69717,69160],[1,-40],[-90,-64],[-3,-67],[-44,-72],[5,107],[-45,19],[-18,36],[-76,61],[-89,-61],[-34,-17],[-23,-51],[11,-75],[-28,-21],[-25,63],[-24,-169],[17,-51],[-2,-91],[9,-30],[50,15],[26,31],[28,4],[38,-36],[93,34],[34,-24],[15,22],[42,18],[35,-20],[24,-111],[77,-21]],[[69734,68568],[16,65],[106,76],[18,-33],[-7,-41]],[[69867,68635],[4,-37],[35,-9]],[[69906,68589],[26,3],[3,-49]],[[69935,68543],[-10,-39],[13,-40],[24,10]],[[69962,68474],[29,40],[30,17],[17,-69],[33,-57],[25,103],[70,19],[16,26],[57,-28],[84,-6],[53,36],[3,24],[44,26],[36,-13]],[[68827,66960],[16,52],[-3,160],[25,97],[38,88],[25,128],[35,25],[19,68],[13,107],[-13,52],[-33,45],[-26,70],[-15,84],[1,87],[13,96],[20,38],[-23,106],[-35,7],[-34,-22],[-46,24],[0,85],[-20,33]],[[68776,68393],[-21,-8],[-39,37]],[[68716,68422],[8,56],[9,134],[67,95],[21,11],[90,-46],[75,-22],[52,13],[25,69],[6,151],[30,-22],[40,45],[-25,78],[3,56],[48,-6],[-1,51],[-32,5],[-47,-22],[-18,48],[109,39],[59,-34],[20,13],[5,89],[-22,122],[3,67],[22,121],[28,34],[24,-22],[37,-90],[25,-2],[16,43],[65,41],[76,93],[18,99],[22,1],[53,-120],[15,-72],[23,-33],[-17,-36],[-109,-165],[9,-50],[24,-18],[45,-100],[24,-6],[42,27],[34,3]],[[72287,70563],[-18,20],[-15,56],[-45,95],[-67,30],[-37,-16],[-38,14],[-23,94],[-27,21],[-18,57],[-7,62],[-40,-27],[-100,48],[-37,38],[-23,6],[-84,-14],[-44,1],[-13,18],[-114,19],[-91,-2],[-19,35],[-44,21],[-37,-13],[-32,-43],[-32,-13],[-54,-1],[-51,27],[-93,7],[-31,-7],[-12,-60],[-22,-33],[-30,20],[-89,15],[-97,89],[-41,12],[-47,94],[-79,65],[-65,-21],[-40,-45],[-35,-15],[-56,-46],[-13,-79],[-4,-96],[-25,-122],[4,-68],[20,-89],[-49,14],[-3,53],[-51,41],[-53,-15],[-34,26],[-25,60],[-80,42],[-45,41],[-35,0],[-76,39],[-50,-7],[-32,-38],[-50,28],[-41,-33],[-29,-50],[-1,-41],[-37,-39],[-43,-188],[26,-42]],[[69714,70608],[-25,-38],[-37,-5],[-34,-125],[-25,12],[-15,43],[-40,-42],[-55,-154],[-59,-84],[-40,-6],[-41,-24],[-79,-134],[-27,-9],[-54,-68],[1,-111],[-53,-75],[-25,-23],[-17,-78],[-36,-42],[-7,-42],[6,-88],[17,-48],[-12,-52],[-42,-1],[-62,67],[-51,85],[15,50],[14,113],[-46,68],[-15,38],[-50,6],[-74,-24],[-116,-11],[-54,5],[-43,18],[-45,406],[-9,189],[-138,0],[2,303],[9,0],[7,130],[8,282],[-84,-86],[-84,320],[-70,80],[-93,219],[-132,-136],[-128,16],[-218,48],[-329,-110],[-115,249],[-129,274],[-415,567],[-302,410],[-219,-119],[-296,-169],[-198,-120],[0,-354],[0,-404],[0,-624],[0,-622],[0,-621],[2,-19]],[[65557,69938],[192,-28],[38,8],[56,-28],[10,25]],[[65853,69915],[17,37],[-18,58]],[[65852,70010],[-8,32],[-18,151],[-2,129],[10,31],[27,17]],[[65861,70370],[30,98],[22,43],[36,34],[68,-12],[49,24],[32,111],[-3,75],[21,40],[64,-22],[43,-52],[1,-66],[27,-3],[-45,157],[-14,29],[-39,36],[32,60],[38,-23],[42,-1],[16,97],[53,-114],[41,-70],[32,-11],[21,14],[32,-70],[6,-69],[40,-37],[29,-4],[46,17]],[[66581,70651],[45,-1],[22,-26]],[[66648,70624],[22,-45],[4,-133],[42,-124],[-29,-94],[30,-100],[-24,-43],[-5,-62],[17,-46],[52,-48],[35,-61],[18,-9],[52,30],[65,-6],[55,-13],[30,-47],[23,4],[33,97]],[[67083,69908],[36,-19],[51,-71]],[[67193,69786],[20,-77],[5,-94],[16,-114],[40,-159],[46,-53],[12,-105],[12,-177],[40,-88],[57,-79]],[[67447,68829],[52,-89]],[[67499,68740],[95,-117],[61,-97],[42,-112],[75,-101],[29,-48],[33,-35],[37,27],[35,-84],[45,-79]],[[67951,68094],[48,-53],[55,-49],[92,-167],[66,-87],[36,-29],[23,4],[28,35],[49,-30],[58,-67],[17,-47],[35,-32],[33,-2],[23,-28],[2,-50],[-33,-105],[-7,-179],[6,-119]],[[57824,80601],[8,23]],[[57797,80904],[-35,110],[-2,71],[-22,34],[-35,0],[-9,33],[41,191],[-6,103],[-71,68]],[[57658,81514],[-7,85],[-49,2]],[[57602,81601],[-6,36],[15,67],[41,98],[75,35],[-37,71],[-3,79]],[[57665,82603],[54,93],[35,153],[63,12],[10,27]],[[57827,82888],[4,29]],[[57831,82917],[-48,80]],[[62072,69784],[24,16],[58,-16],[28,34],[80,18],[29,28],[50,-23],[38,-5],[45,20],[39,3],[43,58]],[[62506,69917],[66,109],[22,9],[105,-81],[-2,-44],[26,-41],[65,-44],[27,24],[29,1],[38,-72],[38,-41],[30,38],[25,114],[-6,42],[-27,45],[-25,12],[-48,63],[-27,83],[-10,56],[9,61],[26,-4],[25,54],[10,50]],[[62902,70351],[-58,72],[-70,20],[-93,123],[-4,15],[33,181],[-16,32],[-35,21],[-58,-13],[-56,126],[-33,-5],[-32,47],[-20,-10],[-14,-59],[-36,55],[-50,6],[-71,-68],[-13,-21],[-79,-31],[-37,15],[-11,33],[26,57],[-45,44],[-30,51],[-99,52],[-18,24],[-53,111],[-26,41],[-45,1],[-21,-25],[-54,67],[-65,-1],[-44,-35],[-121,24],[-45,54],[-61,59],[-48,-2],[-42,65],[-41,29],[-15,28],[-31,-24],[-25,4],[-45,38],[-32,10],[-36,-24],[-22,-123]],[[74903,95813],[-19,-9]],[[65557,69938],[-31,3],[-25,-30],[-77,-18],[-21,18],[-17,72],[-29,36],[-45,153],[-45,118],[0,61],[-56,114],[-124,150],[-32,47],[-57,11],[-92,-43],[-60,-15],[-30,-18],[-93,-77],[-55,-86],[-99,-193]],[[60620,74098],[-5,56],[24,82],[-22,28],[22,155],[14,38],[71,22],[42,36],[17,107],[21,22],[39,-2],[29,-23],[59,14],[15,-15],[55,5],[35,-14],[20,35],[4,76],[-12,36],[62,196],[-21,52],[-20,135],[-53,34],[19,114],[22,41],[59,-8],[-19,43],[-49,24],[-23,54],[4,43],[59,10],[23,72],[46,73],[1,73],[-32,87],[23,91],[-39,9],[-19,-32],[-33,-13],[-44,41],[-18,82],[-33,26],[-30,-18],[-31,30],[-13,70],[-36,-37],[-36,-6],[-12,36],[-87,74],[-23,-9],[-33,24],[-15,58],[-40,0],[-23,-92],[-25,-3],[-25,65],[-50,40],[-26,75],[-53,181],[-38,-5],[-30,-43],[-43,-22],[-24,8],[-46,-26],[-44,-68],[-64,68],[-39,-14],[-36,92],[-39,12],[-42,-6],[-47,-60],[-25,19],[-39,83],[-16,110],[24,27],[-7,60],[-42,158],[16,43],[-48,5],[-13,18],[-8,90],[-40,18],[-58,-38],[-26,5],[-34,40],[-47,21],[-40,122],[-1,80],[-36,94],[79,29],[14,29],[-28,73],[-58,93],[-16,52],[8,63],[-11,36],[-64,121],[-40,-3],[-48,-24],[-38,28],[-48,10],[-80,-95],[-60,15],[-41,37],[-52,0],[-19,-151],[-48,-47],[-60,18],[-34,34]],[[74261,75526],[-10,77],[-27,33],[-47,18],[-31,58],[-25,73],[3,42],[-65,67],[22,48],[28,18],[-4,62],[-44,11],[-32,-80],[-61,-74],[-10,-56],[-19,-22],[-146,95],[-43,-13],[-23,22],[-34,-27],[-24,48],[-4,60],[-32,108],[-26,15],[-2,67],[9,57],[-88,72],[-49,28],[-40,-3],[-31,44],[-18,127],[7,41],[-15,66],[-54,81],[0,60],[-38,61],[-103,79],[-92,8],[-34,-78],[-63,19],[-17,-20],[-2,-55],[-61,-67],[-15,25],[-46,-2],[-18,-28],[-32,5],[-51,48],[-66,-33],[-60,1],[1,53],[-13,108],[-64,-16],[-32,5],[29,174],[-38,-9],[-47,56],[-52,39],[-21,-72],[-46,-10],[-2,-63],[12,-83],[-29,-53],[-26,1],[-82,-75],[-7,39],[-78,258],[-39,151],[-57,163],[-115,365],[-142,410],[-94,237],[-7,36],[-51,130],[-94,144],[-136,174],[-70,75],[-67,87],[-39,132],[90,-1],[21,52],[18,81],[-15,77],[-31,-2],[-11,-54],[-48,-32],[-69,24],[-9,-72],[-89,-60],[-54,-47],[-53,4],[-33,-35],[21,-52],[-25,-17],[-93,-118],[-62,27],[-38,-61],[-7,-51],[-51,3],[5,-78],[-15,-76],[-40,35],[-11,54],[-91,37],[-39,-26],[-28,1],[-26,-71],[-40,-61],[-8,62],[-43,42],[1,74],[19,8],[8,69],[24,62],[75,-1],[14,137],[-42,9],[-19,-45],[1,-40],[-71,-4],[-62,25],[-26,100],[-102,11],[-21,-60],[37,2],[17,-70],[-49,-4],[-19,-34],[-24,12],[32,154],[-52,31],[10,42],[-45,93],[-41,4],[13,-93],[30,-39],[-23,-45],[-24,61],[-40,29],[-34,-2],[-5,-73],[-27,-32],[-42,3],[-5,52],[-41,21],[-22,-64],[-20,-17],[-29,77],[-2,44],[-21,44],[60,-5],[2,61],[-15,136],[34,26],[-17,71],[-34,2],[-26,44],[-12,68],[7,148],[-46,96],[-7,62],[-70,-29],[-23,14],[-64,-114],[-53,49],[-27,-2],[-29,66],[-48,42],[-58,8],[-31,21],[-33,-44],[-18,43],[-62,36],[-17,-74],[-43,21],[-30,-121],[-34,-7],[-54,10],[-29,-19],[13,-54],[22,-27],[-34,-71],[-49,-12],[-54,9],[-21,-53],[-49,-25],[-71,9],[-21,-43],[-61,-23],[-69,-13],[-17,-22],[-55,-1],[-149,-70],[-4,58],[-35,-17],[-19,-56],[-77,24],[-78,-80],[-5,-47],[10,-86],[-33,-23],[-42,68],[-66,-47],[-53,16],[-44,-18],[-107,-20],[6,-48],[-35,-31],[-48,41],[-95,-64],[-59,11],[-15,-64],[-106,-7],[-42,-30],[-2,-108],[-40,30],[-19,62],[-93,2],[1,-61],[-49,15],[-17,31],[-56,-4],[-37,43],[-36,8],[-90,-127],[34,-8],[28,-54],[-48,-118],[36,-53],[40,-9],[17,24],[42,2],[10,-52],[-37,-53],[-54,44],[-26,-100],[23,-63],[33,-1],[43,-43],[27,6],[70,-47],[70,-30],[10,-33],[-13,-71],[-40,-27],[-25,33],[-47,-2],[-69,33],[-18,-24],[-41,17],[-38,-27],[-24,-70],[-78,-96],[-10,-53],[36,-29],[3,-71],[38,-31],[2,-59],[22,-52],[-43,-62],[-35,-27],[-16,-41],[-72,-11],[-66,-104],[-55,1],[7,-85],[48,-8],[67,-40],[-1,-58],[-23,-32],[44,-46],[107,-5],[15,-86],[46,-29],[58,-2],[39,-23],[24,-84],[25,-31],[-35,-48],[-22,-234],[-22,-65],[-81,-35],[-89,-53],[-126,22],[-39,56],[-16,67],[-36,-14],[-14,-94],[-35,-120],[-43,-7],[-34,-40],[-19,38],[32,38],[-26,32],[-68,26],[-82,11],[-79,89],[-26,84],[15,58],[-14,44],[-66,66],[-32,-28],[-19,-45],[-86,34],[-25,-14],[0,-110],[-16,-16],[-37,12],[-28,-42],[-29,28],[-42,116],[-22,14],[-73,-19],[-23,24],[-21,-21],[6,-57],[-29,4],[-26,62],[-25,-30],[3,-41],[-34,-63],[-46,4],[-12,-109],[-58,-80],[-36,-29],[-25,-42],[-42,57],[-14,37],[-31,-8],[-80,116],[-28,61],[-44,61],[-51,38],[-26,-19],[-1,-63],[34,-37],[-4,-103],[8,-99],[-45,-44],[-35,70],[12,103],[17,65],[-54,33],[-39,67],[-9,76],[-51,66],[-77,24],[-17,52],[7,58],[-60,79],[-76,6],[-73,-26],[-33,28],[-29,-34],[-37,20],[-46,198],[-14,14],[-41,-43],[-21,-41],[-48,18],[-36,-60],[4,-72],[-25,-30],[-52,22],[-28,-17],[-35,9],[-11,43],[36,21],[-1,51],[-31,31],[-91,3],[-29,52],[-23,-28],[16,-58],[-29,-15],[-25,18],[-18,-47],[-2,-78],[-46,-34],[-4,-70],[-29,-35],[-83,-37],[-46,-83],[-73,-1],[-33,-20],[-15,-80],[20,-75],[-38,-41],[-44,-18],[-32,-71],[-47,-58],[-45,-10],[-1,-62],[16,-171],[46,-169],[-23,-53],[-95,-81],[-12,-21],[-55,39],[-23,68],[-16,95],[-47,110],[-87,148],[-39,-28],[-21,-64],[-25,-24],[-11,-82],[18,-76],[-42,-93],[-73,-58],[-36,-360],[61,-90],[10,-31],[-4,-67],[-23,-61],[-50,-60],[-78,-373],[173,-105],[3,-21],[-4,-213],[7,-96],[70,-83],[7,101],[67,-49],[104,9],[29,-23],[28,-54],[21,-74],[39,-101],[32,-48],[41,-192],[85,-232],[-24,-52],[-51,0],[-18,46],[-27,3],[-25,-37],[-3,-38],[23,-77],[46,-3],[27,-53],[21,4],[85,-106]],[[63674,73524],[0,-28]],[[63496,70307],[-58,-191],[-36,-47],[-50,-32],[-31,-78],[-14,-56],[2,-38],[-43,-21],[-30,28],[-21,-17],[-57,44],[-27,35],[-4,71],[-28,103],[-18,4],[-89,163],[-3,47],[-33,-31],[-22,46],[-32,14]],[[59331,73412],[21,43]],[[59433,73372],[12,-2]],[[59445,73370],[31,-57]],[[59499,73296],[6,9]],[[59543,73216],[39,-6]],[[59611,73213],[-16,-27]],[[59595,73186],[-22,-52]],[[59741,72977],[4,-19]],[[59748,72914],[-5,-11]],[[59755,72817],[4,-3]],[[59816,72786],[1,34]],[[59716,73122],[0,-1]],[[59981,72847],[6,-5]],[[59987,72842],[10,-4]],[[60004,72840],[7,12]],[[60019,72886],[18,24]],[[60037,72910],[43,5]],[[60176,72832],[-4,-12]],[[60172,72820],[-13,-1]],[[60119,72776],[-6,-52]],[[60113,72724],[-1,-31]],[[60063,72585],[-26,10]],[[60037,72595],[-35,-6]],[[60002,72589],[-4,-10]],[[59998,72579],[-38,-8]],[[59960,72571],[-7,5]],[[59953,72576],[-6,22]],[[59836,72625],[-4,-15]],[[59832,72610],[-41,-61]],[[59791,72549],[-28,-46]],[[59759,72491],[-3,-16]],[[59753,72455],[-3,-14]],[[59566,72368],[-11,-39]],[[59549,72308],[-5,-20]],[[59544,72288],[-7,-32]],[[59537,72256],[-57,-82]],[[59480,72174],[-33,-28]],[[59447,72146],[-15,-11]],[[59399,72147],[-12,-7]],[[59327,72215],[-11,-4]],[[59316,72211],[-22,19]],[[59294,72230],[-20,34]],[[59310,72423],[3,11]],[[59321,72467],[12,11]],[[59323,72643],[-5,16]],[[59318,72659],[-9,15]],[[59276,72713],[-9,0]],[[59267,72713],[-7,-7]],[[59122,72839],[-32,-3]],[[59090,72836],[-11,-14]],[[59079,72822],[-8,-17]],[[59071,72805],[-24,6]],[[59035,72910],[13,18]],[[59120,73016],[18,27]],[[59138,73043],[9,11]],[[59147,73054],[25,21]],[[59172,73075],[45,37]],[[59284,73179],[16,12]],[[59339,73212],[41,34]],[[56451,82247],[-7,7]],[[56428,82252],[-18,-22]],[[56410,82230],[-4,-20]],[[56406,82210],[-10,-20]],[[56321,82105],[-30,-7]],[[56167,81923],[-29,-40]],[[56134,81990],[6,3]],[[56140,81993],[13,2]],[[56149,82048],[-18,9]],[[56067,82141],[11,37]],[[56065,82297],[25,8]],[[56109,82304],[33,-17]],[[56142,82287],[22,39]],[[56201,82348],[49,18]],[[56337,82376],[16,1]],[[56460,82242],[-9,5]],[[56457,82415],[7,-4]],[[56464,82411],[12,-10]],[[56476,82401],[8,-7]],[[56356,82532],[-5,-8]],[[56357,82496],[-11,-7]],[[56317,82510],[-6,-15]],[[56204,82574],[-17,-2]],[[56164,82614],[51,3]],[[56241,82636],[5,10]],[[56246,82646],[10,22]],[[56256,82668],[15,33]],[[56271,82701],[33,-15]],[[56310,82655],[4,-2]],[[57349,83041],[8,-5]],[[57357,83036],[12,3]],[[57467,82982],[11,-6]],[[57478,82976],[14,-4]],[[57492,82972],[17,-2]],[[57514,82970],[10,0]],[[57716,81545],[-58,-31]],[[57602,81601],[-81,19],[-49,49],[-77,-63],[-31,-14],[-57,59],[-76,155],[-65,30],[-50,37],[-47,63]],[[57069,81936],[-19,33]],[[57050,81969],[-50,-4]],[[57000,81965],[-20,23]],[[56980,81988],[-113,-81],[-48,-8],[-39,-58],[-26,-1]],[[56775,81936],[4,13]],[[56797,82042],[-5,22]],[[56796,82105],[5,11]],[[56801,82116],[14,18]],[[56758,82211],[-9,-25]],[[56749,82186],[-3,-26]],[[56526,82432],[11,34]],[[56506,82591],[4,18]],[[56502,82663],[7,30]],[[56509,82693],[13,23]],[[56638,82848],[10,0]],[[56678,82934],[8,1]],[[56695,82929],[5,-6]],[[56707,82912],[10,-11]],[[56815,82981],[52,-3]],[[56958,83020],[8,7]],[[57060,83014],[20,44]],[[57776,82979],[7,18]],[[57831,82917],[-4,-29]],[[57069,81936],[-19,33]],[[57000,81965],[-20,23]],[[55844,80957],[3,20]],[[55847,80977],[1,14]],[[55850,81100],[23,22]],[[55905,81158],[27,46]],[[55943,81232],[4,17]],[[55947,81385],[2,31]],[[55949,81416],[4,15]],[[55960,81441],[7,12]],[[55998,81532],[13,33]],[[56018,81585],[3,12]],[[56021,81597],[8,19]],[[56042,81633],[29,9]],[[56071,81642],[12,-2]],[[56083,81640],[6,-2]],[[56124,81657],[14,12]],[[56189,81706],[55,39]],[[56244,81745],[28,12]],[[56272,81757],[7,-5]],[[56319,81598],[43,-58]],[[56362,81540],[10,-17]],[[56458,81296],[1,-10]],[[56485,81252],[66,-56]],[[56601,81190],[6,2]],[[56607,81192],[18,10]],[[56631,81205],[23,16]],[[56709,81283],[19,23]],[[56770,81371],[8,23]],[[57394,80265],[-26,3]],[[55851,80489],[-2,45]],[[59331,73412],[-19,-31]],[[59312,73381],[-4,-21]],[[59308,73360],[-4,-12]],[[59298,73338],[-13,-5]],[[59241,73402],[-23,13]],[[59218,73415],[-17,-21]],[[59065,73378],[-14,-9]],[[59051,73369],[-13,-13]],[[59038,73356],[-11,-1]],[[59002,73366],[-20,12]],[[58982,73378],[-20,13]],[[58823,73523],[14,21]],[[58837,73544],[10,2]],[[58847,73546],[9,-1]],[[58881,73552],[23,30]],[[58904,73582],[-14,40]],[[58890,73622],[-11,4]],[[58783,73689],[14,3]],[[58804,73696],[13,3]],[[58860,73673],[54,-6]],[[58914,73667],[25,-14]],[[59004,73658],[-1,20]],[[59054,73734],[5,8]],[[59059,73742],[8,20]],[[59067,73762],[-35,-24]],[[59032,73738],[-17,-17]],[[59015,73721],[-10,-12]],[[59005,73709],[-6,-5]],[[58971,73706],[-5,10]],[[58966,73716],[-10,16]],[[58956,73732],[-16,-14]],[[58940,73718],[-12,-15]],[[58892,73756],[-6,14]],[[58880,73799],[-1,24]],[[58870,73871],[3,19]],[[58883,73908],[3,17]],[[58819,74201],[-7,-15]],[[58852,74077],[-7,-28]],[[58844,74029],[19,-64]],[[58863,73965],[8,-2]],[[58878,73940],[-6,-25]],[[58857,73899],[-4,-11]],[[58863,73770],[-14,-18]],[[58849,73752],[-13,-9]],[[58836,73743],[-20,8]],[[58816,73751],[-8,8]],[[58775,73754],[-5,-17]],[[58746,73772],[7,10]],[[58753,73782],[10,35]],[[58776,73873],[-21,-41]],[[58751,73815],[-10,-34]],[[58741,73781],[-14,-31]],[[58704,73733],[-19,4]],[[58594,73719],[-30,-25]],[[58564,73694],[-15,-48]],[[58553,73620],[-8,-47]],[[58545,73573],[-30,-91]],[[58515,73482],[-41,-113]],[[60346,73971],[-14,-5]],[[60275,73917],[-21,-23]],[[60194,73856],[-24,2]],[[60109,73816],[-5,-6]],[[60104,73810],[-6,-10]],[[60053,73780],[-35,2]],[[60018,73782],[-44,-14]],[[59974,73768],[-27,-23]],[[59933,73726],[-9,-14]],[[59924,73712],[-8,-20]],[[59902,73661],[-6,-9]],[[59874,73631],[-8,-4]],[[59866,73627],[-10,-9]],[[59856,73618],[-37,-80]],[[59731,73480],[-61,-50]],[[59639,73426],[-20,-67]],[[59566,73367],[6,4]],[[59594,73363],[5,7]],[[59599,73370],[3,17]],[[59602,73387],[1,23]],[[59576,73416],[-5,-5]],[[59571,73411],[-36,11]],[[59442,73422],[-5,22]],[[59437,73444],[-5,10]],[[59355,73459],[-3,-4]],[[62829,68151],[-18,48],[-43,191],[11,53],[-42,71],[-10,145],[-23,22],[-31,-14],[-44,-47],[-39,32],[-17,52],[-53,116],[-41,-38],[-39,-8]],[[62506,69917],[6,-53],[27,-16],[17,-58],[-34,-5],[4,-39],[71,-42],[74,-97],[-11,-64],[-34,-26],[-19,-56],[7,-40],[34,-109],[35,-58],[61,-78],[33,-26],[-6,-81],[-27,-75],[-55,8],[-21,-39],[48,-22],[11,-58],[27,-49],[26,-16],[13,-50],[37,-67],[15,-9],[31,23],[47,-35],[-3,-74],[-36,-26],[4,-40],[62,-114],[-22,-26],[-24,21],[-9,-38],[20,-28],[8,-59],[-8,-63],[12,-58]],[[61559,70159],[9,7]],[[61578,70186],[13,37]],[[61505,70956],[-14,11]],[[61441,70995],[-9,-5]],[[61378,71124],[-7,-1]],[[61333,71198],[-21,8]],[[61312,71206],[-18,2]],[[61125,71408],[-14,7]],[[63520,70267],[51,-135]],[[63621,70004],[28,-111]],[[63649,69893],[5,-81]],[[63654,69812],[10,-65]],[[63664,69747],[10,-35]],[[63730,69583],[18,-9]],[[63759,69536],[-6,-34]],[[63753,69502],[-1,-23]],[[63803,69405],[31,-15]],[[63834,69390],[33,13]],[[63953,69337],[33,-79]],[[63974,69204],[-14,17]],[[63960,69221],[-36,20]],[[63824,69192],[-55,-56]],[[63735,68958],[-9,-80]],[[63698,68699],[-9,-82]],[[63707,68498],[-15,13]],[[63655,68254],[-21,-16]],[[63623,68393],[-12,7]],[[63592,68346],[0,-44]],[[63592,68302],[5,-20]],[[55541,83431],[-7,8]],[[55534,83439],[-42,-9],[-35,128],[28,33],[13,-84]],[[52266,85788],[-20,-24],[-80,30],[-6,29],[58,43],[30,-2],[18,-76]],[[52238,85632],[-35,23],[51,42],[18,-57],[-34,-8]],[[52375,85653],[-55,-5],[-24,71],[46,15],[35,-50],[-2,-31]],[[51870,85290],[-8,47],[47,8],[5,-39],[-44,-16]],[[52136,85546],[-50,-61],[-40,37],[9,49],[57,26],[24,-51]],[[51385,84170],[-48,-30],[-7,58],[48,18],[7,-46]],[[51629,84987],[-17,85],[47,35],[14,-61],[-44,-59]],[[52361,85838],[-57,7],[-2,38],[90,85],[99,32],[56,-69],[-67,-48],[-59,-11],[-60,-34]],[[52404,86018],[-35,29],[73,66],[9,-66],[-47,-29]],[[53181,86622],[-13,-29],[-63,20],[-39,68],[11,35],[104,-94]],[[53128,86888],[-36,-42],[-62,38],[56,48],[42,-44]],[[53374,87135],[-19,0],[40,223],[61,-52],[16,-56],[-98,-115]],[[53326,87419],[-60,-9],[18,53],[48,7],[-6,-51]],[[53484,87615],[-21,54],[44,31],[13,-45],[-36,-40]],[[53431,87704],[-3,40],[73,81],[11,-75],[-81,-46]],[[53960,88503],[-15,-92],[-40,80],[55,12]],[[53613,89038],[-60,-49],[41,140],[34,71],[25,-14],[-5,-91],[-35,-57]],[[53732,89210],[-15,-63],[-38,-30],[-23,41],[37,75],[39,-23]],[[53889,89297],[9,-44],[-48,-12],[-44,-67],[-39,5],[-10,114],[39,39],[93,-35]],[[54575,80655],[-19,36],[-2,186],[61,243],[37,50],[59,206],[2,53],[43,15],[-20,-96],[-35,-107],[-21,-140],[-22,-35],[-56,-291],[-27,-120]],[[55370,81903],[-83,-37],[18,48],[65,-11]],[[53236,81900],[-35,-3],[0,70],[59,-9],[-24,-58]],[[55058,81150],[-15,21],[28,65],[-23,79],[-5,125],[-12,151],[50,87],[48,118],[61,75],[89,-9],[7,-54],[-28,-63],[-34,-26],[-14,-140],[8,-43],[-20,-147],[-89,-82],[-14,-39],[-13,-101],[-24,-17]],[[53254,82005],[-30,13],[-39,-14],[-17,30],[74,104],[39,-49],[-3,-71],[-24,-13]],[[51468,82809],[-9,-51],[-27,-2],[-7,49],[15,143],[28,-67],[0,-72]],[[51461,83228],[-42,-118],[-11,104],[19,65],[34,-51]],[[51507,83195],[-33,25],[-16,86],[9,42],[38,-22],[20,-68],[-18,-63]],[[51535,83296],[-47,67],[25,39],[56,23],[3,-56],[-37,-73]],[[51419,83527],[-32,1],[-17,48],[2,103],[37,-59],[10,-93]],[[51444,83670],[-17,-14],[-33,70],[43,-6],[7,-50]],[[51523,83690],[-35,58],[62,77],[31,9],[-4,-124],[-54,-20]],[[51426,83811],[-20,-9],[-42,56],[20,26],[42,-73]],[[57807,90917],[62,-11],[42,112],[17,79],[57,85],[29,17],[111,-27],[19,-36],[7,-93],[119,50],[93,-19],[65,-77],[-2,-38],[73,-9],[63,-74],[31,13],[38,-118],[-45,-19],[-106,-13],[-58,-91],[-57,-32],[-89,-3],[-211,45],[-61,28],[-56,-41],[163,-70],[122,-29],[36,-100],[-31,-75],[131,23],[12,82],[35,3],[43,-51],[111,-12]],[[56712,87554],[-65,-39],[-44,25],[-71,4],[-23,-28],[-56,2],[-43,-45],[-70,86],[-34,-10],[-62,32],[-42,-16],[-22,-142],[38,-2],[10,-59],[-63,-4],[-75,-24],[29,-35],[-28,-44],[-127,-11],[18,-40],[45,-32],[-39,-35],[17,-60],[-12,-66],[-91,-80],[-18,-85],[33,-49],[-9,-105],[79,-60],[8,-67],[-35,-56],[-58,-39],[-79,-118],[-19,-101],[-34,-98],[-91,-78],[-36,-71],[-60,-3],[-57,-34],[-33,-54],[0,-52],[-97,62],[13,-67],[-51,3],[-17,-94],[-51,-62],[-41,23],[0,-59],[-45,-15],[-98,-85],[-26,-39],[79,-26],[-29,-73],[-132,-93],[-12,-44],[26,-54],[-57,-78],[-42,4],[-37,-35],[-35,65],[-27,-33],[12,-116],[39,-69],[-15,-161],[-31,-45],[-4,-91],[14,-44],[38,-41],[-28,-41],[-25,51],[-65,-80],[34,-121],[-32,-24],[29,-53],[-16,-276],[34,-72],[0,-120],[35,-33],[58,1],[6,-80],[71,55],[21,-4],[70,-179],[62,-2],[19,-135],[75,-30],[43,-134],[-18,-91],[59,-22],[-13,-34],[-53,-5],[-54,-95],[-76,-82],[-70,-9],[-18,-45],[-34,-40],[-35,27],[-21,51],[-51,33],[-1,33],[-39,9],[0,-57],[-80,56],[-159,5],[-18,-39],[-84,-44],[183,36],[77,-83],[47,-12],[20,-26],[64,-28],[73,-13],[40,49],[60,-2],[20,26],[53,0],[16,39],[32,-70],[-33,-19],[-69,11],[10,-129],[-81,-65],[-35,-98],[-29,27],[-7,128],[-27,33],[-12,-66],[1,-119],[-13,-45],[-64,-68],[-54,-14],[-34,-69],[-71,-40],[43,-67],[-67,-57],[22,-30],[15,-121],[-26,-108],[2,-127],[-60,4],[45,-85],[8,-41],[-24,-60],[18,-101],[-17,-72],[-22,2],[-22,-66],[-3,-86],[28,-55],[-30,-100],[-22,-169],[-44,-81],[-27,-109],[-32,-175],[-38,-87],[-25,40],[-50,34],[-62,-41],[-79,16],[-103,1],[-10,-28],[23,-64],[-36,-19],[-22,35],[-63,-86],[-31,-76],[-7,-73],[48,-134],[-48,-113],[-43,3],[-28,30],[-83,-11],[-73,-55],[-22,1],[-87,43],[-17,123],[32,39],[7,39],[-111,286],[-23,46],[-33,111],[71,-53],[31,22],[-26,74],[-28,26],[27,54],[47,-7],[9,57],[-15,76],[-44,-1],[-30,76],[-10,61],[-63,61],[0,39],[-29,60],[-38,141],[10,43],[-14,84],[-53,-2],[5,101],[-25,70],[-36,28],[26,220],[-5,36],[29,105],[-23,84],[-19,7],[-56,-70],[-34,21],[-6,37],[-41,25],[-10,38],[18,129],[-5,55],[-19,40],[14,60],[-10,89],[-21,17],[14,90],[49,15],[22,-72]],[[53173,82643],[1,0]],[[53174,82643],[-20,86],[-81,7],[-74,50],[-39,128],[9,83],[-14,94],[-22,82],[22,94],[-46,-8],[13,-119],[25,-62],[-27,-48],[-70,0],[60,-76],[10,-82],[-40,-29],[-39,-163],[-24,5],[-52,-68],[-22,3],[-25,58],[-50,-80],[-55,-60],[-18,-62],[-44,-72],[-52,-40],[-46,-85],[-33,-28],[-6,-47],[-51,-77],[-73,-51],[-9,-57],[-24,-15],[-88,-23],[-52,-34],[-72,-5],[-59,25],[-40,-43],[-63,89],[-15,-34],[-34,4],[-13,37],[56,88],[-113,19],[-19,26],[-76,53],[-13,62],[-58,16],[-36,50],[-32,79],[-14,59],[26,115],[2,87],[42,-41],[37,-8],[53,-42],[-46,116],[71,139],[-51,68],[-17,39],[68,57],[-88,-12],[12,-90],[-88,-45],[-41,6],[-29,43],[-28,107],[34,90],[49,75],[24,-38],[49,3],[41,44],[-54,66],[11,55],[61,31],[-1,36],[43,75],[-9,54],[58,147],[-17,15],[-27,-119],[-40,-4],[-23,-61],[-5,-76],[-48,-29],[-18,101],[-66,-10],[-28,42],[2,51],[-41,15],[-5,57],[30,48],[16,68],[49,-72],[41,-4],[20,31],[3,155],[-25,27],[-26,-53],[-49,-53],[-44,9],[-29,55],[11,41],[-30,23],[5,71],[-17,78],[8,65],[25,23],[54,-33],[34,-1],[57,46],[82,24],[54,-5],[57,-36],[54,23],[21,39],[63,-7],[39,-46],[19,16],[80,17],[-10,25],[-88,-35],[-15,37],[-91,36],[-22,-57],[-43,-16],[-105,33],[-114,-18],[-43,-44],[-79,52],[35,29],[-81,53],[26,44],[-27,67],[67,64],[17,37],[-16,55],[-61,4],[3,77],[120,123],[107,-39],[-5,42],[-97,14],[-78,-30],[19,49],[49,42],[-33,40],[-51,25],[-4,48],[31,18],[84,-127],[15,39],[-45,30],[9,41],[73,-4],[47,19],[19,-61],[48,-7],[-48,74],[27,64],[76,53],[26,36],[-36,26],[21,109],[62,3],[56,30],[93,-4],[76,-44],[44,58],[-37,12],[-17,44],[-104,-15],[11,95],[-12,54],[45,41],[43,17],[50,-70],[65,43],[14,-41],[70,40],[-2,78],[92,50],[62,-11],[28,34],[-42,79],[48,16],[-3,58],[91,36],[54,-40],[-3,69],[26,36],[47,-1],[33,51],[51,18],[67,-141],[29,-10],[58,31],[77,-23],[63,36],[53,158],[60,9],[19,39],[47,11],[2,42],[-92,32],[47,54],[15,51],[-104,-70],[36,-68],[-37,-73],[-86,-55],[-67,-67],[-49,-14],[-34,-34],[-47,3],[-37,112],[60,42],[0,37],[-121,-80],[-7,76],[88,86],[76,38],[-43,37],[11,55],[40,88],[78,97],[40,77],[61,-47],[0,102],[71,9],[58,-49],[20,-45],[54,125],[-40,77],[14,79],[-48,44],[43,59],[98,36],[54,67],[48,-19],[76,32],[-15,53],[15,52],[-24,45],[56,61],[-16,46],[23,45],[-47,29],[-11,69],[56,77],[26,109],[77,62],[-24,103],[108,38],[21,27],[71,11],[82,-9],[40,20],[39,51],[-109,-31],[-30,-27],[-75,1],[-44,24],[-57,57],[43,31],[-23,71],[37,10],[-10,100],[31,52],[75,-7],[-5,42],[43,44],[-46,50],[20,27],[98,-13],[47,44],[28,-3],[23,56],[6,65],[71,37],[133,10],[38,15],[-12,54],[-82,-23],[-41,-41],[-48,21],[-58,-5],[64,79],[48,102],[51,46],[44,11],[64,106],[56,-29],[23,65],[-61,18],[-54,-59],[-92,-51],[-24,118],[36,47],[40,18],[64,-24],[124,62],[45,-17],[25,65],[-123,24],[-31,-42],[-33,31],[40,62],[65,21],[54,-36],[26,99],[42,-55],[-3,-64],[32,-49],[44,23],[28,44],[-45,19],[49,44],[-54,45],[-51,20],[33,55],[90,35],[86,-18],[10,-34],[100,55],[88,17],[-6,73],[-80,-54],[-57,-12],[-52,13],[-101,-12],[-10,55],[43,91],[171,83],[132,98],[-78,6],[15,66],[41,82],[143,33],[-43,94],[38,42],[12,67],[48,22],[42,-64],[11,-54],[71,31],[-94,77],[3,42],[107,31],[17,-62],[57,-78],[58,-11],[-4,-86],[36,3],[3,66],[-26,40],[-65,6],[-35,56],[6,53],[-21,58],[91,117],[121,26],[18,-23],[-26,-78],[10,-45],[-51,-153],[42,26],[40,203],[61,61],[30,98],[37,27],[37,-70],[-29,-145],[-10,-141],[52,68],[27,136],[67,31],[67,-11],[56,150],[54,14],[39,-69],[85,-67],[25,-63],[33,2],[-81,213],[-94,45],[-71,76],[84,69],[60,-48],[71,59],[189,-70],[81,-13],[-37,-65],[46,-18],[49,-94],[42,-11],[42,30],[-81,77],[46,17],[-4,75],[71,118],[63,73],[46,18],[76,-21],[-27,63],[39,72],[112,4],[-38,47],[-85,23],[2,46],[106,-28],[-19,100],[58,23],[26,-43],[79,6],[51,-73],[27,100],[54,-44],[79,-23],[-65,-62],[-15,-42],[-151,-150],[47,-13],[2,-62],[-50,-32],[13,-57],[-42,-38],[-11,-97],[88,6],[72,123],[-25,38],[166,232],[95,155],[43,46],[59,-21],[-24,-187],[-38,-149],[15,-56],[53,51],[12,37],[64,0],[-16,66],[48,42],[-15,59],[45,31],[25,54],[-60,67],[38,81],[56,-17],[51,77],[63,-58],[92,34],[38,-55],[55,-21],[-28,-82],[-90,-91],[3,-48],[43,-12],[-43,-58],[-6,-58]],[[51387,84656],[-30,0],[-22,40],[38,40],[72,-31],[-58,-49]],[[51538,84946],[2,66],[41,10],[32,-17],[-16,-53],[-59,-6]],[[53359,87098],[45,-7],[14,-53],[-49,-33],[-41,17],[31,76]],[[57071,91258],[1,45],[-38,35],[140,18],[53,-18],[-25,-50],[-105,-58],[-26,28]],[[54308,89447],[-71,-58],[-16,-33],[-56,-14],[69,125],[-7,62],[40,20],[26,50],[0,107],[49,100],[75,10],[7,-50],[-15,-72],[30,-9],[62,57],[65,-7],[29,-59],[5,-87],[-17,-65],[-74,-2],[-42,-38],[-35,-85],[-28,38],[-44,-65],[-105,1],[53,74]],[[54555,89421],[-85,-7],[39,89],[48,-5],[-2,-77]],[[54175,89384],[-53,-57],[-86,-56],[-91,-36],[28,111],[91,86],[146,17],[-35,-65]],[[54754,89668],[-77,9],[47,64],[30,-73]],[[54791,89695],[-46,84],[59,9],[38,-37],[-51,-56]],[[54271,89736],[7,-105],[-22,-39],[-72,-53],[-57,9],[-1,43],[-53,15],[-45,-46],[-36,61],[19,56],[55,45],[69,-53],[16,75],[58,-23],[-42,92],[38,40],[19,-79],[47,-38]],[[54593,89759],[-45,20],[-12,60],[60,-16],[-3,-64]],[[54311,89778],[-28,51],[40,87],[62,42],[21,60],[36,35],[44,-7],[-18,-88],[-63,-94],[-62,-31],[-32,-55]],[[58286,90391],[1,108],[47,-17],[11,-55],[-59,-36]],[[55435,90459],[-13,23],[79,84],[25,-26],[-32,-70],[-59,-11]],[[55207,90658],[54,-7],[6,-45],[-85,-9],[25,61]],[[56392,90748],[-63,-4],[-97,31],[12,61],[130,-41],[18,-47]],[[55370,90573],[44,28],[53,-51],[-76,-103],[-87,-30],[-39,55],[-65,51],[32,47],[60,10],[29,46],[49,-53]],[[55786,90707],[-12,-100],[-50,-11],[-49,17],[-1,83],[41,36],[71,-25]],[[55587,90645],[-28,-35],[-66,1],[-33,102],[127,-68]],[[56692,91222],[-51,27],[5,48],[82,-16],[-36,-59]],[[56553,90983],[14,-102],[-83,-93],[-71,-16],[-66,85],[14,32],[79,69],[113,25]],[[56630,90934],[-45,26],[-21,104],[55,36],[57,-43],[24,-53],[-70,-70]],[[56514,91129],[-101,-146],[-85,-44],[-125,-21],[-48,19],[29,55],[-69,8],[142,78],[27,-56],[102,19],[47,92],[81,-4]],[[54907,90239],[51,29],[64,-116],[3,-51],[-51,-26],[-13,-112],[-77,-4],[-17,24],[-86,-72],[-112,-29],[-4,46],[58,11],[-1,74],[-26,47],[8,70],[99,9],[19,51],[85,49]],[[55247,90344],[-33,-42],[-12,-55],[-138,-20],[-65,44],[78,32],[-24,51],[37,47],[86,-6],[53,83],[47,-39],[19,-43],[-48,-52]],[[53173,82643],[1,0]],[[53174,82643],[-1,-49],[2,-20],[53,11],[36,135],[11,150],[-35,209],[65,76],[-1,57],[-22,49],[41,36],[47,-6],[51,61],[42,70],[18,193],[16,44],[0,88],[-63,185],[-41,158],[53,40],[62,1],[39,104],[24,117],[-92,146],[-35,8],[-77,109],[48,384],[-69,236],[12,114],[-17,103],[39,89],[-65,184],[72,154],[-13,75],[135,254],[98,87],[67,21],[210,-56],[46,118],[0,115],[-9,95],[-60,26],[-65,52],[10,39],[171,357],[14,84],[34,48],[2,196],[10,83],[27,87],[-35,217],[144,19],[123,96],[-29,141],[73,91],[107,205],[95,91],[14,110],[-18,65],[-70,104],[31,68],[51,11],[53,105],[43,171],[128,94],[24,44],[88,-44],[81,-61],[76,159],[-30,169],[12,74],[74,25],[70,-46],[95,9],[272,-108],[76,96],[-69,53],[68,85],[41,89],[-10,102],[-60,82],[142,14]],[[52897,79661],[-52,46],[12,21],[40,-67]],[[53264,79672],[-11,59],[38,11],[72,-48],[15,-40],[-54,-96],[-19,14],[-27,87],[-14,13]],[[53294,79591],[-1,-42],[-21,-33],[-55,16],[-34,-30],[-55,62],[-66,38],[-3,95],[14,33],[49,14],[33,-53],[57,-45],[40,39],[42,-94]],[[54187,79775],[-37,9],[-73,63],[18,139],[112,-119],[-20,-92]],[[53109,81443],[-57,-70],[-35,26],[16,31],[76,13]],[[52405,79986],[-18,106],[-42,8],[-38,72],[-14,-44],[-45,47],[25,134],[2,49],[57,60],[-24,113],[-47,41],[-6,316],[11,70],[47,-47],[53,-27],[34,-49],[27,11],[7,51],[-23,41],[77,135],[42,-9],[9,-68],[-27,-74],[57,27],[-22,30],[-2,157],[39,77],[70,5],[59,34],[57,13],[57,-56],[36,-9],[-11,-49],[13,-156],[13,-37],[-23,-35],[39,-51],[31,-12],[71,18],[48,-66],[-11,-71],[-49,-129],[-28,47],[-34,-93],[-46,70],[34,16],[-21,51],[-51,-107],[17,-89],[-8,-73],[-18,-64],[-24,36],[-30,-124],[-45,-25],[-3,-48],[-32,-52],[-32,-82],[6,-44]],[[52287,81031],[3,43],[57,143],[46,84],[42,-15],[69,38],[63,-12],[41,11],[53,64],[52,143],[53,105],[85,19],[76,91],[-27,-94],[1,-55],[23,-85],[1,-138],[-31,-52],[-23,-114],[-40,8],[-52,63],[-141,-31],[-69,-37],[-37,36],[-122,-70],[-31,-95],[-22,-22],[-7,-63],[40,-49],[-17,-32],[-41,62],[-42,23],[-3,31]],[[52393,81092],[12,43],[74,21],[-13,-88],[-31,-76],[-31,-13],[-40,44],[29,69]],[[52960,80399],[-15,-78],[-26,33],[3,123],[38,-78]],[[52988,79614],[-30,43],[9,52],[43,25],[-22,-120]],[[53487,79748],[-60,-3],[-43,-57],[-14,53],[49,59],[62,-22],[6,-30]],[[52948,79739],[-31,40],[34,27],[-3,-67]],[[52707,80163],[35,-23],[124,76],[46,-58],[-3,-69],[36,35],[16,73],[23,-69],[24,-138],[-5,-75],[-22,-94],[-65,-26],[-96,40],[-12,71],[-29,8],[-30,64],[-24,111],[-36,44],[18,30]],[[53491,80490],[-14,-60],[22,-83],[0,-67],[-27,-51],[-27,-11],[-42,-46],[-17,-65],[50,-47],[25,-77],[-39,-41],[-21,3],[-61,-49],[42,-36],[-3,-88],[-26,-20],[-49,14],[-46,52],[19,69],[-16,31],[-54,-6],[-36,18],[-46,-13],[-18,101],[8,42],[-20,130],[-16,64],[71,58],[73,136],[18,-33],[0,-55],[19,-18],[17,-74],[33,174],[-15,29],[86,97],[30,18],[65,-29],[28,-34],[-13,-33]],[[52625,79655],[-1,-5]],[[52420,79697],[-1,0],[-2,1],[-3,1]],[[52414,79699],[-8,13]],[[46018,87429],[93,-30],[37,10],[71,-77],[-35,-135],[46,-41],[-19,-74],[39,-64],[-50,-62],[-86,58],[-5,-33],[83,-67],[-46,-90],[-33,-44],[-70,-35],[-24,22],[-29,-81],[-39,-11],[28,-62],[-19,-73],[-47,2],[-44,-48],[-29,-58],[-110,56],[-4,-44],[-90,-45],[-85,-58],[-45,-69],[-45,-37],[-30,-54],[-100,-61],[-45,65],[-15,-88],[-61,3],[-133,-61],[-42,12],[-28,-44],[6,-106],[-57,-36],[-154,-58],[-157,30],[-90,51],[-74,30],[-68,-9],[-30,12],[-78,85],[-11,57],[-38,72],[-47,-41],[-93,64],[-39,6],[-83,-46],[-65,21],[-80,-13],[-51,19],[-98,-41],[-11,15],[-6,114],[28,62],[32,-66],[94,29],[60,36],[41,62],[3,133],[-59,-31],[-21,12],[33,135],[-53,-33],[-50,75],[-16,66],[30,39],[-30,77],[-203,-10],[-41,20],[-67,-11],[-38,-52],[-69,4],[-41,106],[63,26],[38,-25],[139,88],[66,-8],[96,14],[72,26],[58,-23],[86,2],[30,93],[-42,-3],[-54,-36],[-131,38],[11,51],[164,134],[-22,62],[-64,-55],[-30,45],[-67,31],[-58,-19],[-36,44],[-66,-13],[-21,-46],[-42,6],[-68,-20],[-27,-32],[-70,-5],[-12,41],[-70,21],[-53,-11],[39,110],[47,-23],[23,65],[-16,38],[27,35],[56,-41],[103,-48],[-24,57],[-53,16],[-39,78],[21,27],[0,102],[90,99],[33,-6],[90,-62],[14,-50],[47,-29],[36,36],[28,-59],[46,18],[-24,64],[-94,50],[-36,51],[37,31],[79,-22],[25,19],[-104,49],[-30,-19],[-55,22],[17,78],[38,21],[56,-20],[88,-3],[46,-67],[15,-50],[64,1],[59,-65],[32,-83],[68,-29],[4,-49],[28,-27],[-15,-135],[-27,-33],[35,-65],[8,-86],[22,-33],[4,-66],[29,-130],[-3,207],[32,-12],[10,106],[72,82],[17,-15],[-5,-92],[53,-36],[35,98],[17,80],[-13,85],[-25,68],[-6,95],[91,27],[47,-133],[63,-56],[14,-75],[62,-15],[9,71],[-24,75],[7,84],[62,27],[42,-10],[1,57],[62,31],[47,-26],[36,-57],[6,-84],[56,-20],[34,-89],[40,5],[-11,50],[-33,26],[-26,93],[6,84],[93,-16],[57,-52],[40,-67],[53,-1],[21,83],[33,65],[51,12],[36,-61],[48,-7],[14,34],[50,26],[23,66],[-42,135],[13,22],[80,3],[60,17],[36,-35],[12,-50],[40,-14],[-11,-76],[15,-47],[38,-8],[51,-51],[45,86],[31,10],[38,66],[35,13],[35,-29],[-82,-54],[10,-71],[-49,-27],[38,-62],[96,-5],[16,-65],[-13,-50],[-40,-38],[-6,-79],[112,48],[23,-5],[0,-101]],[[43229,50864],[-20,11],[-22,69],[11,49],[29,39],[22,-46],[1,-84],[-21,-38]],[[43465,50924],[-45,31],[-29,91],[7,135],[20,30],[8,-37],[42,-92],[19,-79],[-22,-79]],[[43564,51082],[-23,30],[5,84],[9,38],[19,-11],[6,-97],[-16,-44]],[[43692,51744],[-26,-42],[-21,2],[-22,30],[0,50],[23,82],[21,21],[22,-18],[14,-83],[-11,-42]],[[43326,52130],[-28,-10],[-24,25],[-16,-5],[-14,-75],[-30,98],[1,26],[26,11],[66,-35],[19,-35]],[[43640,52151],[-9,-5],[-16,98],[-2,57],[26,18],[6,-118],[-5,-50]],[[43074,52292],[-17,-13],[-28,36],[9,37],[38,27],[13,-44],[-15,-43]],[[42998,52377],[-28,2],[-15,95],[8,32],[35,46],[31,24],[17,-12],[16,-48],[-6,-38],[-32,-44],[-26,-57]],[[45682,48500],[-25,7],[40,63],[6,-42],[-21,-28]],[[45486,48512],[-18,-48],[-30,41],[42,31],[6,-24]],[[45354,49079],[17,21],[40,-9],[38,19],[48,62],[38,8],[31,-26],[20,9],[57,-13],[73,87],[56,96],[96,-2],[243,-4],[79,1]],[[46190,49328],[0,-81],[20,-81],[-7,-96],[-18,-44],[-35,15],[-29,-57],[0,-33],[24,-26],[25,-56],[20,-17],[2,-215],[-18,-22],[-64,-33],[-77,25],[-8,-34],[-56,-82],[-47,-1],[-35,-116],[-17,-126],[-27,-115],[-14,-42]],[[45829,48091],[-20,-24],[-8,38],[4,63],[-14,15],[-15,-58],[-8,87],[-33,11],[-15,35],[-6,70],[11,61],[-31,-29],[7,90],[54,117],[-12,12],[-34,-60],[-6,33],[4,53],[-22,1],[-7,37],[27,101],[22,14],[46,-15],[24,21],[18,-34],[16,93],[-19,6],[-39,-58],[-38,40],[-40,-16],[-43,-94],[-56,-28],[-30,-23],[9,101],[18,66],[-17,12],[-15,-50],[-39,-23],[-36,33],[-24,51],[-4,140],[-40,-7],[-16,56],[-37,53],[-11,-3]],[[45559,48752],[-12,-85],[-17,-3],[-19,39],[0,45],[49,25],[-1,-21]],[[45627,48241],[-10,43],[17,50],[15,4],[1,-50],[-23,-47]],[[45555,48423],[-18,22],[14,70],[16,34],[13,-9],[-1,-96],[-24,-21]],[[45531,48140],[-36,21],[-7,38],[36,69],[9,1],[9,-95],[-11,-34]],[[53150,41766],[2,-516],[1,-321],[-231,0],[-146,0],[-12,-52],[-41,52]],[[52723,40929],[11,52],[-27,19],[-49,-19],[-7,33],[-17,9],[-21,-19],[-13,49],[18,84],[9,71],[49,142],[-7,33],[8,48],[20,43],[28,122],[-9,135],[-2,145],[12,20]],[[52726,41896],[5,-63],[18,-36],[34,-29],[176,-1],[191,-1]],[[52438,42601],[-25,-92],[-55,34],[-18,69],[12,85],[28,-3],[14,70],[1,67],[17,68],[15,16],[49,-11],[12,-33],[-3,-58],[-23,-75],[-24,-137]],[[45347,49599],[-20,161],[1,66],[37,86],[20,-44],[16,-96],[37,-27],[55,49],[19,71],[30,-13],[114,34],[-6,37],[-43,-35],[-79,-18],[-26,0],[-22,-51],[-37,-20],[-30,26],[3,30],[-18,129]],[[45398,49984],[177,2],[122,-1],[9,84],[33,61],[24,-34],[50,58],[44,-17],[27,-44],[7,-63],[21,-29],[32,41],[18,-14],[14,-41],[3,-43],[39,-58],[27,20],[17,32],[54,41],[17,-10],[32,-90],[0,-43],[-19,-45],[-62,-26],[-33,-39],[-38,5],[-55,71],[-38,10],[-23,53],[-52,34],[-25,41],[-18,48],[-25,-50],[-6,-81],[-31,-34],[-23,7],[-108,-26],[-1,-129],[-225,4],[-22,-6],[-14,-74]],[[49664,63294],[258,-818],[274,-546],[80,-141],[287,0],[196,0],[101,1],[249,-4],[279,5],[278,-5],[279,0],[277,0],[241,5],[126,-3],[25,4]],[[52614,61792],[46,-154],[26,-116]],[[52686,61522],[66,-68],[23,-51],[33,-52],[30,0],[70,-69],[166,-189],[93,-103],[66,-95],[53,-94],[133,-224],[57,-103],[-17,-138],[-100,-301],[-29,-78],[-40,-146],[-30,-77],[-50,-112],[-33,-103],[-87,-181],[-59,-95],[-83,-189],[-44,-120],[-59,-224],[-34,-198],[-3,-69],[-19,-84]],[[52789,58359],[3,-283],[46,-62],[5,-51]],[[52843,57963],[95,110],[23,0],[100,60],[83,69],[63,69],[89,35],[120,17],[130,26],[79,8],[170,-138],[53,-68],[33,-129],[17,-95],[26,-379],[-3,-223],[-37,-190],[-20,-154],[7,-267],[-8,-43]],[[53863,56671],[91,-195],[212,278]],[[54166,56754],[54,-720],[2,-347],[23,-52],[83,-307],[9,-48],[-17,-71],[7,-62],[25,-47],[91,-250],[-67,-303],[-12,-226],[-31,-601],[-12,-564],[-9,-460],[-11,-333],[-161,-433],[-149,-403],[-103,-380],[-39,-121],[-25,-137],[7,-83],[-31,-89],[-2,-40],[-15,-24],[-35,-25],[-9,-39],[28,-314]],[[53767,50275],[10,-114]],[[53777,50161],[-723,-137]],[[53054,50024],[-555,-109]],[[52499,49915],[-640,-126]],[[51859,49789],[-712,-140]],[[51147,49649],[-96,-19]],[[51051,49630],[-392,-88],[2,-63],[26,-92],[-2,-60],[16,-44],[-5,-36],[13,-41],[46,22],[6,-69],[11,-44]],[[50772,49115],[-32,-57],[-77,-40],[-3,-29],[7,-88],[-2,-137]],[[50665,48764],[-24,-148],[-32,-61],[-39,-107],[-18,-27],[-51,16],[-54,-36],[-11,45],[-25,6],[-25,-19],[-18,-65],[5,-20],[-22,-50],[-20,14],[-31,-103],[-27,-31],[-19,-60]],[[50254,48118],[-69,0],[-45,-42],[0,48],[-127,68]],[[50013,48192],[-54,23]],[[49959,48215],[-39,18],[-22,-51],[-70,-123],[-17,57],[-86,15],[-107,-10],[-13,19],[-39,-2],[-3,-17],[-202,1],[-149,1],[-1,-84],[-25,-128],[3,-79],[23,-167],[18,-107],[-7,-39],[9,-261],[-9,-49],[13,-56],[-6,-61],[23,-61]],[[49253,47031],[-12,-53],[-14,-5],[-39,124],[-18,106],[-62,128],[-119,38],[-69,-42],[-41,-64],[-25,16],[-38,-62],[-14,-103],[-32,41],[-50,46],[-27,-17],[-20,28],[-3,66],[-45,87],[-12,83],[-38,172],[-39,11],[-28,-21],[-28,42],[-14,61]],[[48466,47713],[-13,18],[-62,-24],[-25,-39],[-34,-129],[-24,0],[-29,31],[3,165],[-8,76],[6,49],[-15,71],[-47,-34],[-2,-98],[-31,17],[-31,63],[-9,-47],[-2,-77],[14,-41],[-6,-55],[-79,-3],[-12,-76],[10,-29],[-20,-47],[-17,44],[-53,37],[-25,69],[-25,33],[-52,36],[-26,-50],[-7,-58],[-19,-68],[-40,-28]],[[47786,47519],[7,57],[-9,62],[-46,69],[-21,1],[-15,55],[-14,186],[9,64],[0,114],[-16,32],[-31,-1],[-35,-57],[-24,-9],[-3,31],[20,90],[37,116],[30,-1],[2,63],[-43,43],[-5,42],[-20,-13],[-14,32],[-14,98],[-19,-12],[-16,16],[15,190],[-5,58],[-39,133],[-12,28],[10,75],[-10,42],[-48,66],[-44,15],[-25,-38],[30,-65],[-7,-68],[-22,-9],[-51,-48],[-23,-41],[-10,-74],[-46,19],[-13,28],[-52,61],[-63,32],[-8,-41],[-27,-35],[-56,-162],[-20,19],[-25,140],[-20,61],[-19,20],[-25,-15],[-29,-116],[-26,-35],[-21,22],[-15,57],[-33,51],[33,167]],[[46840,49134],[-10,91],[-4,87],[15,199],[-1,37],[-25,74],[-14,18],[-12,73],[2,50],[-23,79],[-30,12],[-19,-72],[-21,52],[2,28],[-43,137],[-9,61],[31,76],[3,76],[-18,43],[-2,38],[10,95],[-14,91],[-34,69],[-15,16],[-5,79],[13,73],[-19,110]],[[46598,50826],[-42,67],[-14,38],[-9,73],[-42,66],[-15,-8],[-46,86],[-3,84],[-19,30],[-9,97],[-26,-15],[-36,107],[-17,37],[-22,179],[-19,91],[-35,55],[-17,3],[-24,-27],[-12,27],[-29,-1],[-43,71],[-17,89],[-52,134],[-35,67],[-20,10],[-25,-17],[-69,13],[-42,-7],[-22,40],[-10,-37],[-60,-58],[-57,15],[-37,-48],[-34,-24],[-53,24],[-47,-21],[-16,47],[-47,-23],[-10,-44],[-19,-169],[-38,-116]],[[45409,51761],[-3,174],[19,147],[0,76],[36,234],[21,88],[36,214],[12,109],[14,163],[3,249],[-12,296],[-20,142],[-10,161],[-28,154],[-19,55],[-32,37],[-13,70],[36,29],[20,54],[7,50],[-40,-1],[26,70],[28,115],[-2,67],[7,82],[5,162],[-32,109],[-39,210],[-21,46],[-3,-120],[-30,68],[-67,326],[-9,32],[-18,-67],[-2,-65],[-17,-151]],[[45262,55146],[-3,60]],[[45259,55206],[-3,36]],[[45256,55242],[23,165],[11,150],[97,2],[240,-1],[204,-1],[200,4],[105,0],[253,-3],[-14,501],[-9,350],[-19,170],[12,98],[30,95],[40,64]],[[46429,56836],[78,127],[58,20],[37,45],[64,53],[0,392],[0,551],[0,696],[-2,192]],[[46664,58912],[-275,-1],[-210,0],[-197,1],[-9,-4]],[[45973,58908],[1,4]],[[45974,58912],[2,117],[22,71],[23,16],[35,82],[46,33],[89,131],[24,41],[21,59],[19,98],[23,213],[26,94],[16,85],[21,165]],[[46341,60117],[41,74],[17,103],[17,24],[79,26],[154,67],[33,46],[120,112],[17,27],[41,132],[11,23]],[[46871,60751],[17,38]],[[46888,60789],[11,-21],[65,-78],[60,-40],[70,-70],[54,-44],[70,-23],[120,30],[41,3],[24,39],[31,33],[33,12],[36,70],[60,15],[29,40]],[[47592,60755],[0,106],[48,58],[23,43],[14,49],[45,78],[59,69],[52,96],[44,94],[57,7],[39,103],[53,73],[89,-27],[53,-25],[23,47],[8,76],[23,47],[49,-4],[18,32],[46,-9],[26,18],[102,36],[53,71],[18,36],[54,149],[32,149],[14,29],[77,66],[66,33],[18,33],[48,57],[36,93],[30,20],[61,9],[29,36],[0,71],[-27,43],[-28,-2],[-7,25],[6,113],[-11,108],[3,119],[11,37],[30,7],[47,-31],[36,38],[80,51],[27,27],[14,47],[2,81],[21,51],[112,44],[56,8],[92,-25],[127,-8],[74,-13]],[[53767,50275],[-157,4],[-139,0],[-167,-2],[-250,2],[0,-255]],[[53054,50024],[0,-119],[-141,-5],[-136,19],[-139,-5],[-139,1]],[[52499,49915],[-133,-1],[-144,10],[-170,-12],[-2,367],[-164,4],[-147,-3],[-30,84],[-56,106],[-62,106],[-84,88],[-110,24],[-23,-7],[-50,-40],[-66,-74],[-36,-55],[-53,-143],[-50,-180],[-34,-180],[-17,-233],[-17,-146]],[[51051,49630],[-12,-122],[-23,-287]],[[51016,49221],[2,-201],[-8,-102],[9,-95],[-15,-40],[4,-68],[16,-55],[-23,-40]],[[51001,48620],[-37,116],[-27,29],[-15,-6],[-18,90],[-68,185],[-48,92],[-16,-11]],[[47592,60755],[0,-644]],[[47592,60111],[0,-271]],[[47592,59840],[129,-189],[141,-211],[121,-183],[148,-225]],[[48131,59032],[241,-375],[158,-249],[134,-214]],[[48664,58194],[190,-310],[247,-410],[218,-370],[194,-333],[169,-296],[200,-354],[115,-208],[114,-182],[214,-343],[7,-71],[-10,-146],[4,-48],[84,-66],[28,-30],[23,-44],[2,-88],[34,-74],[30,-39],[53,-29],[32,46],[39,-75],[21,-90],[46,-37],[32,0],[56,-25],[35,-36],[57,-72],[-6,-187],[17,-130],[-44,-166],[19,-48],[41,-74],[254,123]],[[51179,53982],[178,88],[257,127],[136,306],[175,386],[148,323],[162,256],[149,232],[246,381],[181,276],[138,208],[134,201],[246,364]],[[53329,57130],[250,-139],[147,-82],[55,-63],[82,-175]],[[51179,53982],[0,-355],[0,-472],[1,-722],[-14,-124],[0,-308],[-24,-33],[-11,-35],[-26,-164],[-22,-232],[-23,-61],[-23,-6],[-47,-103],[-13,-109],[-135,52],[-6,-65],[-106,6],[-182,-23],[-184,-23],[-94,-222],[-54,-7],[-23,-19],[-51,42],[-32,-29],[-44,29],[-1,-61]],[[50065,50938],[-11,-53],[13,-65],[-21,-164],[6,-42],[37,-74],[24,-84],[-15,-83],[31,-156],[44,-165],[45,-11],[58,-74],[10,-74],[26,-36],[33,-17],[9,-30],[-27,-25],[-52,42],[-1,-233],[36,-26],[128,-274],[81,-16],[16,66],[17,22],[43,-26],[21,-73],[10,-80],[-6,-45],[-20,-3],[-29,-42],[94,-333]],[[46598,50826],[20,6],[32,-31],[60,99],[13,109],[-13,23],[3,107],[33,252],[20,-14],[46,84]],[[46812,51461],[11,128],[12,68],[26,46],[70,-18],[55,3],[36,-8],[83,5],[39,18],[39,0],[69,105],[78,165],[34,58],[50,134],[35,122],[41,225],[14,98],[52,267],[39,185],[42,239],[31,150],[45,250],[23,110],[27,180],[26,147],[86,422],[33,213],[31,154],[17,105],[45,295],[54,290],[32,185],[43,164],[38,225],[35,225],[23,125],[6,132],[3,183]],[[48235,56856],[-25,530],[-25,542],[-12,264]],[[48173,58192],[-42,840]],[[50065,50938],[-134,116],[-39,-52],[-16,56],[-78,0],[-97,-220],[-5,5],[-63,-40]],[[49633,50803],[-100,-164],[-27,-14],[-36,6],[-21,-10],[-7,-207],[-27,-25],[-51,62],[-49,34],[-38,-53],[-13,-36],[-47,-81],[-24,-164],[6,-113],[-19,-24],[-41,39],[-44,8],[-5,-105],[12,-189],[-54,-9],[-5,-77],[-40,25],[-88,176],[-20,20],[-50,-142],[-10,-2],[-34,-80],[-6,-32],[16,-71],[20,-52],[3,-86],[-7,-68],[-19,-14],[-50,3],[27,-137],[-18,-72],[5,-92],[-18,-19],[-24,-53]],[[48730,48985],[-18,-96],[-18,-3],[-106,-63],[-18,-17],[-35,-78],[-4,-40],[5,-73],[19,-107],[-13,-205],[-15,-82],[-17,-27],[-34,-17],[1,-54],[19,-116],[-14,-102],[-6,-124],[-10,-68]],[[49633,50803],[28,-125],[68,-92],[35,-111],[12,-241]],[[49776,50234],[-48,-88],[-57,-125],[-23,-106],[-7,-102],[0,-106],[-20,-55],[-32,-23],[-54,-9],[-57,27],[-87,-18],[-14,5],[-68,-33],[-44,-55],[-18,-111],[-11,-138],[-12,-26],[-32,-110],[-25,-28],[-59,39],[-11,28],[-7,106],[-29,65],[-21,4],[-21,-62],[-11,-90],[0,-78],[-26,-10],[-15,-30],[-20,-74],[-12,-96],[-30,-111],[-58,-7],[-30,-37],[-23,-9],[-22,18],[-10,111],[-32,85]],[[46812,51461],[16,-7],[36,-128],[82,-153],[27,-95],[13,69],[36,121],[1,46],[31,-7],[87,7],[48,-47],[85,1],[32,40],[80,10],[-9,110],[29,78],[7,-20],[-6,-128],[208,1],[162,0],[273,5],[196,-3],[203,-3],[24,5],[45,591],[-74,129],[-26,606],[-15,346],[-16,367],[-22,519],[-20,468],[-14,314],[-28,612],[-19,429],[-14,319],[-20,452],[-15,341]],[[48173,58192],[225,1],[222,-1],[44,2]],[[45398,49984],[-21,77],[1,40],[-27,46],[-3,99],[16,28],[14,-22],[16,28],[-54,8],[-11,80],[-17,40],[-20,141],[-32,57],[-31,144],[-46,57],[-23,-2],[-7,-53],[-24,67],[42,33],[70,97],[70,211],[24,116],[34,122],[34,145],[6,218]],[[46840,49134],[-28,20],[-47,-10],[-14,-23],[-41,-3],[-15,17],[-64,-19],[-19,-27],[-42,-31],[-13,47],[-30,20],[-23,-20],[-14,49],[-42,21],[-31,58],[-18,-52],[-23,4],[-7,38],[4,74],[-84,22],[-99,9]],[[45354,49079],[-19,66],[-2,45],[10,36],[50,70],[58,-63],[23,31],[27,-6],[46,36],[26,-38],[8,12],[-30,77],[-16,-48],[-24,-19],[-38,-5],[-20,-27],[-15,9],[-42,68],[-7,47],[-14,-11],[0,-64],[-29,-48],[-6,10],[-6,179],[11,51],[2,112]],[[50765,46575],[-4,-58],[5,-201],[-14,-107],[12,-95],[-17,-218],[14,-84],[-2,-97],[12,-375],[-8,-29],[-6,-106],[7,-18],[3,-113],[-2,-143],[-10,-82],[0,-62]],[[50755,44787],[-74,-23],[-49,-7],[-132,-48],[-47,-21]],[[50453,44688],[6,16],[40,22],[-7,97],[-22,96],[-21,34],[-12,60],[9,119]],[[50446,45132],[-15,109],[25,-1],[0,322],[-1,400],[-4,263],[0,347],[-1,110]],[[50450,46682],[113,-2],[209,8]],[[50772,46688],[-7,-113]],[[51001,48620],[-22,-93],[-14,-97],[61,-212],[11,-10],[-1,-58],[12,-102],[-6,-72],[26,-73],[2,-80],[-17,-131],[-26,32],[-17,-25],[-16,-99],[29,-83],[-2,-35],[-18,-113],[-25,-78],[-11,7],[-37,-32],[-4,-55],[8,-38],[-54,-134],[-8,-44],[7,-95],[-20,-153],[-27,-19],[-8,13],[-43,-12],[-9,-41]],[[50450,46682],[-4,72],[-11,49],[-16,31],[-26,78],[-7,120],[-15,41],[9,67],[-4,258],[-80,129],[-81,146],[3,109],[5,32],[0,102],[21,61],[10,141]],[[45441,54324],[-14,54],[12,78],[20,41],[-4,-93],[-14,-80]],[[46341,60117],[92,-6],[705,0],[278,0],[176,0]],[[46664,58912],[206,0],[148,0],[204,-1],[166,1],[204,0],[0,599],[0,329]],[[45262,55146],[-13,52],[2,77],[18,245],[5,112],[14,192],[1,87],[29,176],[37,135],[15,23],[19,-8],[28,31],[20,141],[17,32],[7,138],[20,103],[23,35],[9,55],[-7,43],[29,175],[26,86],[4,50],[23,87],[14,33],[18,74],[-4,88],[55,109],[35,101],[44,94],[19,79]],[[45769,57791],[135,-249],[365,-524],[88,-57],[72,-125]],[[53777,50161],[9,-90]],[[53786,50071],[-79,7],[-40,-139],[-52,5],[-39,-44],[-35,-89],[-45,-62],[-12,-79],[-24,-63],[-25,7],[-100,69],[-51,72],[-100,73],[-54,3],[-40,-11],[-47,3],[-32,15],[-55,-9],[-50,-40],[-79,-34],[-53,-71],[-32,-70],[-68,-196],[-177,31],[-91,72],[-15,57],[-19,37],[-37,8],[-34,80],[-44,72],[-23,16],[-64,23],[-121,-182],[-44,18],[-36,-94],[-41,2],[-38,80],[-31,151]],[[51859,49789],[-5,19],[-70,187],[-39,57],[-42,-17],[-38,29],[-82,84],[-42,53],[-51,-32],[-21,-68],[-81,-13],[-21,2],[-10,32],[-113,-67],[-65,-149],[-29,-6],[-1,-213],[-2,-38]],[[51147,49649],[-7,-92],[-43,-178],[-81,-158]],[[50013,48192],[-17,281],[7,286],[-7,240],[-21,129],[-29,139],[-46,350],[0,65],[7,157],[-39,147],[-40,120],[-52,128]],[[47907,43338],[-6,19],[1,164],[-3,127],[-8,25],[1,64],[7,105],[16,31],[38,166],[-19,78],[18,97],[-17,105],[2,94],[-20,-2],[-44,69],[-9,-20],[-27,48],[-1,67],[-10,97],[-20,41],[-29,27],[-47,-18],[-57,61],[-47,95],[-17,17],[52,109],[11,35],[19,102],[6,119],[1,112],[-18,37],[-12,61],[-6,131],[-15,46]],[[47647,45647],[20,41],[50,-52],[38,187],[-11,43],[18,80],[1,35],[29,-5],[-15,98],[-48,31],[-15,31],[-4,148],[15,38],[66,2],[37,-11],[19,-75],[27,1],[-6,39],[0,128],[-33,100],[-41,18],[-5,33],[8,105],[8,34],[46,52],[-47,63],[-4,40],[11,84],[-50,43],[-20,62],[-5,89],[12,175],[-15,46],[16,90],[23,26],[14,53]],[[49253,47031],[5,-73],[-5,-114],[-20,-74],[-2,-42],[30,-35],[12,-72],[12,-145],[17,-259]],[[49302,46217],[6,-112],[-20,-24],[-27,-102],[-32,-57],[-3,-64],[-20,-81],[-19,-105],[-13,-240],[-14,-136],[-21,-16],[-22,-107]],[[49117,45173],[-13,-60],[5,-89],[-12,-58],[22,-231],[21,-106],[7,-111],[17,-96],[-2,-108],[23,-69],[26,13],[21,-37],[6,-95],[-12,-120],[15,-100],[-6,-29],[-49,5]],[[49186,43882],[-58,25],[-17,67],[18,58],[-2,35],[-32,-23],[-6,-140],[-34,-10],[-161,82],[19,59],[-41,-17],[-73,5],[-41,-6],[-24,-53],[30,-3],[84,43],[29,-2],[10,-31],[-53,-20],[-121,-19],[-34,-23],[-63,-9],[-13,59],[-23,-22],[-24,24],[-16,-4],[-27,-45],[20,-17],[14,53],[36,-25],[20,11],[4,-39],[-131,-25],[-93,-37],[-66,-58],[-44,-58],[-53,-39],[-48,-47],[-36,-48],[-45,-16],[-47,-90],[-43,-21],[-30,-45],[-32,-68],[-32,-5]],[[49138,43884],[0,-18]],[[49138,43866],[0,18]],[[47647,45647],[-23,39],[0,55],[-30,2],[-13,-34],[0,-95],[-23,-75],[-15,-100],[-71,-29],[-39,108],[-24,33],[-27,-2],[1,37],[15,97],[2,95],[-22,114],[8,84],[-15,106],[-6,130],[-52,104],[-34,13],[-28,-4],[-20,-20],[-56,27],[-27,-18]],[[47148,46314],[-16,15],[-19,-13],[-12,-62],[-33,-69],[-40,-7],[1,45],[21,131],[23,55],[8,70],[-21,77],[-5,93],[8,76],[-42,13],[0,59],[14,49],[4,54],[-50,127],[-39,179],[-35,90],[-19,88],[-12,16],[-189,-1],[0,-44],[-59,-39],[-14,-1],[-20,40],[-62,-34],[-11,-17],[-25,-161],[-9,-25],[-18,-134],[-38,-95],[-36,-7],[-16,-122],[-24,-44],[-25,28],[-31,-35]],[[46307,46709],[-9,24],[16,50],[-13,47],[-27,56],[-37,157],[-37,29],[23,157],[-35,-14],[-3,70],[-32,18],[-61,122],[-18,11],[-26,41],[-64,136],[-34,132],[-23,-3],[-2,37],[16,125],[-24,-42],[-3,84],[-11,55],[-17,-9],[-2,84],[-14,20],[-15,-47],[-8,-81],[-21,-3],[-13,41],[-1,39],[17,46]],[[47907,43338],[-50,4],[-37,69],[-28,35],[-82,50],[-27,52],[-82,110],[-21,15],[-39,70],[-81,102],[-74,144],[-51,160],[-52,92],[-74,183],[-14,48],[-40,92],[-28,27],[-9,50],[-22,6],[-66,46],[-33,54],[5,48],[-22,75],[-57,77],[-77,77],[-8,32],[0,67],[-23,60]],[[46815,45183],[11,17],[20,100],[13,98],[31,30],[25,92],[51,89],[20,26],[45,143],[22,21],[1,188],[36,80],[32,1],[17,38],[9,208]],[[46815,45183],[-30,33],[-19,42],[-50,84],[-19,22],[-171,159],[3,44],[16,54],[-44,113],[-27,14],[-50,84],[-24,61],[19,23],[-5,119],[-27,96],[-35,-28],[-23,105],[-18,60],[-2,53],[24,-3],[14,-39],[37,84],[-24,13],[-21,-25],[-17,90],[1,111],[16,67],[-24,30],[-8,60]],[[46511,45546],[-8,29],[-36,34],[-65,42],[17,32],[58,18],[25,-1],[26,-46],[0,-50],[-17,-58]],[[50067,45327],[1,-45],[-13,-47],[0,-76],[-37,-50],[-6,-85],[13,-90],[69,-2],[39,5],[-54,-127],[-20,-78],[40,10],[90,3]],[[50189,44745],[55,0],[36,-58],[16,-10]],[[50296,44677],[11,-37],[26,-1],[0,-36]],[[50333,44603],[-35,-65],[-18,-76],[-5,-64],[-20,-38],[-36,-11],[-90,5],[-43,9],[-48,-46],[-28,-60],[-30,-36],[-54,-49],[-26,-13],[-35,-85],[-58,-50],[-29,-70],[-75,-9],[-31,-51],[-122,-77],[-26,-64],[-68,-115],[-28,-27],[-13,12],[-42,93],[-21,27],[-29,13],[-82,53],[-86,42],[-17,15]],[[49138,43884],[35,-20],[13,18]],[[49117,45173],[23,-8],[56,1],[51,-7],[117,-5],[0,-51],[10,-83],[33,-116],[20,-36],[24,5],[23,-74],[25,-142],[36,-105],[58,-77],[21,-3],[16,44],[25,6],[-1,39],[18,37],[-1,61],[34,42],[-11,63],[14,64],[-18,94],[-13,45],[-9,94],[-1,81],[-11,141],[116,35],[46,8],[41,-15],[44,-86],[18,33],[38,29],[16,69],[17,6],[5,43],[28,-61],[36,-3],[6,-14]],[[49961,45939],[22,-42],[2,-165],[18,-33],[1,-40],[33,-60],[5,-70],[18,-48],[13,-109],[-6,-45]],[[49302,46217],[50,-9],[63,-128],[25,-10],[19,21],[16,100],[-8,73],[7,28],[6,104],[14,28],[29,-14],[11,31],[35,2],[26,61],[22,9],[37,-58],[66,-7],[23,-24],[14,-60],[0,-35],[33,-79],[7,-47],[21,-30],[4,-33],[33,-56],[59,-44],[47,-101]],[[49987,48194],[-11,-128],[-5,-142],[-6,-34],[0,-161],[18,-105],[0,-97],[-14,-142],[17,-165],[0,-98],[10,-90],[3,-152],[-1,-152],[-9,-45]],[[49989,46683],[-10,-49],[1,-80],[-9,-63],[-20,-75],[5,-45],[33,-198],[24,-75],[0,-51],[-45,21],[-7,-129]],[[49959,48215],[28,-21]],[[49987,48194],[21,-17],[0,-63],[-25,-150],[-7,-58],[6,-50],[28,-30],[53,-130],[16,4],[22,-115],[-4,-100],[1,-62],[-8,-192],[-18,-70],[-11,-83],[-1,-65],[18,-29],[20,47],[19,8],[22,-17],[13,-46],[-6,-145],[-20,-105],[3,-44]],[[50129,46682],[13,-57],[-7,-90],[-29,-25],[24,-119],[45,-73],[19,-76],[8,-67],[-33,-57],[-4,-87],[8,-142],[-9,-141],[-20,-83],[-3,-90],[16,-53],[21,8],[3,-83],[-12,-191],[-24,-50],[13,-96],[20,-58],[5,-89],[19,-19],[0,-59],[7,-34]],[[50209,44851],[42,-90],[27,-3],[18,-81]],[[50453,44688],[-120,-85]],[[50189,44745],[20,106]],[[50209,44851],[40,201],[13,79],[184,1]],[[49989,46683],[140,-1]],[[50129,46682],[127,0],[194,0]],[[54352,47394],[-69,-45],[-51,44],[-24,0],[-26,-28],[-36,15],[-40,-34],[-90,54],[-74,-11],[-23,-123],[-23,-43],[-19,-76],[14,-20],[95,-280],[-1,-23],[59,-136],[76,-140],[25,-27],[42,-95],[37,-120],[16,-99],[31,-163],[19,-166],[16,-77],[21,-10],[-2,-94],[-20,-74]],[[54305,45623],[-15,-96],[-41,-69],[-19,-45],[-24,-158],[-4,-47],[-21,-129],[-25,-25],[-38,-218],[-6,-63],[-17,-58],[-45,-55],[-42,-79],[-2,-52],[19,-65],[35,-11],[2,-127],[-1,-147],[-8,-83],[-17,-82],[33,-51],[10,-73],[1,-99],[8,-126],[1,-117],[23,-76],[58,-88],[20,-87],[5,-111],[11,-49],[-28,-31],[9,-78],[52,-180],[91,-234],[63,-176],[34,0],[46,-145],[2,-53],[-12,-25],[7,-210],[5,-63],[26,-139]],[[54501,41803],[-34,-47],[3,-145],[19,-163],[-25,-50],[-13,55],[-74,128],[-67,38],[-62,11],[-15,38],[-26,6],[-15,-42],[-57,27],[-9,47],[-27,-7],[-12,37],[-42,32],[-28,-19],[-96,11],[-228,6]],[[53693,41766],[-12,72],[-23,12],[-47,-19],[-69,-17],[-44,19],[-31,29],[-41,13],[-30,-24],[-131,-1],[-16,18],[-33,5],[-59,-11],[-7,-96]],[[52726,41896],[2,158],[20,280],[20,93],[-15,117],[-28,107],[-42,97],[-7,83],[-26,119],[27,33],[23,5],[-54,119],[-7,47]],[[52639,43154],[-15,-13],[22,-68],[-16,-54],[-27,-4],[-44,69],[-31,24],[-36,49],[4,77],[-13,38],[-12,138],[10,63],[-41,1],[-20,-27],[-49,1],[-10,36],[3,54],[23,132]],[[52387,43670],[7,57],[53,190],[8,105],[-2,27],[8,118],[16,72],[-19,85],[4,83],[26,50],[74,175],[40,127],[17,0],[11,56],[15,18],[32,68],[19,-2],[24,202],[24,-15],[80,170]],[[52824,45256],[52,120]],[[52876,45376],[480,1147],[70,-54],[43,8],[34,67],[17,53],[45,23]],[[53565,46620],[1,112],[16,201],[21,78],[32,39]],[[53635,47050],[-27,168],[7,57],[0,106],[43,328],[13,54],[-2,71],[21,97],[-5,74],[4,85],[0,228],[23,104],[9,79],[20,49],[25,17],[7,-29],[30,12],[-11,62],[23,49],[0,37],[25,80],[2,57],[25,88],[35,20],[9,51],[-2,45],[8,77],[-23,114],[15,384]],[[53909,49614],[100,7],[25,-79],[6,-146],[10,-25],[35,-16],[32,-59],[22,-185],[-2,-158],[16,-42],[25,-14],[11,-233],[-6,-47],[13,-139],[-16,-73],[-9,-139],[2,-88],[14,-127],[-5,-72],[22,-102],[15,-114],[51,-182],[35,-106],[47,-81]],[[54352,47394],[105,-63],[40,-86],[8,-35],[38,-94],[37,-113],[31,-135],[17,-103],[10,-32],[7,-80],[0,-120],[-20,-175],[-4,-70],[8,-132],[24,-124],[2,-93],[-6,-82],[-15,-73],[-13,-27]],[[54621,45757],[-19,50],[-10,61],[-28,-50],[-7,-77],[-61,-60]],[[54496,45681],[39,-211],[77,-521],[7,-40],[10,-125],[22,-111],[25,-191],[37,-237],[14,-67],[16,-121],[16,-79],[1,-48],[23,-121],[32,-76],[42,-51],[79,-166],[36,-31],[39,-14],[37,-28],[52,-85],[27,-121],[16,-36],[35,-137]],[[55178,43064],[-9,-74],[-5,-120],[9,-159]],[[55173,42711],[-12,15],[-14,72],[-22,11],[-53,-37],[-7,-45],[-19,-9],[-6,42],[-22,14],[-58,-22],[-8,57],[-59,10],[-21,30]],[[54872,42849],[-76,-122],[-15,-62],[-3,-45],[3,-250],[12,-603],[-1,-197],[4,-93],[-7,-171],[1,-124],[6,-76],[3,-320],[11,-104],[39,-219],[7,-76],[1,-88],[-16,-178],[3,-226],[-23,-121],[-26,-70],[-18,-70],[-15,-107],[-22,-110]],[[54740,39417],[-54,-23],[-28,175],[-31,90],[-23,86],[-13,150],[-45,231],[-41,87],[-28,46],[-23,64],[-33,28],[-10,48],[-4,106],[-2,236],[-6,110],[-22,104],[-13,140],[-3,273],[-67,0],[-74,-13],[-118,-35],[-89,-17],[-97,-56],[-56,-3]],[[53860,41244],[-26,-3],[-6,-30],[-58,-64],[-58,-24],[-17,-27],[-33,-9]],[[53662,41087],[-44,-55],[-39,-6],[-83,-31],[-66,-39],[-105,-70],[-19,-3],[-59,-48],[-145,-37],[-21,-14],[-109,6],[-16,-14],[-52,-9],[-64,-22],[-26,0],[-75,-20],[-65,-6]],[[52674,40719],[-1,53],[-18,123],[3,30],[29,42],[24,-5],[12,-33]],[[52639,43154],[17,39],[-7,78],[-23,0],[2,56],[16,82],[4,149],[23,0],[40,159],[6,125],[15,0],[-5,78],[-22,64],[18,60],[36,97],[11,103],[33,57],[12,44],[30,19],[17,-38],[34,69],[44,3],[23,131],[11,16],[35,-16],[46,65],[-3,94],[35,5],[15,17],[-5,128]],[[53097,44838],[33,-2],[31,15],[16,98],[20,9],[13,40],[8,92],[-8,24],[22,87],[34,44],[29,59],[5,35],[-26,86],[1,29],[20,81],[50,124],[-5,71],[5,46],[26,96],[20,94],[-3,57],[16,82],[-5,82],[9,81],[19,-1],[23,59],[-5,69],[20,20],[20,-11],[37,31],[32,83],[11,102]],[[53635,47050],[29,13],[14,40],[5,120],[-9,111],[7,119],[41,30],[16,37],[0,53],[17,190],[18,136],[52,178],[10,84],[22,83],[33,77],[41,-31],[10,7],[60,112],[16,10],[42,64],[8,50],[-1,56],[-13,29],[-1,46],[12,98],[-4,99],[9,67],[-1,48],[-26,44],[-17,62],[-28,12],[-42,1],[-18,31],[7,75],[-35,413]],[[52824,45256],[7,-68],[21,-35],[68,3],[13,103],[17,26],[61,-71],[11,-90],[17,-39],[20,-1],[17,-50],[-1,-81],[11,-103],[11,-12]],[[51388,44422],[-35,112],[-46,113],[-48,92],[-34,44],[-117,44],[-68,4],[-92,-12],[6,31],[28,-2],[54,59],[-5,51],[-52,-59],[-34,20],[-9,-73],[-15,-45],[-58,-6],[-37,10],[-71,-18]],[[53786,50071],[75,-275],[48,-182]],[[52387,43670],[-12,-4],[-7,-76],[-35,35],[-35,77],[24,-162],[-19,-61],[-75,3],[-71,-24],[-26,-15],[-31,20],[-15,32],[-17,-14],[-58,10],[-45,136],[4,-60],[24,-61],[-3,-80],[-34,-26],[-11,99],[10,50],[-21,58],[-18,-35],[35,-208],[-18,-11],[-25,15],[-6,-32],[-99,-19],[-53,-20],[-13,31],[19,63],[-20,18],[-10,-104],[-29,-23],[-49,47],[-55,108],[-38,105],[-28,123],[-36,255],[-7,122],[30,24],[24,37],[23,68],[-22,0],[-15,-73],[-31,-13],[-32,31],[-19,52],[6,52],[46,-9],[34,11],[-16,53],[-73,-57],[-11,21],[-16,94],[-24,89]],[[52002,43360],[-19,4],[24,95],[25,-34],[-4,-47],[-26,-18]],[[53693,41766],[-2,-67],[-29,-103],[2,-88],[-14,-72],[-2,-93],[15,-49],[16,-82],[1,-48],[-18,-33],[0,-44]],[[53860,41244],[50,-47],[32,11],[22,-43],[13,-162],[30,-104],[16,-31],[-3,-63],[-35,-150],[-22,-55],[-35,4],[-19,-20],[-32,-125],[-20,-115],[17,-114],[-2,-50],[-22,-77],[-4,-41],[25,-25],[37,-10],[17,-22],[17,-117],[36,5],[25,-28],[30,-99],[-13,-88],[-13,-137],[0,-86],[15,-120],[-5,-243],[-16,-34],[2,-185],[-10,-52],[-33,-33],[3,-45],[-13,-185],[-31,-144],[-54,2],[-13,14],[3,113],[-20,122],[-12,39],[-10,-68],[-68,-180],[-26,4],[-39,42],[-61,27],[-8,73],[-28,64],[-22,167],[-22,20],[-25,43],[-18,-2],[-24,-69],[-18,15],[3,-89],[15,-78],[-6,-139],[-119,-65],[-27,61],[-42,-29],[-19,-33],[-21,46],[-24,13],[21,-200],[-11,-78],[-17,-51],[10,-37],[18,16],[40,-122],[-7,-38],[-18,-34],[1,-61],[71,-86],[1,-37],[-17,-43],[-18,-115],[23,-43],[-13,-56],[-37,14],[-24,34],[-20,75],[-25,18],[-74,-132],[-24,-165]],[[53094,37386],[-36,84],[-9,78],[-49,120],[-24,42],[-29,134],[-30,84],[-56,137],[-65,125],[-49,111],[-42,118],[25,-10],[39,-59],[13,-41],[39,46],[-23,59],[-32,-37],[-25,90],[-30,-43],[-27,38],[-21,63],[-4,87],[-55,150],[-15,73],[34,-7],[26,-108],[8,24],[-25,127],[-29,25],[-7,-24],[-24,5],[-8,164],[-14,66],[-42,140],[12,-3],[12,-49],[32,-88],[16,-78],[57,20],[-3,45],[-13,24],[-13,-35],[-22,-15],[-17,62],[24,71],[-9,11],[-35,-20],[-42,82],[-8,99],[-28,110],[-31,139],[-21,125],[69,-83],[14,-42],[22,97],[7,67],[44,128],[10,47],[0,94],[9,68],[3,90],[-14,199],[20,32],[2,-90],[24,-26],[27,-3],[51,-34],[48,50],[-42,0],[-25,25],[-36,56],[-14,-3],[-25,134],[-28,33],[2,69],[56,39],[32,-91],[-1,116]],[[52510,39672],[-20,6],[-5,47],[16,51],[11,-45],[-2,-59]],[[56733,46415],[8,-29],[-29,-83],[-7,-70],[6,-32],[25,-38],[63,-29],[68,-20],[41,-35],[19,-52],[9,-62],[31,-78],[29,5],[19,-40],[9,-48],[1,-96],[-27,-36],[2,-57],[37,-69],[10,-55],[70,-96],[63,-73],[55,-104],[14,-86],[48,-100],[25,-16],[12,-32],[-30,-125],[2,-54],[42,-67],[20,-58],[-2,-34],[-21,-66],[34,-36],[36,-7],[32,-29],[5,-45],[26,-36],[16,-4],[45,-63],[17,-46],[21,-89],[-12,-114],[5,-68],[12,-72],[29,-58],[16,-57],[-1,-36]],[[57626,43820],[-15,46],[-72,79],[-21,4],[-35,-41],[-20,-81],[-31,41],[-21,0],[-45,-33],[-16,12],[-19,53],[-54,72],[-20,12],[-10,-31],[-50,-20],[-54,75],[-23,16],[-26,55],[-50,-48],[-13,-85],[10,-39],[-9,-72],[-63,-49],[-39,9],[-60,-54],[-36,80],[-40,60],[-20,4],[-6,-74],[-84,-77],[-49,-56],[-17,-3],[-69,-63],[-39,-59],[-4,-41],[-27,5],[-32,59],[-31,18],[-23,31],[-13,58],[-21,-8],[-13,-69],[-19,-8],[-27,-167],[-26,-20],[-14,-168],[-32,-61]],[[56228,43182],[-38,-4],[-26,19],[-26,44],[-31,22],[-92,38],[-39,-38],[-85,30],[-30,44],[-7,28],[-30,31],[-37,12],[-65,-29],[-41,83],[1,69],[-33,106],[-93,151],[-34,25],[-11,52],[-39,38],[-40,10],[-39,-14],[-52,-94],[-12,-40],[-22,-9],[-12,-31],[-21,-107],[-41,-117],[-25,-135],[-57,-36],[-1,-37],[14,-43],[11,-68],[3,-118]],[[54872,42849],[-14,28],[-21,-21],[-18,-49],[-67,-33],[-42,-9],[-23,8],[-49,-15],[-15,-16],[-20,-53],[-4,-85],[-21,-127],[-5,-147],[10,-72],[-82,-455]],[[54305,45623],[18,-11],[35,8],[26,-47],[53,31],[29,67],[30,10]],[[54621,45757],[40,-106],[22,2],[15,53],[40,14],[44,69],[6,32],[59,71],[38,23],[17,40],[65,-22],[42,40],[154,19],[13,34],[3,56],[11,35],[32,30],[34,98],[2,23],[36,111],[15,81],[-23,46],[-29,28],[-14,34],[4,36],[27,52],[27,33],[30,8],[60,-3],[56,7],[90,23],[36,55],[85,-19],[32,73],[3,48],[87,102],[8,42],[38,91],[20,118],[61,152],[20,-14],[27,60],[10,76],[18,46],[36,17],[14,44],[8,81],[-11,64],[4,101],[66,67],[80,129],[46,38],[14,27],[59,-23],[53,-34]],[[56351,48065],[40,-161],[14,-24],[69,-153],[100,-421],[7,-143],[-19,-90],[11,-78],[-4,-114],[-24,-64],[-18,-7],[-14,-114],[11,-38],[26,-39],[-23,-101],[8,-46],[59,-2],[23,16],[73,-28],[32,-1],[11,-42]],[[54166,56754],[278,324]],[[54444,57078],[272,-325],[188,-229],[196,-242],[197,-245]],[[55297,56037],[223,-282],[148,-190],[154,-198],[228,-299],[150,-199],[194,-261],[121,-164],[152,-203]],[[56667,54241],[-1,-485],[0,-440],[0,-1407],[-1,-405],[-54,33],[-55,7],[-69,-55],[-67,19],[-49,-105],[-4,-54],[17,-52],[4,-57],[-6,-92],[-13,-67],[-16,-13],[-33,-86],[-24,-89],[9,-107],[-64,-54],[-15,-21],[-9,-54],[17,-37],[1,-103],[18,-65],[11,-8],[1,-71],[-34,-57],[-55,-62],[-42,-134],[14,-82],[44,-210],[-2,-23],[-37,-111],[-36,-33],[-23,-64],[-31,-183],[22,-92],[27,-24],[44,24],[17,56],[30,-53],[37,-42],[-16,-94],[9,-99],[17,-130],[30,-125],[-16,-235],[2,-26],[25,-85],[39,-59],[40,-15],[10,-92],[1,-51],[-30,-207]],[[55173,42711],[5,-116],[0,-80],[-7,-50],[-21,-44],[-55,-334],[-30,-65],[-3,-76],[-32,-98],[-5,-41],[-7,-250],[3,-149],[-2,-100],[-37,-280],[-17,-79],[8,-145],[-4,-102],[1,-63],[20,-90],[-6,-95],[-29,-89],[-11,-54],[-25,-229],[10,-145],[-9,-121],[-26,-108],[-62,-177],[-35,-67],[-31,-15],[-26,-32]],[[54740,39417],[-27,-39],[-46,-123],[-26,-118],[-15,-109],[-39,-175],[-49,-119],[-26,-46],[-14,-49],[-2,-154],[8,-95],[-1,-126],[-8,-127],[3,-88],[1,-189],[8,-47],[-34,-167],[-13,-33],[-37,-200],[-25,-63],[-40,-17],[-43,-45],[-14,-63],[0,-51],[-19,-57],[-24,13],[-37,-54],[-29,-107],[-22,-41],[-29,-79],[-22,-108],[-35,-53],[-18,-10],[-42,47],[-20,-28],[1,89],[-15,145],[34,90],[-23,106],[-29,-19],[-81,-104],[-14,-30],[-15,4],[-15,36],[-19,11],[-15,-17],[3,-82],[-11,-118],[-28,-40],[-15,20],[-37,-93],[-61,145],[-14,69],[-15,-33]],[[53635,36876],[-9,9],[-39,103],[-13,55],[-27,6],[-35,-120],[-68,-37],[-5,-74],[-14,-54],[-32,19],[-14,-97],[-39,-86]],[[53340,36600],[-7,0],[-54,171],[-6,66],[2,82],[-11,40],[-103,234],[-7,55],[-60,138]],[[56228,43182],[35,-46],[42,-19],[33,0],[49,-33],[140,0],[139,-1],[139,3],[139,0],[139,-2],[139,3],[140,-1],[137,-3],[139,3],[139,0],[139,-3],[144,5],[141,-2],[131,0],[-1,-363],[1,-358],[1,-362],[-2,-356],[1,-360],[1,-362],[-2,-104]],[[58331,40821],[-13,-47],[-2,-117],[6,-101],[-29,-85],[-14,-146],[-24,-62],[4,-58],[-7,-51],[-17,-263],[5,-101],[-9,-44],[-4,-73],[0,-107],[-12,-18],[0,-195],[6,-19],[0,-123]],[[58221,39211],[-16,-20],[-25,-65],[-24,-5],[-26,-83],[-35,-136],[-5,-73],[12,-109],[-1,-47],[-19,-97],[-64,-94],[-3,-92],[13,-96],[34,-61]],[[58062,38233],[-10,-50],[44,-131],[19,-18],[7,-69],[-8,-26],[-1,-114],[6,-80],[5,-123],[-7,-141],[4,-94],[30,-96],[13,-101],[1,-73],[8,-111]],[[58173,37006],[1,-68],[-19,-133],[-5,-111],[6,-82],[14,-91],[11,-37],[22,-196],[18,-94],[9,-126],[-6,-38],[-29,-100],[-2,-79],[12,-149],[45,-232],[10,-35],[41,-84],[42,-51],[42,-101],[35,-130],[26,-159],[9,-119],[22,-120],[36,-132],[16,-83],[17,-143]],[[58546,34313],[-142,-55],[-188,-75],[-189,-75],[15,-85],[2,-49],[-26,-116],[-45,-137],[-52,-109],[-33,-42],[-7,-38],[40,-57],[6,-81],[43,-233],[-17,-94],[-3,-159],[-8,-71],[11,-197],[18,-95],[-20,-46],[-20,-84],[-25,-297],[-27,-136],[-3,-65],[19,-99],[7,-82],[14,-68],[55,-85],[38,-78],[28,-74],[25,-127],[22,-10],[43,18],[60,-67],[12,12],[-20,74],[8,65],[26,42],[56,26],[10,-4],[-1,-447],[0,-481]],[[58278,30532],[-21,-6],[-20,17],[-9,38],[17,83],[-25,31],[-14,-8],[-22,-50],[-74,-93],[-28,32],[-22,-7],[-13,28],[-14,148],[-49,176],[-20,49],[-28,-37],[-20,99],[9,70],[-24,95],[-28,61],[-50,8],[-85,126],[-17,-31],[-34,-3],[-30,63],[-10,38],[-14,136],[-17,45],[-43,69],[-9,27],[-7,144],[-48,-15],[-10,-117],[-4,-85],[-31,-68],[-54,-12],[-67,56],[-126,11],[-39,67],[-96,67],[-37,48],[-13,91],[-7,108],[15,63],[-7,60],[-37,-41],[-42,-7]],[[56954,32106],[-16,-2],[-66,-38],[-60,-104],[-21,0],[-21,41],[-2,40],[12,50],[-3,121],[-22,43],[-37,16],[-15,81],[-40,34]],[[56663,32388],[-10,-46],[-26,-67],[-54,12],[-22,22]],[[56551,32309],[71,107],[-8,258],[0,220],[29,270],[19,441],[0,538],[-61,512],[-3,64],[-49,214],[-1,77],[7,367],[10,61],[3,104],[34,218],[4,64],[-30,67],[-188,1],[-250,-1],[-166,0],[-140,1],[-211,-4],[-132,3],[-212,0],[-139,0],[-139,2],[-139,-1],[-248,-1]],[[54612,35891],[-3,57],[-22,33],[-41,16],[-122,-6]],[[54424,35991],[-32,-6],[-35,9],[-170,-4],[-101,-13],[-32,-20],[-98,17],[-45,13],[-30,22],[-59,-19],[-61,-1],[-23,11],[-78,-7]],[[53660,35993],[-19,-8],[-59,42],[-39,-36],[-12,-64],[-15,-21],[-62,-27],[-48,110],[-14,69]],[[53392,36058],[17,23],[70,9],[2,324],[0,113],[11,68],[38,82],[1,21],[30,102],[10,16],[51,33],[13,27]],[[56551,32309],[-25,15],[-35,-17],[-42,-68],[-36,-14],[-41,2],[-23,32],[-23,-30],[-30,7],[-19,29],[-22,-2],[-11,-63],[-50,-76]],[[56194,32124],[-13,20],[-3,101],[-13,73],[-8,77],[41,95],[-3,104],[-9,51],[12,99],[-30,159],[-9,138],[-12,43],[-30,38],[-48,165],[-16,150],[9,79],[4,106],[-1,60],[11,194],[18,220],[-1,54],[-16,99],[-21,165],[-13,36],[-2,49],[7,117],[21,130],[3,83],[-6,78],[-17,63],[-158,-2],[-184,0],[-5,24],[5,97],[23,145],[-83,-1],[-6,-57],[-214,-2],[-10,-112],[-4,-96],[12,-138],[-18,-65],[-26,-8],[8,-81],[-15,-145],[7,-72],[-162,-4],[-7,44],[-66,1],[-1,-38],[-34,-14],[-57,9],[-23,-23],[1,-56],[-31,0],[-32,46],[-72,-40],[-22,12],[-32,147],[-35,87],[-8,55],[-36,163],[-13,22],[-11,60],[-20,30],[-14,71],[-2,62],[9,68],[-11,90],[-16,25],[-25,127],[-26,199],[10,149],[-33,123],[0,19]],[[58953,42820],[-9,-15],[-2,-70],[-29,17],[-18,39]],[[58895,42791],[-56,-25],[-19,-58],[-9,-115],[-45,-133],[-21,-83],[-1,-67],[7,-37],[-7,-66],[13,-83],[-2,-82],[-36,-145],[-8,-67],[-17,-66]],[[58694,41764],[1,-30],[-25,-92],[-49,-164],[-95,-191],[-59,-186],[-13,-28],[-45,-26],[-11,-26],[-5,-98],[-17,-61],[-45,-41]],[[57626,43820],[19,-56],[38,-34],[30,-78],[6,-135],[21,-31],[18,-4],[27,-35],[16,-50],[32,-61],[45,-42],[32,29],[8,31],[40,37],[17,81],[20,14],[12,-53],[51,10],[55,-112],[32,35],[30,97],[17,114],[34,-20],[55,-70],[-4,-132],[44,-60]],[[58321,43295],[4,45],[-2,116],[4,193],[-3,247],[4,246],[-1,117],[73,-9],[69,-1],[78,7],[34,-11],[111,-8],[9,-6],[138,-11],[12,-104],[-15,-106],[-3,-126],[-17,-83],[-12,-93],[-2,-90],[-14,-17],[-8,-92],[5,-141],[18,-103],[2,-45],[17,-74],[17,-19],[20,-57],[16,6],[11,-47],[34,-83],[7,-44],[20,-19],[6,-63]],[[58321,43295],[29,-115],[24,-23],[16,-99],[36,-16],[28,-39],[32,-16],[11,-186],[54,40],[20,-120]],[[58571,42721],[19,12],[2,-69],[-29,-125],[-18,-136],[25,-64],[6,-88],[-33,-172],[-8,-110],[44,-80],[15,45],[17,-2],[19,-51],[64,-117]],[[59981,43533],[5,-73],[13,-26]],[[59999,43434],[0,-708],[19,-90],[31,-69],[11,-94]],[[60060,42473],[26,-90],[48,-134],[32,-129],[29,-277],[1,-197]],[[60196,41646],[4,-265],[0,-581],[-25,-83],[-21,-120],[0,-157],[10,-129],[18,-83],[-11,-101],[-55,-208],[-23,-161],[-94,-201],[1,-150],[-1,-348],[0,-372]],[[59999,38687],[-203,293],[-153,221],[-178,259],[-16,28],[-27,-1]],[[59422,39487],[-225,1],[-174,0],[-224,1],[-256,1],[-45,-49],[-32,3]],[[58466,39444],[-33,0],[-22,-106],[-48,-114],[-36,-68],[-25,21],[-1,45],[-14,36],[-33,-20],[-11,-24],[-22,-3]],[[58953,42820],[48,81],[87,9],[50,40],[33,55],[46,-88],[93,-8],[133,337]],[[59443,43246],[109,278],[210,3],[219,6]],[[60060,42473],[-10,-42],[-70,17],[-32,35],[-65,-37],[-30,-67],[-18,-74],[-7,-68],[1,-60],[-6,-94],[6,-37],[-1,-85],[7,-40],[0,-74],[-26,-174],[-26,-50],[-48,-121],[-15,-98]],[[59720,41404],[-13,-63]],[[59707,41341],[-13,-16],[-13,-90],[-17,-23],[10,-91],[-7,-34],[-31,-10],[-26,-42],[-6,-41],[-16,9],[-11,-105],[-19,-99],[-39,-125],[-30,-29],[-16,-158],[-55,-205],[19,-171],[-16,-229],[1,-395]],[[58571,42721],[34,144],[55,73],[30,0],[71,-102],[45,44],[24,68],[18,-18],[21,-68],[6,-69],[20,-2]],[[59443,43246],[18,-36],[18,-159],[27,-125],[44,-34],[23,-48],[-3,-103],[-14,-27],[0,-71],[14,-100],[15,-73],[18,-44],[6,-106],[20,-54],[25,-8],[10,-122],[32,-115],[-6,-118],[30,-195],[4,-137],[-4,-167]],[[61387,41647],[169,2],[302,-6]],[[61858,41643],[-3,-65],[7,-26],[-7,-76],[12,-98],[-2,-286],[14,-36],[-6,-170],[13,-38],[15,-131],[14,-32],[-11,-131],[0,-182],[-18,-69],[-10,-5],[-29,-120],[-22,-9],[-16,-50],[7,-92],[10,-37]],[[61826,39990],[-32,-111],[-18,-39],[-61,-206],[-30,-71],[-27,-89],[-50,-228],[-40,-167],[-25,-76]],[[61543,39003],[-22,-56],[-18,-72],[-27,-76],[-58,-17],[-32,-38],[-28,11],[5,-74],[20,-97],[-15,-22],[-10,44],[-29,-53],[8,-72],[-51,-110],[-27,19],[-42,-30],[-42,-74],[-17,-78],[2,-146],[-16,-149],[-4,-74],[-37,-60],[-28,-175],[-10,-129],[-15,-92],[-31,-119],[-40,-234],[-34,-156],[-22,-4],[-19,20],[-15,-42]],[[60889,36848],[-134,250],[-84,156],[-176,327],[-13,88],[-31,14],[-4,78],[30,64],[-12,188],[-20,40],[-50,63],[-205,295],[-191,276]],[[59707,41341],[27,4],[40,72],[64,201],[46,-20],[31,48],[281,0]],[[60196,41646],[91,1],[549,4],[275,0],[276,-4]],[[61419,38672],[-45,-26],[12,59],[30,36],[17,-30],[-14,-39]],[[59719,44530],[19,-6],[130,1],[198,-1],[161,0],[180,0],[253,0],[275,1],[18,-70],[4,-54],[18,-62],[35,-3],[21,-41],[-8,-107],[49,-17],[33,-83],[16,5],[41,-33],[83,35],[20,16],[48,109],[67,99],[18,3],[29,-58],[9,-71],[23,-86],[24,-140],[12,-107],[26,-92],[22,-39],[14,-164],[28,-51],[17,-68],[52,-132],[16,-4],[11,-39],[6,-59]],[[61687,43212],[-6,-14]],[[61681,43198],[33,-8],[20,-35],[31,-83],[14,-15],[22,-62],[-7,-39],[3,-80],[-13,-95],[25,-31],[11,-73],[-11,-25],[10,-91],[16,-42],[-7,-117],[-28,-86],[-15,-6],[-11,-59],[33,-115],[-18,-27],[-15,-137],[13,-44],[-25,-11],[-10,-28],[37,-83],[13,0],[52,-112],[4,-51]],[[59981,43533],[-44,127],[1,204],[12,39],[-7,93],[7,45],[-82,71],[-23,-1],[-25,-54],[-23,63],[5,50],[-52,90],[1,40],[-30,124]],[[59721,44424],[-2,106]],[[59999,43434],[13,-27],[63,-6],[104,6],[6,-10],[61,1],[42,-43],[25,-64],[42,-66],[199,-335],[17,-55],[18,-29],[90,-9],[20,20],[110,-81],[47,14],[31,-40],[84,-20],[17,-32],[10,68],[52,128],[23,137],[88,110],[57,55],[3,18],[76,76],[31,42],[63,-129],[35,-108],[13,-12],[80,6],[18,19],[53,17],[32,-37],[16,18]],[[61638,43066],[17,83],[26,49]],[[61638,43066],[-156,-580],[-96,-238],[-1,-379],[2,-222]],[[61387,41647],[-2,-494],[0,-945],[3,-623],[155,-523],[0,-59]],[[61233,32672],[-26,-64],[-52,-82],[-39,-73],[-34,-38],[-36,-63],[-73,-56],[-59,-111],[-24,-15],[-19,22],[-64,-20],[-65,-72],[-50,-104],[-110,114],[-45,-23],[-20,-32],[-20,-164],[-54,-57],[-34,-57],[-21,-3]],[[60388,31774],[-78,38],[-33,57],[-48,14],[-41,-103],[-34,-18],[-50,40],[-30,-18],[-22,3],[-6,86],[-64,110],[-30,11],[-27,-47],[-23,-75],[-21,-14],[-93,22],[-76,3]],[[59712,31883],[-2,65],[-19,71],[-24,37],[-26,95],[-26,64],[-6,64],[13,68],[6,119],[-3,85],[-19,59],[-5,114],[2,40],[-11,217],[-9,55],[-48,165],[-80,184],[-23,-31],[-4,-115],[-20,20],[-30,53],[-51,1],[-24,-27],[-18,9],[-8,48],[-24,41],[-31,-16],[-20,11],[-36,83],[-16,-23]],[[59150,33439],[-27,25],[-39,66],[-46,15],[-13,61],[-20,34],[-45,-3],[-27,50],[-28,16],[-22,-21],[-12,29],[4,68],[-46,35],[-29,-15],[-30,65],[-3,48],[-22,61],[-19,24],[-33,10],[-19,29],[-24,-24],[-18,4],[-28,43],[-19,57],[-20,83],[-19,114]],[[60889,36848],[5,-128],[-10,-52],[-14,-24],[-2,-70],[-14,-139],[-31,-218],[-29,-160],[-23,-194],[17,-77],[2,-127],[21,-89],[35,-25],[26,-64],[45,-177],[45,-32],[23,-96],[-2,-64],[-46,-149],[-21,-121],[-7,-87],[7,-128],[12,12],[29,-53],[-1,-133],[-26,-198],[-12,-16],[1,-77],[8,-104],[5,-121],[28,-76],[-18,-61],[18,-24],[52,-182],[1,-117],[23,-216],[0,-71],[15,-34],[1,-87],[10,-50],[28,-45],[13,-51],[39,-30],[5,-57],[21,2],[9,28],[44,-119],[12,-75]],[[61025,34459],[-11,56],[41,93],[17,55],[8,-40],[-20,-109],[-35,-55]],[[58173,37006],[95,9],[72,121],[41,135],[15,107],[26,104],[23,17],[-4,39],[16,115],[15,33],[34,37],[11,27],[-3,61],[24,35],[26,17],[6,73],[-6,51],[2,72],[-49,9],[-29,57],[-19,-38],[-20,66],[17,190],[12,94],[13,43]],[[58491,38480],[38,39],[21,-24],[19,60],[-1,77],[13,83],[-24,105],[8,92],[-7,72],[6,33],[-23,99],[-3,58],[-15,36],[-13,-2],[-20,42],[-27,123],[3,71]],[[60958,35739],[22,18],[12,-140],[-4,-45],[-14,-18],[-16,22],[-14,91],[-26,47],[-14,-45],[-13,45],[-5,49],[5,79],[-6,49],[1,63],[14,29],[14,98],[19,-49],[-2,-79],[20,-101],[7,-113]],[[61054,36323],[-18,-46],[-23,22],[0,66],[20,61],[7,65],[-15,22],[-5,91],[4,78],[49,-8],[2,-61],[-13,-76],[8,-41],[-1,-66],[-15,-107]],[[58062,38233],[8,34],[2,68],[22,10],[52,-49],[3,-72],[12,-49],[17,21],[26,-20],[26,31],[18,-18],[35,24],[15,25],[13,65],[-1,58],[9,181],[40,-67],[18,-14],[65,91],[32,-59],[17,-13]],[[61687,43212],[33,24],[49,-5],[70,42],[31,8],[40,33],[15,51],[15,98],[48,102],[92,112],[54,50],[48,16],[35,35],[269,-43],[117,331],[162,457],[168,447],[120,314],[156,386],[120,295]],[[63329,45965],[-105,0],[-166,-1],[-127,112],[-260,227],[-269,232],[-177,152],[-107,250],[-12,-13],[-39,59],[-4,48],[-28,97],[-19,47],[-10,128],[-12,29],[-20,4],[-16,43],[-11,81],[-45,100],[-18,169],[-17,45],[-16,83],[27,106],[43,126],[7,34]],[[61928,48123],[85,336]],[[62013,48459],[35,-62],[22,-23],[13,-101],[34,-122],[53,-164],[34,-81],[75,-139],[20,-43],[31,-26],[46,-1],[46,34],[47,-26],[28,10],[72,113],[23,53],[32,-2],[18,24],[68,127],[60,-58],[39,-17],[37,12],[24,-60],[33,-9],[54,40],[92,136],[21,25],[31,72],[64,79],[33,4],[41,-55],[36,16],[43,-7],[50,10],[26,55],[34,45],[50,30],[38,9],[61,-58],[22,-3]],[[63599,48296],[8,2]],[[63607,48298],[121,68],[26,36],[12,41],[33,17],[29,-13],[86,44],[52,58],[43,64],[19,55],[8,72],[29,62],[37,23],[140,-100],[-10,-125],[-31,-114],[-14,-129],[2,-106],[23,-22],[-14,-123],[4,-172],[4,-77],[-11,-97],[8,-37],[16,24],[0,42],[52,-37],[9,-24],[-12,-58],[-26,9],[-15,29],[-35,-14],[-37,-33],[-18,-35],[1,-208],[-27,-322],[10,-99],[-23,-97],[-18,-25],[-13,-63],[-3,-81],[-43,-90],[-15,-59],[-28,-178],[-3,-71],[-16,-37],[-29,-114],[-7,-64],[-16,-55],[-40,-66],[-22,-58],[-11,-60],[-2,-122],[-18,-100],[-40,-186],[-58,-198],[-45,-203],[-33,-202],[-8,-64],[3,-63],[-11,-109],[-52,-237],[-52,-210],[-42,-150],[-57,-183],[-30,-117],[-56,-273],[-82,-242],[-30,-77],[-42,-145],[-60,-141],[-130,-376],[-77,-190],[-35,-75],[-69,-198],[-28,-67],[-32,-55],[-86,-126],[-60,-96],[-101,-128],[-128,-222],[-56,-113],[-55,-126],[-55,-144],[-44,-69],[-83,-197],[-67,-193],[-32,-80],[-90,-260],[-65,-152]],[[63599,48296],[7,2]],[[63606,48298],[7,-85],[-1,-328],[0,-321],[1,-221],[4,-304],[4,-180],[-5,-179],[-78,-201],[-130,-324],[-35,-111],[-44,-79]],[[61928,48123],[-37,-10],[-17,64],[-30,14],[-78,-56],[-65,-14],[-29,-40],[-51,21],[-10,41],[3,164],[-15,179],[20,168],[33,55],[49,196],[36,125],[15,32],[8,64],[17,52]],[[61777,49178],[16,43],[22,-18],[45,-101],[34,59],[-3,57],[33,71],[54,61]],[[61978,49350],[23,-89],[32,-76],[15,-140],[10,-36],[1,-123],[-12,-50],[-49,-33],[-41,-106],[-46,-19],[-30,-31],[-27,-121],[-14,-13],[-27,25],[1,-49],[17,-31],[25,16],[2,36],[38,26],[33,6],[58,-10],[26,-73]],[[61034,50636],[57,-186],[60,-247],[4,-70],[-4,-40],[-36,-107],[-13,-66],[-7,-151],[13,-59],[4,-92],[16,-133],[0,-88],[-14,-147],[3,-140],[5,-118],[17,-258],[8,-46],[47,-136],[74,-116],[33,-210],[3,-144],[-11,-89],[12,-51],[8,-70],[1,-82],[-9,-62],[24,-190],[-10,-51],[15,-77],[-9,-82],[7,-78],[-9,-128],[-12,-93],[-39,-39],[-39,-78],[-36,-155],[-6,-101],[-30,-140],[-57,-140],[-51,-47],[-69,-15],[-90,0],[-36,54],[-51,202],[-36,93],[-39,86],[-30,132],[-6,101],[0,179],[3,124],[-3,132],[-69,39],[-99,-62],[-60,-31],[-60,54],[-57,148],[-21,16],[-45,70],[-39,31],[-60,70],[-24,7],[-72,47],[-54,8],[-51,23],[-60,39],[-99,8],[-105,132]],[[59721,48016],[-6,8]],[[59715,48024],[-12,66],[18,140]],[[59721,48230],[3,34],[-12,55],[34,188],[1,45],[-9,94],[16,87],[32,34],[42,193],[73,306],[15,54],[74,35],[49,0],[5,120],[-7,31],[6,78],[25,241],[42,143],[3,65],[22,131],[-12,84],[27,226]],[[60150,50474],[28,33],[68,3],[31,-43],[21,19],[14,99],[21,20],[38,-19],[54,-225],[11,-8],[94,562]],[[60530,50915],[41,207],[11,210],[9,73],[24,41],[104,55],[50,-5],[61,-283],[32,-255],[65,-174],[53,-98]],[[60980,50686],[22,-37],[32,-13]],[[60530,50915],[19,-78],[17,-38],[29,-28],[33,-4],[20,-113],[32,-74],[31,6],[65,31],[27,23],[33,63],[3,48],[20,-9],[16,-31],[16,-82],[46,-2],[30,20],[13,39]],[[61034,50636],[15,13],[35,-59],[59,27],[51,-46],[37,-88],[50,-63],[22,-9]],[[61303,50411],[30,-22],[36,-87],[32,-95],[53,-219],[105,-174],[40,-84],[16,-57],[27,-150],[22,-71],[29,-27],[33,-62],[25,-109],[26,-76]],[[59719,44530],[2,123],[0,746],[0,623],[0,1264],[0,444],[0,286]],[[59721,48016],[0,214]],[[59719,44530],[-6,56],[-13,33],[-17,97],[-3,72],[-26,178],[-35,83],[-28,13],[-16,120],[-48,36],[-18,40],[-20,109],[-38,55],[1,94],[-40,105],[-48,96],[-69,62],[-114,33],[-17,98],[11,51],[25,75],[18,28],[-7,155],[3,31],[25,45],[33,-17],[35,20],[35,1],[23,-66],[15,-6],[23,42],[33,9],[42,104],[3,268],[-12,376]],[[59469,47026],[-1,54],[15,148],[18,105],[7,89],[26,64],[7,87],[-18,227],[19,56],[24,110],[43,74],[57,-118],[17,6],[32,96]],[[59721,44424],[-6,75],[4,31]],[[61147,51504],[10,-45],[25,45],[16,-6],[24,-40],[4,-46],[-25,0],[-57,21],[-28,92],[-22,7],[-3,32],[44,47],[15,-36],[-3,-71]],[[61415,50749],[21,-16],[38,-111],[39,-147],[45,-147],[18,-95],[49,-46],[29,-10],[31,-115],[33,-88],[10,44],[17,-46],[15,-105],[10,-150],[56,-41],[41,-86],[13,-106],[10,-36],[21,-26],[26,3],[7,53],[21,-41],[13,-87]],[[60150,50474],[-7,129],[-20,504],[27,60],[19,146],[24,224],[19,43],[44,301],[14,42],[-6,107],[-14,43],[3,109],[17,40],[10,62],[1,170],[3,39],[34,-43],[65,18],[12,-6],[17,55],[13,100],[-6,51],[65,44],[53,55],[34,68],[22,-39],[33,25],[31,94]],[[60657,52915],[25,149],[41,95]],[[60723,53159],[2,-30],[27,-132],[25,-90],[41,-219],[15,-115],[27,-234],[17,-132],[0,-77],[19,-320],[23,-165],[31,-93],[11,-178],[21,11],[21,-36],[28,-165],[-5,-92],[20,-48],[11,9],[13,72],[-23,156],[8,38],[23,32],[30,-72],[16,-74],[-6,-34],[41,-193],[34,-42],[44,68],[61,-74],[15,-79],[22,-64],[21,7],[59,-45]],[[61303,50411],[44,147],[17,96],[18,81],[5,35],[28,-21]],[[53392,36058],[-16,65],[-1,46],[21,99],[-27,178],[-31,136],[2,18]],[[54424,35991],[-7,-254],[14,-348],[14,-165],[36,-201],[7,-165],[7,-238],[0,-146],[-14,-311],[-15,-200],[-21,-110],[-57,-328],[0,-164],[29,-327],[42,-327],[22,-589],[10,-226],[0,-145],[-14,-325],[-11,-180],[0,-144],[4,-180],[-4,-135],[-10,-135],[-25,-98],[-22,-126],[-32,-63],[-28,-206],[-40,-265],[-37,-58],[-38,-13],[-9,-43],[-28,-38],[-20,-138],[5,-84],[12,-45],[41,-25],[17,-103],[-8,-63],[5,-113],[-11,-101],[-1,-45],[-14,-33],[8,-130],[-11,-133],[1,-140],[13,-53],[9,-120],[-11,-55],[-50,-82],[-22,-115],[-47,-90],[-20,-142],[-39,-134],[-71,-41],[-34,-46]],[[53949,27707],[-13,-32],[-50,-2],[-17,16],[-25,56],[-50,76],[-37,94],[-9,45],[-33,39],[-32,-10],[-31,22],[-36,-17],[-39,-45],[-17,-48],[-59,-85],[-35,-12],[-13,21],[-39,-12],[-57,67],[-43,-32],[-34,-64],[-16,8]],[[53264,27792],[6,311],[11,25],[2,230],[-11,275],[8,64],[-19,88],[9,68],[23,-3],[41,138],[8,72],[-1,68],[8,132],[41,245],[19,90],[7,161],[11,95],[2,64],[-8,85],[4,61],[21,111],[27,76],[9,192],[-7,110],[71,167],[47,143],[7,33],[-10,66],[12,52],[43,92],[21,33],[43,5],[29,68],[4,53],[29,88],[24,103],[28,168],[8,102],[-5,156],[4,175],[7,22],[11,216],[-5,59],[-31,112],[12,47],[-6,41],[-58,158],[-7,102],[-18,61],[-37,168],[4,39],[-21,96],[-8,117],[-15,147],[-44,232],[24,93],[36,110],[37,26],[13,78],[-11,56],[-5,82],[11,53],[-6,47],[-30,117],[-42,261],[-10,38],[-34,225],[-23,122],[-14,229],[-42,132],[-36,96],[-48,270],[-28,89],[14,26],[74,44],[60,14],[26,30],[25,65],[31,-10],[24,29]],[[56194,32124],[-69,-79],[-130,-126],[-205,-125],[-185,0],[-71,-184],[-3,-221],[26,-169],[-3,-258],[0,-722],[-3,-471],[6,-707],[1,-324],[-1,-247],[0,-578],[-4,-471],[7,-105]],[[55560,27337],[-27,24],[-61,-9],[-80,7],[-47,39],[-31,1],[-30,-18],[-29,10],[-46,51],[-31,70],[-53,186],[-125,2],[-137,-4],[-251,1],[-167,3],[-281,-2],[-175,1],[-40,8]],[[56954,32106],[-1,-131],[31,-175],[23,-235],[-18,-123],[16,-239],[38,-121],[-32,14],[-18,82],[-14,32],[-29,19],[-33,-130],[10,-47],[6,-112],[-10,-30],[-34,-46],[-18,-38],[-31,-99],[-30,-175],[-15,-27],[-21,-3],[-26,-35],[-16,-91],[-29,-62],[-5,-42],[-30,-102],[-41,-21],[-60,-7],[-16,-10],[-37,-83],[-17,-3],[-7,-39],[-24,-26],[-42,-74],[-1,-167],[4,-28],[-32,-173],[-10,-17],[-4,-73],[-9,-20],[-1,-57],[-26,-68],[-5,-86],[15,-105],[22,-53],[0,-61],[19,22],[10,-56],[22,-28],[-27,-88],[19,-56],[1,-82],[-4,-97],[2,-70],[37,-139],[38,-83],[12,-50],[25,-37],[42,-117],[36,-82],[8,-228],[11,-65],[46,-48],[10,-63],[20,-32]],[[56704,27620],[-183,-92]],[[56521,27528],[-134,-66],[-196,-95],[-253,-119],[-39,55],[-20,5],[-59,-27],[-28,-34],[-60,27],[-23,-3],[-30,58],[-35,32],[-62,-28],[-22,4]],[[56663,32388],[0,-36],[11,-237],[16,-110],[-15,-36],[-18,-151],[9,-38],[4,-79],[-8,-41],[0,-237],[13,-33],[5,-97],[-22,-87],[-23,-180],[1,-45],[29,-78],[7,-47],[-39,-5],[-166,1],[-218,0],[-138,0],[-1,-223],[0,-498],[0,-678],[1,-361],[0,-518],[18,-45],[16,-82],[3,-99],[100,-212],[65,-188],[93,-209],[38,-106],[77,-105]],[[59136,20894],[-151,-9],[-60,14]],[[58925,20899],[-2,245],[-15,76],[-3,95],[12,77],[-8,85],[-29,57]],[[58880,21534],[-14,103],[24,143],[-5,75],[6,119],[2,224],[-6,237],[6,177],[-15,109],[-21,98],[-3,154],[-30,73],[-22,126],[-2,48],[-36,99],[-4,42],[7,166],[-73,553]],[[58694,24080],[28,51],[146,386],[134,358],[17,-7],[-31,135],[34,103],[11,56],[-10,176],[5,51],[13,32],[32,-2],[58,204],[8,107],[22,74],[10,57],[12,117],[-21,67],[-37,50],[0,85],[-19,23],[3,75],[17,64],[8,121],[-14,60],[-33,3],[-3,133],[35,40],[25,1],[8,62],[-17,115],[37,51],[14,79],[-27,72],[7,45],[-15,153],[2,67],[17,98],[8,83],[-4,37],[-20,52],[23,113],[-13,29],[-7,116],[-28,165],[23,69],[9,81],[-60,-6],[-10,17],[-6,59],[-36,48]],[[59049,28305],[71,142],[36,111],[6,125],[20,59],[34,22],[26,177],[40,117],[51,-22],[45,-125],[66,-118],[71,-16]],[[59515,28777],[46,-116],[-3,-107],[16,-67],[22,-6],[31,-110],[30,-67],[64,-178],[41,-30],[-1,-73],[-24,-62],[9,-74],[56,-6],[5,53],[-7,68],[6,113],[-7,75],[-29,58],[-10,54],[29,55],[14,176],[33,74],[36,-28],[47,39],[29,70],[15,427],[-18,168],[18,120]],[[59963,29403],[58,134],[20,81],[20,52],[11,221],[28,235],[26,125],[20,133],[48,221],[40,81],[11,81],[67,328],[44,232],[9,88],[23,359]],[[61233,32672],[21,-5],[15,-83],[5,-64],[-24,-75],[28,-24],[1,-28],[-20,-25],[-9,-43],[1,-53],[16,-25],[-18,-80],[-31,-101],[25,-62],[-13,-123],[-2,-54],[23,-221],[2,-259],[-1,-84],[-10,-51],[24,-35],[23,-161],[-36,-78],[-27,-36],[49,-25],[-6,-167],[-9,-79],[14,-43],[-17,-103],[14,-37],[-11,-53],[18,-185],[13,-89],[-9,-80],[-24,-25],[19,-57],[14,35],[20,-3],[6,-52],[-4,-50],[-24,-42],[13,-24],[32,21],[7,-38],[4,-198],[-7,-55],[-25,-56],[11,-65],[-18,-74],[-46,-30],[12,-52],[14,27],[15,-70],[-30,-175],[-39,-74],[-21,-88],[-66,-155],[3,-42],[-10,-61],[-34,-110],[-26,-3],[-28,-47],[10,-78],[-33,-89],[-54,-84],[-54,-71],[-51,-85],[-9,-82],[-75,-52],[-38,-10],[-122,-114],[-42,-63],[-38,-20],[-30,-30],[-121,-177],[-55,-85],[-36,-87],[-29,-93],[-19,36],[-5,44],[-21,-4],[41,-118],[-21,-82],[-34,-92],[-81,-198],[-23,-113],[-22,-44],[-18,-70],[-34,-6],[-9,63],[-32,-82],[-29,-35],[-58,-106],[-26,-107],[-36,-106],[-93,-215],[-62,-103],[-12,4],[-9,55],[-52,115],[16,-86],[25,-63],[-7,-152],[3,-103],[-18,-144],[-8,-8],[20,-119],[37,-72],[32,-49],[6,-59],[30,-120],[-9,-81],[-9,-8],[8,-163],[29,-138],[24,-95],[1,-123],[15,-125],[3,-80],[-11,-182],[2,-36],[18,-42],[10,37],[-5,83],[8,92],[17,54],[18,-98],[-3,-159],[-13,-127],[5,-147],[16,-130],[-23,-118],[0,-96],[-19,-150],[-1,-97],[-17,-29],[8,-117],[18,-14],[14,61],[14,-57],[-16,-126],[3,-39],[-29,-118],[-55,-161],[-13,-58],[-48,-75],[-44,-50],[-122,-106],[-20,-26],[-86,-67],[-75,-64],[-99,-112],[-65,-83],[-70,-113],[-31,-105],[-10,-88],[-16,-67],[-25,-53],[5,-42],[56,-176],[16,48],[11,73],[12,14],[-15,-546]],[[61058,28456],[7,33],[19,10],[-3,-100],[-14,3],[-9,54]],[[59049,28305],[-48,48],[-49,29],[-48,-7],[-40,26],[-3,33],[-52,112],[-57,17],[-23,18],[-23,49],[-9,44],[-45,27],[-22,-15],[-69,8],[-111,-1],[-2,266]],[[58448,28959],[-15,215],[-25,57],[-14,117],[-2,82],[36,10],[50,65]],[[58478,29505],[79,71],[66,45],[20,6],[102,63],[60,85],[38,21],[72,69],[77,49],[236,213]],[[59228,30127],[10,-17],[12,-77],[37,-128],[55,-157],[40,16],[98,53],[65,42],[49,-166],[13,-250],[-7,-111],[8,-119],[-44,-134],[3,-56],[-5,-76],[-14,-44],[-30,-57],[-3,-69]],[[59963,29403],[14,90],[-11,7],[-1,161],[-96,295],[-11,68],[-79,224],[-31,114],[-54,118],[-19,18],[-48,0],[-26,113],[-3,211],[-6,190],[-7,93],[-17,102],[-11,138],[-9,53],[3,84],[24,106],[38,148],[7,61],[-3,81],[95,5]],[[58694,24080],[-10,35],[-30,33],[-18,-9],[-52,34],[-34,-3],[-40,-26],[-42,13],[-52,-24],[-75,77],[-84,71],[-79,-18],[-19,-20]],[[58159,24243],[-30,82],[-24,-2],[-24,19],[-13,43]],[[58068,24385],[-3,66],[10,67],[-24,28],[-34,14],[-60,73],[-22,13],[-29,-16],[-51,48],[-33,-5],[-41,22],[-12,89],[-35,155],[-33,67],[-11,43],[2,149],[9,52],[0,175],[-9,43],[-23,13],[-70,4],[-19,-19],[0,180],[-21,111],[-38,44],[-27,11],[-70,59],[-9,37],[-24,18],[-5,37],[-52,90],[-13,42],[-32,33],[-25,47],[-36,229],[-16,60],[6,80],[-13,72],[-19,35],[-42,182],[-54,140],[-13,88],[-23,106],[-22,38],[-21,108],[5,92]],[[57016,27405],[-54,124],[-26,46],[-43,32],[-42,16],[-28,-29],[-35,37],[-55,3],[-29,-14]],[[59150,33439],[1,-49],[15,-104],[30,-2],[28,16],[8,-93],[24,-57],[10,-88],[-9,-94],[64,-115],[-4,-78],[7,-44],[36,-127],[-26,-56],[-17,-69],[-23,-43],[-32,-8],[-26,-56],[27,-135],[17,-60],[-33,-147],[-12,-31],[6,-115],[15,-31],[2,-204],[-17,-167],[24,-130],[9,-22],[25,19],[18,-36],[-18,-54],[-32,-73],[-35,-32],[-47,0],[-29,-124],[2,-69],[18,-43],[-12,-89],[-4,-138],[-16,-115],[-25,-101],[-38,-27],[-3,-33],[27,-19],[33,-130],[25,-83],[25,-33],[24,39],[16,-62]],[[58448,28959],[-17,-16],[-54,19],[-90,11],[-50,-39],[-21,7],[-93,-83],[-71,-126],[-15,-12],[-19,-49],[-8,-192],[4,-65],[-9,-59],[-19,-58],[-46,-24],[-91,-97],[-33,-71],[-87,-98],[-52,-191],[-7,-83],[-74,-169],[-56,-166],[1,-34],[-33,-78],[-40,-17],[-39,-35],[-13,-29],[-26,23],[-10,33],[-39,34],[-55,34],[-30,-21],[-9,-26],[-34,-27],[-30,22],[-2,38],[-47,82],[-47,-40],[-49,14],[-22,34]],[[60525,6468],[-12,-42],[-57,-1],[-18,38],[20,53],[35,1],[32,-49]],[[58880,21534],[-26,-27],[-126,192],[-27,-18],[-55,-121],[-18,-122],[-26,-106],[-39,-110],[-7,-55],[0,-169],[5,-77],[22,27],[19,-136],[53,-174],[99,-79],[130,-3]],[[58884,20556],[-7,147],[16,220],[32,-24]],[[59136,20894],[-8,-134],[-8,-70],[-29,-192],[-16,-85],[-23,-270],[2,-28],[-14,-183],[-32,-139],[-6,-88],[-9,-38],[-52,-122],[-54,-113],[-37,-41],[-24,-7],[-70,-176]],[[58756,19208],[-55,-144],[-32,-104],[-56,-242],[7,-38],[-32,-69],[-18,-59],[-35,-172],[-70,-267]],[[58465,18113],[-15,-67]],[[58450,18046],[-9,-36],[-102,-306],[-48,-101],[-21,-13],[-40,-102],[-61,-88],[-58,-178],[-74,-193],[-43,-88],[-60,-135],[-6,-27],[-52,-98],[-35,-46],[-42,-97],[-50,-99],[-47,-56],[-34,-68],[-141,-225],[-31,-34],[-71,-59],[-29,-45],[-47,-40],[-50,5],[-55,37],[-59,-6],[-54,-52],[-13,-41],[-3,-61],[24,-65],[-21,-15],[-53,9],[-76,55],[-39,-7],[-29,-28],[0,-43],[-26,-97],[-47,23],[-50,7],[-25,38],[-95,44],[-109,45],[-29,-5],[-44,-28],[-6,-44],[-83,5],[-30,-5],[-41,32],[-8,25],[-68,0],[-38,-41],[-29,10],[-37,-25],[-13,-33],[-48,-68],[-12,-78],[-49,-42],[-47,30],[-16,-4],[-55,-52],[-66,50],[-49,-6],[-24,-63],[-31,13],[-40,-9],[-22,-20],[-20,-53],[-45,-76],[-39,-47],[-26,-69],[-39,50],[-58,-15],[-62,109],[-29,19],[12,47],[-15,73],[-52,14],[-11,45],[-23,4],[-41,-27],[-13,15],[11,73],[3,74],[-16,46],[-54,11],[-33,-18],[-12,-30],[10,-67],[2,-82],[-18,18],[-11,48],[-19,159],[20,90],[17,-1],[6,68],[-8,83],[-36,156],[-41,103],[-15,65],[6,51],[-28,111],[-32,-13],[-10,31],[-8,122],[39,71],[35,-35],[41,80],[20,131],[5,144],[-22,243],[2,34],[-17,121],[-11,46],[-75,224],[-29,101],[-52,205],[-37,171],[-18,99],[-39,156],[-27,195],[-26,166],[-9,113],[-15,117],[-46,262],[-5,44],[-42,139],[-14,18],[-23,128],[-12,38],[0,49]],[[54580,19649],[52,82],[12,-25],[16,41],[12,147],[25,122],[46,27],[31,-60],[-1,-63],[9,-29],[35,6],[15,-79],[-10,-138],[11,-125],[52,14],[15,-61],[30,20],[45,-24],[37,-64],[38,-29],[149,52],[65,-22],[14,-44],[29,-24],[41,45],[-4,69],[6,42],[52,24],[33,132],[49,30],[19,-5],[51,56],[0,44]],[[55554,19810],[0,555],[1,397],[0,447],[0,715],[0,468]],[[55555,22392],[37,-86],[36,-34],[35,-76],[41,-188],[20,-71],[22,-139],[-2,-68],[36,-141],[14,-188]],[[55794,21401],[-29,-117]],[[55765,21284],[-18,-60],[-23,-47],[-2,-59],[5,-167],[6,-42],[25,-31]],[[55758,20878],[26,37],[28,14],[24,-35],[35,-14],[67,33],[38,-23],[42,-8],[23,33],[8,36],[-2,60],[10,13],[43,3],[26,27],[22,61],[17,105],[15,38],[32,39],[72,126],[11,70],[16,29],[10,171],[15,42],[5,106]],[[56341,21841],[22,96],[29,70],[50,26],[73,-9],[61,-119]],[[56576,21905],[17,-12]],[[56593,21893],[46,-120],[29,-23],[51,25],[25,-70],[20,-26],[33,7],[49,-55],[43,-7],[27,17],[31,54],[39,-20],[58,5],[24,30]],[[57068,21710],[39,67],[23,108],[10,68]],[[57140,21953],[46,338],[0,116],[13,4],[96,73],[37,6],[18,32],[26,106],[47,91],[35,41],[8,119],[27,285],[8,35],[18,5],[22,80],[53,90],[52,15],[21,115],[50,35],[45,100],[7,57],[22,64],[30,66],[6,61],[49,79],[79,11],[77,77],[13,47],[-1,45],[18,72],[69,23],[28,2]],[[57605,18398],[24,-3],[27,-60],[14,-58],[34,-80],[55,-30],[40,-9],[23,109],[41,181],[27,74],[32,11],[43,-4],[64,57],[72,101]],[[58101,18687],[-12,76],[14,105],[33,33],[5,102],[31,34],[10,57],[-7,51],[-29,137],[-35,39],[-70,113],[-13,59]],[[58028,19493],[-27,27],[-4,36],[-40,98],[-19,-26],[-50,-15],[-12,-47],[-19,-12],[-29,8],[-18,-30],[-28,-88],[-61,-40],[-45,-88],[2,-36],[-42,-134],[-11,-17],[-43,-165],[-39,-26],[-40,-44],[24,-78],[35,-186],[20,-38],[18,-129],[5,-65]],[[56950,20195],[-19,-61],[-38,-74],[35,-144],[8,-4]],[[56936,19912],[0,-78],[-36,-47],[18,-88],[-19,-156],[16,-30],[0,-51],[-36,-149],[-71,-256],[-16,-73],[-30,-101],[-13,-60],[22,-75],[25,-44],[19,-57],[48,-32],[18,-99],[42,-32],[63,-177],[10,-72],[26,-58],[45,-54],[42,8],[12,-11],[67,-19],[18,35],[119,-11],[18,14],[37,0],[24,-18],[58,-5],[20,21],[18,-19],[25,33],[6,48],[47,3],[25,27],[4,42],[-20,70],[18,57]],[[58101,18687],[55,-147],[21,-47],[61,-90],[-18,-85],[21,-16],[76,-86],[51,-73],[65,-63],[21,-17]],[[58454,18063],[-4,-17]],[[55554,19810],[52,8],[34,46],[73,77],[38,0]],[[55751,19941],[34,-31],[43,41],[32,-25],[12,41],[26,0],[65,-98],[44,22],[33,-51],[37,-26],[17,-41],[9,-88],[40,101],[34,104],[28,68],[35,140],[16,90],[193,83],[23,0],[91,85],[27,38],[44,88],[38,58],[36,30],[28,-27],[66,-111],[89,-136],[59,-101]],[[57068,21710],[26,-84],[42,-61],[19,-76],[-66,-126],[-22,-116],[-74,-139],[-17,-43],[0,-158],[-18,-114],[-2,-112],[-24,-88],[-46,-100],[1,-53],[55,5],[-5,-79],[22,-33],[13,-68],[-22,-70]],[[58452,19942],[-15,-86],[18,-60],[-7,-103],[-1,-78],[27,-12],[21,-81],[22,16],[28,-21],[24,26],[19,-60],[11,-64],[27,-109],[35,-34],[55,-23],[13,-30],[27,-15]],[[58465,18113],[-11,-50]],[[58028,19493],[35,62],[28,71],[36,20],[22,70],[30,15],[39,104],[22,-4],[23,119],[-5,75],[19,95],[6,67],[-13,36],[4,49],[21,5],[-2,48],[-17,37]],[[58276,20362],[28,129],[22,-26],[2,-136],[13,-53],[53,-46],[19,-190],[15,-18],[24,-80]],[[58452,19942],[17,13],[13,43],[6,61],[29,-95],[29,-60],[23,-26],[3,-97],[11,-66],[45,-35],[72,-82],[7,56],[15,40],[-18,57],[0,56],[-14,137],[-3,214],[22,68],[30,29],[7,80],[14,67],[116,8],[22,12],[-7,112],[-7,22]],[[58276,20362],[-44,17],[-33,123],[-10,59],[-23,-3],[-18,78],[-42,-6],[-13,81],[-18,54],[-58,-33],[-37,38],[-52,-67],[-19,66],[-17,-16],[-37,39],[-40,-1],[-9,53],[-29,108],[-20,14],[-12,-38],[-26,-1],[-2,-36],[-37,13],[-8,28],[-25,-12],[17,-49],[-34,-74],[-61,20],[-29,-17],[-40,0],[-14,-36],[-29,28],[-30,-12],[-1,-42],[-23,4],[-17,-29],[10,-42],[-47,-37],[13,-70],[-12,-80],[-19,-39],[-46,-49],[3,-63],[-39,-35],[-16,-55],[-19,23],[-29,-21],[-17,29],[-55,-63],[-34,-6],[-37,-22],[-37,-104],[-21,-14],[-27,-55],[-6,-81],[-15,-17]],[[55555,24379],[-1,-677],[1,-506],[0,-457],[0,-347]],[[54580,19649],[-11,-26],[-27,37],[-50,118],[-42,113],[-34,57],[-40,92],[-18,56],[-5,60],[-39,103],[-4,74],[-62,219],[-17,254],[-21,48],[-17,121],[-5,61],[26,35],[-23,142],[-33,46],[-6,146],[9,53],[-40,217],[3,92],[9,48],[-22,206],[16,139],[-19,108],[-3,96],[-14,65],[-34,97],[3,66],[-13,91],[-17,78],[-13,107],[-1,104],[14,95],[-4,175],[-17,121],[18,65],[-10,114],[-15,101],[15,21],[20,83],[1,57],[-8,179],[-26,157],[-36,152],[-44,132],[-49,116],[1,55],[-22,78],[-5,62],[-13,55],[-65,218],[-48,191],[-14,156],[-28,127],[-8,116],[-23,128],[-24,41],[-35,204],[-62,268],[-18,112],[-50,240],[-43,152],[-50,100],[-29,77],[-22,160],[-38,117],[-10,66]],[[53269,27263],[110,-5],[508,1],[278,4],[277,0],[279,0],[280,-4],[251,0],[302,1],[0,-450],[0,-374],[0,-1052],[0,-242],[1,-763]],[[57016,27405],[-22,10],[-32,-36],[-36,14],[-29,-18],[-42,-76],[-32,-79],[-19,-4],[-22,76],[-15,3],[-26,-46],[-84,-123],[-34,-76],[-35,-97],[-29,-43],[-14,34],[-3,80],[-9,43],[-34,65],[-30,129],[-59,-6],[-227,-107],[-222,-108],[-130,-10],[0,-614],[0,-595],[0,-594],[0,-358],[0,-486]],[[55831,24383],[-276,-4]],[[53269,27263],[-11,167],[-4,200],[10,162]],[[57140,21953],[-24,-7],[-52,10],[-18,-34],[-45,-4],[-28,15],[-64,-6],[-50,-87],[-65,10],[-19,41],[-38,9],[-23,-10],[-18,23],[-103,-20]],[[56576,21905],[-46,7],[-35,-33],[-69,14],[-18,-39],[-48,-24],[-19,11]],[[56341,21841],[-7,29],[-27,39],[-86,89],[-18,3],[-77,-56],[-24,3],[-55,-87],[-38,-41],[-16,-65],[-44,-18],[-40,-51],[-47,-89],[-40,-104],[-28,-92]],[[55765,21284],[4,-123],[-16,-74],[-1,-55],[13,-110],[-7,-44]],[[55758,20878],[-5,-46],[12,-176],[-7,-101],[7,-100],[-21,-87],[8,-95],[-1,-80],[-7,-40],[6,-101],[1,-111]],[[55831,24383],[164,-2],[152,0],[186,0],[236,0],[96,0],[278,0],[165,0],[163,0],[227,0],[175,0],[382,0],[13,4]],[[63863,28008],[-13,36],[28,107],[-3,-86],[-12,-57]],[[63433,30567],[-39,-3],[-8,48],[1,49],[20,49],[15,-2],[11,-141]],[[63704,31455],[-21,16],[-8,-58],[11,-41],[15,-14],[12,25],[41,-57],[21,-100],[-8,-107],[65,-131],[41,-161],[-3,-102],[29,-239],[18,-82],[13,-162],[-2,-98],[9,-48],[-4,-105],[15,-70],[-6,-86],[2,-109],[20,-184],[18,-124],[41,-148],[5,-80],[-19,-190],[-37,-212],[-18,-70],[-18,-6],[-39,85],[-1,45],[-35,176],[0,62],[-10,26],[-32,-3],[-30,-73],[4,-104],[21,-160],[-14,-94],[13,-79],[24,-26],[10,-31],[-7,-86],[10,-94],[-4,-61],[-15,-63],[-19,-42],[-1,-37],[17,-52],[-46,-47],[-8,-18],[-44,-272],[-2,-47],[14,-89],[10,-142],[-2,-63],[-16,-127],[-17,-191],[-4,-99],[-18,-134],[-20,-120],[-28,-192],[-18,-84],[-18,-177],[-33,-197],[-19,-234],[-18,-128],[-37,-199],[-27,-223],[-18,-207],[-23,-221],[-43,-326],[-59,-342],[-27,-173],[-12,-150],[-8,-142],[-21,-195],[-13,-145],[-23,-159],[-12,-168],[-25,-159],[-20,-78],[-24,-131],[-7,-114],[-32,-199],[-17,-65],[-1,-64],[-11,-38],[-103,-141],[-21,-16],[-40,22],[-46,-9],[-46,-38],[-69,-74],[-51,-77],[-24,-52],[-29,-39],[-24,-11],[-69,-7],[-120,192],[-72,25],[-47,25],[13,42],[-60,89],[-24,11],[-18,36],[-8,89],[-22,86],[2,63],[-8,53],[-19,68],[-34,63],[-14,76],[0,319],[-11,77],[7,99],[28,33],[3,79],[-34,82],[-7,34],[-4,149],[-32,73],[-34,107],[-34,408],[6,50],[-6,104],[11,115],[14,45],[2,63],[25,65],[13,0],[-2,142],[10,98],[24,39],[53,11],[17,78],[16,199],[15,66],[24,46],[39,203],[50,222],[22,46],[12,64],[-2,74],[-19,30],[-9,42],[19,162],[10,7],[-2,75],[-12,58],[-45,155],[-10,49],[9,159],[-8,80],[-20,115],[-34,120],[2,126],[-12,206],[8,141],[-29,109],[7,116],[52,193],[59,276],[24,72],[7,155],[-17,78],[12,116],[14,21],[105,-23],[52,82],[21,70],[39,40],[4,-110],[10,-10],[24,50],[-6,49],[50,17],[16,-63],[4,106],[20,70],[31,-16],[25,30],[13,-58],[28,-13],[3,97],[21,24],[23,-8],[1,-66],[12,-91],[14,-32],[41,11],[-9,55],[-18,36],[-22,88],[11,67],[34,82],[67,101],[50,99],[24,16],[29,-96],[-19,-48],[-13,-69],[23,6],[26,35],[24,-3],[-45,162],[13,78],[56,146],[-6,45],[15,52],[33,81],[11,-34],[2,-83],[-26,-104],[-1,-83],[23,8],[20,91],[37,191],[31,58],[46,-16],[-12,40],[-50,-24],[-9,33],[-6,103],[5,45],[17,65],[14,20],[28,-14],[5,54],[28,16],[-2,63],[-25,47],[20,31],[-31,45],[-10,83],[9,136],[31,9],[13,43],[24,-58],[9,-112],[16,-34],[26,22],[4,166],[43,20],[9,64],[32,-13],[23,14],[17,51],[8,168],[34,175],[3,47],[-16,99],[-6,73],[-27,77],[-6,46],[27,-11],[14,-57],[13,16],[5,88],[25,54],[30,34],[5,75],[-9,51],[28,78],[11,-13],[17,-91],[-6,-55]],[[62183,31316],[-55,4],[-9,39],[4,42],[24,-21],[36,-64]],[[62356,31512],[10,-91],[3,-96],[-12,-16],[-27,72],[-40,51],[38,18],[8,58],[20,4]],[[62079,31635],[-16,-4],[-43,64],[-15,50],[7,68],[1,165],[9,43],[26,2],[6,-46],[-6,-125],[18,-82],[16,-113],[-3,-22]],[[65474,25102],[21,-77],[18,-21],[-7,-136],[-42,-37],[-39,14],[-53,62],[-13,45],[-21,130],[21,75],[44,47],[57,-34],[14,-68]],[[65992,25450],[-52,8],[-22,34],[19,152],[44,161],[16,24],[24,-14],[33,-159],[-2,-36],[-19,-116],[-13,-31],[-28,-23]],[[67630,26011],[-31,-21],[-5,37],[26,27],[10,-43]],[[49358,65463],[27,-15]],[[49385,65448],[9,-53],[90,-151],[27,-34],[-12,-65],[-15,-36],[34,-82],[-17,-88],[12,-20],[26,-186],[-14,-144],[-6,-134],[21,-30],[14,-53],[1,-53],[-19,-100],[1,-85],[32,-106],[20,-44],[-2,-49],[-16,-31],[44,-154],[33,-42],[70,-116],[-29,-64],[-20,-8],[-17,-59],[-2,-83],[23,-50],[-9,-34]],[[46888,60789],[2,5]],[[46890,60794],[39,101],[93,116],[22,21],[55,108],[26,95],[26,44],[32,99],[22,114],[74,202],[36,166],[6,48],[10,171],[-27,101],[-35,61],[-7,72],[12,65],[-9,214],[12,152],[-2,86],[33,130],[2,57],[16,50],[74,185],[22,108],[5,96],[-5,164],[146,322],[34,88],[26,98],[36,19],[28,69],[54,36],[71,75],[100,87],[30,51],[45,56],[52,52],[30,52],[37,87],[40,168],[20,69],[62,262],[22,109],[13,91]],[[48268,65411],[66,392],[21,152],[90,23],[30,54],[24,15],[15,-58],[8,-99],[19,-90],[79,-149],[14,-35],[61,-79],[94,-45],[26,29],[40,11],[28,31],[29,8],[14,-38],[58,47],[20,-28],[48,-25],[29,0],[66,67],[23,93],[24,-114],[6,-84],[20,30],[16,-32],[55,-33],[58,21],[9,-12]],[[48268,65411],[27,-13],[31,14],[52,-62],[59,0],[25,59],[53,-81],[1,-73],[48,-102],[28,-32],[37,29],[73,-49],[30,-64],[32,-1],[33,71],[41,-16],[54,46],[56,1],[42,15],[18,-134],[63,7],[21,83],[33,41],[49,2],[36,-22],[31,36],[1,50],[28,75],[50,40],[23,57],[15,75]],[[46871,60751],[19,43]],[[45769,57791],[16,36],[39,36],[36,106],[19,165],[1,86],[-4,126],[15,157],[30,138],[10,79],[23,87],[19,96]],[[45973,58903],[1,9]],[[45256,55242],[3,-36]],[[45973,58903],[0,5]],[[52648,61963],[-62,-82],[28,-89]],[[49385,65448],[65,-9],[55,32],[86,136],[21,-1],[38,73],[17,104],[45,91],[37,24],[31,39],[26,-33],[22,-1],[24,37],[15,61],[29,35],[36,-66],[38,-19],[41,62],[24,125],[21,42],[115,146],[40,22],[43,49],[9,32],[65,45],[62,13],[25,-4],[96,31],[56,0],[82,49],[45,-37],[35,14],[43,53],[33,85],[36,8],[17,-41],[26,-5],[12,26],[70,-8],[40,31],[35,57],[42,18],[8,-15],[49,-7],[53,15],[72,-15],[65,7],[86,-88],[-2,-44],[42,-46],[50,5],[30,29],[16,52],[32,40],[31,-6],[58,22],[58,50],[10,77],[27,44],[29,6],[31,-76],[94,-72],[69,26],[22,46],[-5,73],[65,-31],[42,-48],[40,-7],[4,-62],[28,-23],[49,19],[48,56],[46,-24],[43,2],[21,14]],[[52394,66783],[5,-79],[-45,-63],[-7,-60],[-28,-41],[-40,-34],[-6,-40],[52,-34],[0,-63],[-11,-53],[-12,-210],[-6,-56],[3,-126],[17,-47],[3,-70],[-13,-134],[1,-42],[26,-106],[-20,-60],[-12,-103],[0,-155],[-16,-41],[7,-28],[-39,-86],[-68,-71],[-12,-40],[-11,-94],[-44,-40],[-27,-65],[-10,-156],[18,-152],[46,-185],[2,-123],[9,-26],[71,-70],[16,-3],[23,-59],[41,-140],[12,-217],[196,-314],[44,-428],[62,-623],[27,-283]],[[52686,61522],[24,-125],[23,-212],[8,-151],[1,-103],[-23,-386],[1,-15],[45,-274],[-23,-187],[-15,-51],[-24,-159],[3,-44],[21,-143],[8,-106],[23,-36],[-10,-118],[6,-16],[-12,-114],[-104,-113],[-28,-113],[0,-34],[176,-592],[3,-71]],[[52843,57963],[4,-54],[45,-88],[19,-4],[65,64],[83,-78],[151,-112],[119,-561]],[[53055,64489],[-33,-57],[-16,41],[-24,-15],[-6,37],[4,91],[51,-7],[37,-47],[-13,-43]],[[53106,65176],[15,83],[12,-58],[-27,-25]],[[53201,64053],[-9,-74],[-4,-129],[-2,-174],[24,-55],[7,-54],[-9,-31],[-38,-54],[-107,-110],[-42,-48],[-13,-66],[-33,-55],[-50,-146],[-17,-29],[-34,6],[-17,-26],[-42,-138],[-3,-57],[39,-249],[7,-119],[-22,-131],[-36,-101],[-53,-167],[-43,-29],[-56,-54]],[[52394,66783],[57,28],[25,37],[36,87],[79,54],[92,77],[55,-4],[-2,-54],[-21,-22],[9,-52],[26,7],[7,63],[34,9],[40,-36],[5,-60],[-12,-46],[9,-55],[38,-75],[-24,-69],[43,-46],[33,38],[21,74],[31,6],[30,46],[21,64],[40,33],[8,-25],[9,-105],[-57,-185],[-28,-131],[-62,-49],[-20,-50],[-8,-53],[-4,-99],[18,-104],[23,-79],[74,-130],[44,-32],[-4,-54],[11,-44],[-8,-117],[28,-69],[-30,-85],[-1,-45],[-29,-125],[-50,-157],[-27,-27],[-16,-62],[-40,-36],[-26,-64],[-62,-67],[-30,-105],[9,-114],[35,-130],[53,-103],[34,-34],[60,53],[6,-77],[-12,-41],[22,-53],[44,45],[-2,55],[21,17],[28,-31],[8,-32],[-2,-86],[6,-104],[14,-54],[47,-20],[51,-8]],[[53201,64071],[0,-18]],[[56986,62970],[-22,-40],[-18,-75],[-39,-79],[1,-153],[11,-103],[30,-163],[-12,-111],[-14,-91],[-42,-147],[-18,-83],[5,-49],[23,-125],[7,-64]],[[56898,61687],[-133,-304],[-74,-120],[-83,-146],[-134,-222]],[[56474,60895],[-68,-114],[-100,-137],[-83,-26],[-73,17],[-50,34],[-76,86],[-47,86],[-76,121],[-40,95],[-30,86],[-120,309],[-109,78],[-87,-35],[-106,-69],[-46,-68],[-47,-172],[-30,-207],[4,-181],[41,-249],[18,-207],[20,-73],[2,-288],[-2,-107],[-23,-194],[-25,-185],[-11,-174],[-22,-245],[-22,-310],[-10,-91],[-39,-292],[-107,-387],[-202,-274],[-57,-87],[-126,-172],[-112,-166],[-169,-219]],[[53201,64053],[0,18]],[[53201,64071],[31,-50],[67,-26],[110,-157],[79,-34],[51,-4],[46,15],[95,74],[31,-16],[70,-77],[45,8],[38,-19],[35,-34],[45,-16],[32,-52],[37,-77],[49,-24],[28,-30],[58,-9],[54,-20],[40,-65],[27,-118],[-5,-115],[7,-66],[31,-175],[36,-122],[38,-73],[61,-71],[78,-43],[74,-9],[51,7],[62,-32],[36,-31],[86,-42],[28,-42],[37,-19],[57,-53],[32,-52],[71,-50],[33,-77],[83,-152],[100,-135],[73,-6],[35,19],[76,89],[41,73],[73,209],[26,116],[9,76],[-3,96],[-11,63],[-21,58],[-18,105],[-11,130],[5,182],[39,163],[71,162],[62,106],[86,92],[55,65],[84,2],[35,39],[36,74],[24,7],[39,-30],[42,8],[103,-33],[38,-60],[17,-1],[64,-42],[36,-38],[17,1],[34,-39],[-4,-26],[-5,-181],[35,-44],[10,-39],[68,-25],[63,-5],[65,-45],[10,-46],[36,-35],[118,-10],[31,27],[91,-41],[14,-28],[-3,-52],[27,-91],[9,-63]],[[56898,61687],[-3,-29],[17,-166],[-2,-56],[33,-187],[1,-698],[0,-373],[0,-489],[0,-429],[-1,-369],[0,-380],[0,-363]],[[56943,58148],[0,-428],[1,-549],[0,-930],[0,-207]],[[56944,56034],[-246,-2],[-178,3],[-289,-2],[-282,0],[-270,0],[-207,0],[-175,4]],[[56944,56034],[0,-712],[0,-727],[-151,-2],[-125,2],[-2,-67],[1,-287]],[[60247,56037],[-10,-23],[12,-241],[28,-148],[28,-100],[28,-66],[29,-98],[-16,-45],[-5,92],[-21,48],[-17,-19],[12,-145],[10,-193],[16,-103],[-1,-65],[-12,-46],[-2,-131],[3,-149],[20,-129],[2,-73],[-7,-48],[0,-73],[14,-64],[13,-232],[27,-215],[23,-93],[10,-10],[55,-3],[21,-76],[34,-43],[15,-37],[27,-104],[-3,-27],[28,-48],[49,-38],[20,-38],[30,-20],[16,-75]],[[56944,56034],[113,0]],[[57057,56034],[103,2],[232,-4]],[[57392,56032],[146,2],[69,-4],[243,7],[209,-6],[166,2],[136,2],[180,2]],[[58541,56037],[77,-4]],[[58618,56033],[69,1],[33,152],[15,15],[18,-52],[-15,-116],[149,3],[181,0],[146,-2],[217,0],[109,-3],[165,4],[234,-3],[252,1],[56,4]],[[59469,47026],[-52,2],[-4,81],[8,101],[17,40],[3,170],[-10,80],[-18,0],[-26,121],[-27,45],[-62,189],[-68,52],[12,77],[-40,553],[17,84],[1,65],[17,213],[13,65],[-159,4],[11,-85],[-3,-121],[-176,4],[81,-189],[-3,-347],[19,-101],[-74,-201],[-54,-93],[-58,-254],[-36,-77],[-65,-217],[-47,-97],[-95,0],[-23,-24],[-83,173],[-116,198],[-41,48],[-113,-161],[-4,-230],[-124,8],[-78,-190],[-12,-105],[-200,5],[-36,185],[-91,0],[-64,16],[-67,-8],[-59,-40],[-44,-53],[-92,61],[-23,56],[-30,198],[-18,48],[-28,117],[-27,32],[2,142],[-24,36],[-113,-45],[-88,-16],[-26,-109],[8,-40],[-66,-230],[-28,-28],[5,-109],[-3,-84],[-39,-77],[6,-44],[-17,-77],[-6,-101],[9,-80],[-14,-77],[-43,-48],[-48,-122]],[[63574,67865],[0,-100],[21,-291],[16,-104],[41,-107],[35,-45],[46,-41],[138,-26],[72,-48],[34,-171],[46,-85],[168,-215],[80,-33],[140,-73],[37,0],[97,62],[125,54],[101,67],[99,37],[38,-13],[-1,-35],[61,-21],[36,17],[4,64],[-6,95],[-28,225]],[[67021,65823],[0,-64],[-26,-122],[-22,-48],[-2,-75],[11,-32],[-6,-83],[-18,-164],[-21,-100],[-34,-60],[-36,-28],[44,-124],[-1,-26],[-56,-4],[-36,-85],[-12,-75],[14,-194],[-13,-59],[11,-82],[33,-42],[63,-8],[-25,-119],[-61,-174],[4,-97],[72,-567],[-14,-165],[5,-35],[-4,-207],[11,-118],[240,-81],[16,-47],[-1,-45],[12,-57],[11,-110],[-26,-168],[-107,-294],[-140,-372]],[[66907,61692],[124,-337],[13,-94],[19,-82],[23,-58],[39,-205],[47,-115],[35,-68],[72,-52],[54,-28],[24,-46],[29,-88],[53,22],[2,-37],[-9,-157],[18,-169],[5,-205],[-11,-65],[-6,-85],[10,-23],[34,-14],[73,38],[23,-33],[13,-53],[-21,-49],[1,-100],[-12,-63],[-8,-154],[-115,7],[-19,-34],[-74,-25],[-34,-42],[-12,-64],[1,-45],[-38,16],[-22,-49],[-52,-48],[-11,-47],[-15,-241],[-25,-34],[-12,-359],[-9,-72]],[[67114,58335],[-26,-24],[-22,-64],[-61,34],[-12,36],[-51,28],[-103,42],[-5,92],[-9,26],[-23,5],[-22,-31],[9,-94],[-41,56],[-56,22],[-38,-2],[-35,28],[-60,-14],[-35,58],[-33,-8],[-69,-51],[-27,5],[-24,73],[-33,43],[-27,-2],[-91,35],[-64,-48],[-26,16],[-33,100],[-33,-25],[-21,54],[-65,-2],[-57,25],[-13,106],[-20,55],[-33,300],[2,159],[-22,171],[-46,114],[-9,67],[-46,23],[-31,4],[-49,28],[-62,-28],[-44,-71],[-5,-22],[-88,-37],[-17,-49],[5,-81],[-32,-28],[-67,13],[-22,-44],[-86,-143],[-18,-20],[-27,11],[-60,59],[-57,93],[-16,-15],[-40,20],[-64,-18],[-25,7],[-28,32],[-44,73],[-5,57],[-22,48],[-62,45],[-46,47],[-41,58],[-27,57],[-41,43],[5,81],[-35,106],[-19,25],[-51,25],[-21,25],[-35,76],[-19,13],[-52,11],[-21,-14],[-37,12],[-42,64],[-30,80],[-16,76],[-9,91],[-26,92],[-18,110],[-1,86],[-18,86],[-36,22],[-21,71],[25,10],[9,87],[-27,51],[-52,5],[8,185],[-12,66],[-44,95],[-20,23],[-44,148],[-29,65],[0,84],[-14,80],[-12,24],[-31,-4],[-26,-32],[-71,-112],[-22,43],[-4,59],[-17,15],[-30,-5],[-21,18],[-65,78],[-21,65],[37,14],[35,-33],[21,49],[-11,32],[-35,31],[-42,-14],[-23,-99],[-1,-37],[14,-38],[9,-62],[-7,-92],[-14,-14],[-45,4],[-18,-47],[-27,1]],[[63484,61763],[-26,30],[-11,71],[0,69],[-34,94],[-36,70],[-35,46],[1,363],[-95,4],[1,292],[46,281],[-64,184],[-60,213],[6,26],[-22,63],[-25,11],[-33,-22],[-69,119],[-43,93],[-93,135],[-38,19],[-35,-10],[-15,36],[5,57],[23,80],[-6,51],[-35,86],[-12,73],[-37,10],[20,40],[-13,56],[-23,-7],[-33,33],[-16,71],[-39,128],[-27,21],[18,74],[28,53],[5,108],[-26,24],[-15,89],[35,92],[42,-21],[-2,73],[-15,53],[10,61],[21,21],[9,49],[19,-8],[3,93],[20,44],[24,-25],[36,36],[6,81],[-11,55],[-43,135],[-3,71],[15,75],[32,4],[33,24],[18,36],[-3,40],[-34,-22],[-31,45],[-92,-34],[-37,107],[-30,34],[-29,-13],[-16,49],[-21,228],[-10,34],[-38,-7],[-26,95],[14,64],[-11,70],[-50,61],[17,51],[-1,99],[-23,18],[-9,68]],[[62440,66933],[10,86],[-6,38],[-42,76],[-17,11],[-1,123],[9,75],[-11,35],[-98,95],[4,44],[65,257],[-10,56],[-33,-9],[0,166],[-16,80],[12,61],[-6,38],[-20,22],[-13,81],[15,94],[-50,177],[11,21],[34,4],[29,-21],[34,35],[14,147]],[[61884,50215],[-26,73],[15,33],[15,-44],[-4,-62]],[[61830,51196],[-8,16],[2,67],[23,45],[-5,-81],[-12,-47]],[[61710,52188],[5,-50]],[[61715,52138],[-18,-1],[-1,42],[-14,24],[-27,-22],[-53,97],[11,52]],[[61613,52330],[9,-19]],[[61622,52311],[15,-64],[17,-19],[33,73],[19,-68],[4,-45]],[[61649,52420],[9,-101]],[[61658,52319],[5,-58],[-29,31],[-12,70],[24,26],[3,32]],[[63366,61775],[17,4],[43,-134],[7,-44],[-7,-41],[-30,-62],[-18,19],[-23,109],[18,113],[-7,36]],[[59417,65504],[20,-54]],[[59437,65450],[16,-32]],[[59453,65418],[6,-17]],[[59468,65359],[-6,-1]],[[59437,65373],[-5,-2]],[[59397,65355],[-5,7]],[[59378,65367],[-15,1]],[[59351,65356],[-5,-13]],[[59344,65327],[-1,-12]],[[59269,65190],[-14,-8]],[[59226,65170],[-17,3]],[[59174,65140],[-47,6]],[[59019,65180],[-18,27]],[[59001,65207],[-18,81]],[[58983,65426],[4,-6]],[[59006,65418],[4,5]],[[59071,65523],[18,-6]],[[59089,65517],[13,-13]],[[59127,65495],[7,8]],[[59137,65509],[3,5]],[[59167,65650],[75,-19]],[[59265,65624],[4,-1]],[[59297,65623],[45,16]],[[59347,65641],[17,20]],[[59364,65661],[11,12]],[[59375,65673],[6,3]],[[59381,65676],[9,-2]],[[59390,65674],[13,2]],[[59403,65676],[5,3]],[[59525,65794],[6,7]],[[59552,65835],[46,42]],[[59607,65882],[-5,-32]],[[59602,65850],[-51,-78]],[[59551,65772],[-29,-42]],[[59516,65723],[-10,-9]],[[59417,65542],[-1,-13]],[[63484,61763],[4,-17]],[[63488,61746],[-7,-11]],[[63481,61735],[-25,2]],[[63456,61737],[-17,9]],[[63439,61746],[-11,11]],[[63428,61757],[-10,11]],[[63418,61768],[-33,43]],[[63385,61811],[-8,6]],[[63377,61817],[-18,5],[-43,-20]],[[63316,61802],[3,-26]],[[63319,61776],[9,-84]],[[63328,61692],[6,-44]],[[63334,61648],[5,-19]],[[63339,61629],[18,-45],[22,-107]],[[63379,61477],[-5,-13]],[[63374,61464],[-39,59]],[[63335,61523],[-9,1]],[[63326,61524],[-74,-161],[-1,-22],[41,-33]],[[63292,61308],[2,0]],[[63294,61308],[6,5]],[[63300,61313],[12,18]],[[63312,61331],[17,16]],[[63329,61347],[5,-12]],[[63334,61335],[7,-17]],[[63341,61318],[14,-65]],[[63355,61253],[5,-30]],[[63360,61223],[7,-79]],[[63367,61144],[6,-53]],[[63373,61091],[8,-37]],[[63381,61054],[3,-12]],[[63384,61042],[26,-89]],[[63410,60953],[28,-88]],[[63438,60865],[0,-23]],[[63438,60842],[-1,-16]],[[63437,60826],[11,-83]],[[63448,60743],[2,-1]],[[63450,60742],[22,-35],[5,-115]],[[63477,60592],[23,-154]],[[63500,60438],[13,-60]],[[63513,60378],[57,-131]],[[63570,60247],[6,-16]],[[63576,60231],[0,-52]],[[63576,60179],[-21,33]],[[63555,60212],[-3,-45]],[[63552,60167],[14,-90]],[[63566,60077],[5,-4]],[[63571,60073],[22,0]],[[63593,60073],[12,2]],[[63605,60075],[27,-55]],[[63632,60020],[28,8]],[[63660,60028],[16,-5]],[[63676,60023],[18,-40]],[[63694,59983],[2,-32]],[[63696,59951],[-39,10],[-11,-11]],[[63646,59950],[33,-74]],[[63679,59876],[43,-131]],[[63722,59745],[19,-10],[20,19]],[[63761,59754],[22,-82]],[[63783,59672],[13,-57]],[[63796,59615],[10,-19]],[[63806,59596],[23,-37]],[[63829,59559],[7,-9]],[[63836,59550],[15,-20]],[[63851,59530],[24,-7]],[[63875,59523],[50,-116]],[[63925,59407],[-38,39]],[[63887,59446],[-3,-31]],[[63884,59415],[5,-99],[13,-69],[34,-32],[11,-32],[-1,-141],[-25,-65],[-15,63],[-24,-32],[5,-82],[31,-80],[8,-64]],[[63926,58782],[12,-38]],[[63938,58744],[-8,-49]],[[63930,58695],[43,-131]],[[63973,58564],[12,-29]],[[63985,58535],[30,-23],[18,-112],[4,-61]],[[64037,58339],[7,-111]],[[64044,58228],[23,-39]],[[64067,58189],[-14,-133],[-16,-58],[-32,-84],[-26,-100],[-39,-132],[-35,28],[-46,201],[-34,26],[-16,71],[-38,129],[-39,152],[-21,64],[-46,204],[-29,94],[-51,139],[-99,213],[-73,143],[-30,67],[-60,227],[-30,142],[-28,221],[-12,382],[-2,148],[8,109],[0,142],[-11,154]],[[63248,60738],[-9,97],[-13,83],[-16,267],[-32,184],[-10,117],[-19,134],[-13,50],[-44,106]],[[63092,61776],[-49,121],[-57,106],[-87,106],[-66,74],[-54,46],[-153,115],[-40,39],[-21,53],[-67,100],[-95,159],[-37,45],[-52,113],[-99,162],[-53,124],[-117,296],[-22,106],[-36,67],[-44,147],[-16,34],[-26,92],[-45,117],[-77,141],[-33,42],[-29,67],[-71,48],[-42,129],[-105,161],[-139,19],[-253,0],[-12,6]],[[61095,64611],[-29,17],[-40,-5],[-149,0],[-78,-23],[-47,-78],[-20,-49],[-56,-181],[-84,-240],[-48,-149]],[[60544,63903],[-47,-146],[-12,-51],[-167,-379],[-38,-106],[-73,-169],[-68,-201],[-16,-83],[-26,-451],[0,-351],[16,-225],[20,-84],[25,-149]],[[60158,61508],[4,-26],[58,-251],[35,-117],[103,-250],[34,-96],[63,-163],[55,-200],[26,-126],[58,-200],[25,-125],[33,-92],[29,-151],[96,-292],[100,-259],[20,-75],[74,-242],[32,-200],[23,-76],[16,-133],[19,-125],[29,-159],[29,-75],[36,-184],[25,-109],[26,-133],[23,-201],[6,-100],[20,-401],[13,-142],[2,-85],[10,-136],[-3,-88],[15,-200],[9,-27],[0,-65],[18,-166],[39,-129],[28,-148],[0,-37],[27,-15],[26,-34],[168,-159],[113,-149],[23,-53],[21,-14],[44,-138],[16,-66],[16,-101],[26,-66],[42,-67],[16,-42],[80,-83],[65,-126],[29,-75],[26,-125],[9,-92],[3,-225],[10,-92],[3,-176],[7,-158],[0,-201],[19,-225],[39,-351],[33,-204]],[[62247,52687],[-14,-163],[0,-426],[10,-126],[3,-208],[16,-75],[16,-117],[20,-76],[9,-91],[23,-101],[0,-100],[10,-58],[-4,-59],[-22,-33],[-32,-17],[3,-92],[26,-25],[25,-100],[20,-33],[55,-42],[32,-75],[0,-25],[-29,-84],[-7,-150],[20,-59],[19,0],[26,-50],[6,-73],[34,-38],[19,-39]],[[62531,50152],[-8,-188],[-73,-118],[-22,-140],[-93,-61],[-33,-141],[-69,41],[-155,-119]],[[62078,49426],[-22,113],[-43,169],[-5,47],[6,51],[9,238]],[[62023,50044],[-2,34]],[[62021,50078],[-12,110],[-41,86],[4,130],[-22,195],[1,76],[-17,102],[-6,62],[3,62],[-5,67],[-18,120]],[[61908,51088],[-7,17]],[[61901,51105],[-46,59],[6,32]],[[61861,51196],[6,19]],[[61867,51215],[24,-28],[-7,146],[-18,76],[-7,93],[14,37],[4,57],[21,38],[3,151],[-14,205]],[[61887,51990],[-2,60],[-18,81],[4,64],[-18,86],[-13,31]],[[61840,52312],[-12,7]],[[61828,52319],[-11,44]],[[61817,52363],[1,30]],[[61818,52393],[0,43],[-59,134]],[[61759,52570],[-2,50]],[[61757,52620],[-1,14]],[[61756,52634],[-5,125],[-32,72],[-27,74],[-60,117],[-24,14],[-31,84],[-23,101],[0,23]],[[61554,53244],[-17,51]],[[61537,53295],[-21,96],[-6,98]],[[61510,53489],[-8,30]],[[61502,53519],[-15,45],[-26,34],[-16,63],[3,40]],[[61448,53701],[8,50]],[[61456,53751],[-19,29],[-11,57],[11,86],[-24,31],[-12,47],[-25,201],[-53,107],[10,41],[-19,94],[-20,3],[-41,130],[-65,96],[-62,126]],[[61126,54799],[-27,0]],[[61099,54799],[-14,1]],[[61085,54800],[-29,36],[-40,75],[-17,58]],[[60999,54969],[-8,35]],[[60991,55004],[-4,18]],[[60987,55022],[-19,89],[-14,22],[3,56],[-27,31],[-22,58],[-27,112],[-19,126],[15,69],[1,90],[-19,86],[-8,72],[-13,66]],[[60838,55899],[-7,18]],[[60831,55917],[7,205]],[[60838,56122],[3,67]],[[60841,56189],[6,34]],[[60847,56223],[15,83],[-12,148],[-44,193]],[[60806,56647],[16,10],[-18,69]],[[60804,56726],[-8,12]],[[60796,56738],[-30,140]],[[60766,56878],[-19,85]],[[60747,56963],[-1,31]],[[60746,56994],[-1,41]],[[60745,57035],[-2,16]],[[60743,57051],[-1,7]],[[60742,57058],[-33,74]],[[60709,57132],[-19,118]],[[60690,57250],[-11,71],[-86,181],[-34,36],[-72,121]],[[60487,57659],[-22,29]],[[60465,57688],[-21,-35],[-20,20],[-24,70],[2,57],[-38,146],[-18,40],[-14,90]],[[60332,58076],[6,2]],[[60338,58078],[11,21],[6,76],[-6,113],[-21,69]],[[60328,58357],[-15,43]],[[60313,58400],[-14,105],[-41,152],[-29,71],[-28,4],[-20,84],[14,63],[-11,68],[-33,21],[-66,301]],[[60085,59269],[-27,108]],[[60058,59377],[-32,74]],[[60026,59451],[-12,66]],[[60014,59517],[-3,21]],[[60011,59538],[-3,19]],[[60008,59557],[-35,74],[-24,72],[-5,79],[-21,70],[-24,38],[-36,132],[-4,65],[-28,103]],[[59831,60190],[-17,59]],[[59814,60249],[-32,85]],[[59782,60334],[-8,15]],[[59774,60349],[-8,43]],[[59766,60392],[-29,40],[-58,-30],[-39,48],[-8,-6]],[[59632,60444],[-8,-26]],[[59624,60418],[-20,-3],[32,142],[32,182],[-4,88],[14,160],[15,221]],[[59693,61208],[3,27]],[[59696,61235],[13,90]],[[59709,61325],[2,17]],[[59711,61342],[1,51]],[[59712,61393],[4,21]],[[59716,61414],[-2,50]],[[59714,61464],[-19,-44]],[[59695,61420],[-7,33]],[[59688,61453],[-3,54]],[[59685,61507],[2,17]],[[59687,61524],[-8,79],[-34,251],[-30,198],[-20,30],[4,58],[-19,147],[-25,121],[-18,125]],[[59537,62533],[-19,132]],[[59518,62665],[-8,56]],[[59510,62721],[-6,20]],[[59504,62741],[51,120],[26,79]],[[59581,62940],[5,20]],[[59586,62960],[12,41]],[[59598,63001],[43,190],[35,247],[17,157],[16,226]],[[59709,63821],[10,8]],[[59719,63829],[20,10],[3,76]],[[59742,63915],[2,23]],[[59744,63938],[6,77]],[[59750,64015],[28,89]],[[59778,64104],[2,23]],[[59780,64127],[15,127]],[[59795,64254],[3,20]],[[59798,64274],[7,13]],[[59805,64287],[16,40]],[[59821,64327],[7,44]],[[59828,64371],[3,33]],[[59831,64404],[6,39]],[[59837,64443],[7,38]],[[59844,64481],[7,27]],[[59851,64508],[4,16]],[[59855,64524],[-1,72]],[[59854,64596],[13,4]],[[59867,64600],[7,-4]],[[59874,64596],[7,8]],[[59881,64604],[17,72]],[[59898,64676],[3,67]],[[59901,64743],[-4,70],[11,79]],[[59908,64892],[41,85]],[[59949,64977],[23,30]],[[59972,65007],[23,40]],[[59995,65047],[-3,86]],[[59992,65133],[-7,35]],[[59985,65168],[-5,30]],[[59980,65198],[-13,98]],[[59967,65296],[-2,27]],[[59965,65323],[0,54]],[[59965,65377],[3,84],[20,67],[-8,47],[-3,116],[-17,39],[-24,16]],[[59936,65746],[-11,59]],[[59925,65805],[31,113],[10,90],[12,45]],[[59978,66053],[15,55],[-10,66],[-43,141],[9,46],[62,128],[41,47],[8,41],[-3,81],[-38,102],[-16,10],[-61,-113],[-41,-9],[-3,-102],[-21,-23],[-17,22],[-42,-47],[-102,126],[-20,0],[-20,51],[-28,16],[-47,-30],[-67,-112],[-69,-156],[-12,-69],[-12,-18],[-34,23],[-45,-94],[-27,2],[-19,-31],[-49,-1],[-88,-34],[-30,5],[-34,-47],[-41,5],[-47,43],[-36,55],[-46,123],[-39,122],[-67,53],[-23,33],[-100,109],[-25,21],[-89,28],[-57,-8],[-19,27],[-34,-68],[-12,-210],[-15,-76],[8,-49],[-28,-84],[-11,41],[-23,27],[-38,-10],[-15,-36],[-32,-17],[-83,-67],[-30,58],[-61,23],[-56,85],[-14,90],[8,38],[-25,62],[5,49],[-34,45],[-22,-62],[-54,38],[-14,67],[-42,56],[-19,-71],[-29,46],[-13,-32],[10,-47],[-60,-103]],[[57793,66533],[8,33],[-13,49],[23,10],[0,54],[-57,-37],[-51,8],[-16,-46],[-55,-29],[-33,38],[38,29],[118,35],[29,21],[12,81],[37,29],[20,49],[-211,-37],[-25,25],[-47,-45],[-6,76],[26,59],[32,-34],[30,19],[13,73],[-52,52],[-10,69],[-16,-42],[-33,7],[8,87],[-9,94],[19,143],[2,108],[-7,18],[-73,63],[-16,-3],[-44,109],[-23,-8],[-20,-71],[-18,9],[-32,71],[-43,36],[4,74],[24,-44],[21,28],[16,58],[-34,15],[-11,128],[37,31],[37,-99],[-5,-55],[15,-86],[12,-17],[40,40],[72,24],[-15,44],[-26,-14],[-60,145],[-1,59],[27,21],[21,44],[45,42],[-3,38],[-27,8],[-26,-20],[-17,33],[-1,49],[23,32],[-9,45],[-24,31],[-32,64],[5,28],[76,131],[-1,66],[-73,-15],[-150,-73],[-17,21],[26,147],[-4,160],[13,68],[38,15],[29,121],[21,17],[53,117],[30,12],[60,-3],[17,41],[49,7],[12,-53],[57,-57],[74,7],[4,56],[-30,72],[19,27],[74,-31],[-19,-94],[82,34],[73,-6],[46,-23],[43,20],[24,-21],[38,3],[24,52],[-17,28],[-46,-6],[-38,42],[57,81],[75,16],[72,50],[12,-33],[96,19],[5,35],[-91,10],[-49,-4],[-44,71],[-30,25],[-29,51],[-5,44],[30,128],[24,17],[100,-46],[82,-19],[79,-4],[35,49],[58,-44],[31,-10],[42,-34],[62,-8],[70,10],[29,35],[20,52],[4,50],[36,60],[54,50],[115,127],[32,79],[91,81],[96,39],[33,38],[75,59],[82,-24],[81,-10],[49,2],[59,-25],[112,1],[32,19],[41,88],[49,-47],[-17,-77],[33,-107],[20,-41],[81,-62],[55,32],[55,44],[23,-32],[21,-67],[-2,-86],[32,-86],[53,-82],[17,4],[34,72],[27,12],[42,-14],[46,-63],[7,-63],[21,-16],[47,-8],[67,-77],[20,15],[20,61],[28,-26],[9,-52],[22,-32],[26,4],[94,-50],[53,2],[53,21],[21,34],[40,31],[21,-5],[45,35],[33,-22],[36,40],[38,-40],[100,-68],[66,-26],[54,45],[33,43],[33,8],[53,81],[41,14],[70,71],[46,62],[13,2],[32,77]],[[57674,69400],[-28,16],[1,31],[49,4],[-22,-51]],[[57173,69056],[-26,-6],[-16,43],[29,43],[45,20],[14,-80],[-46,-20]],[[55551,68764],[-1,51]],[[55480,69058],[-31,33]],[[55449,69091],[-32,35]],[[55390,69235],[7,-16]],[[55397,69219],[9,7]],[[55410,69239],[3,60]],[[55403,69389],[-10,10]],[[55393,69399],[-7,2]],[[55390,69573],[2,34]],[[55392,69607],[11,12]],[[55403,69619],[5,0]],[[55423,69657],[-4,26]],[[55402,69746],[18,140]],[[55420,69886],[-1,16]],[[55409,69925],[-6,1]],[[55403,69926],[-3,70]],[[55422,70113],[13,11]],[[55435,70124],[5,15]],[[55423,70304],[-13,12]],[[57720,70577],[18,-37]],[[57738,70540],[11,-22]],[[57782,70414],[4,-57],[-18,-58],[30,-130],[47,-100],[59,-64],[105,-99],[29,-19],[42,-7],[-14,-66],[-1,-72],[-58,-71],[-55,4],[-50,52],[-57,33],[-24,-1],[-45,-36],[-15,-43],[-58,32],[-63,-23],[-17,-92],[-43,-110],[-32,-49],[-43,-28],[-14,-27],[-68,-56],[-40,-109],[-39,-64],[-33,-92],[-44,-41],[27,104],[2,45],[-16,45],[110,134],[21,1],[40,59],[-9,43],[-122,-31],[-65,-9],[-17,42],[-2,58]],[[60743,57051],[-1,7]],[[63316,61802],[-60,48],[-104,-2],[-40,-34],[-20,-38]],[[61861,51196],[6,19]],[[62247,52687],[-42,-29],[-50,33],[-39,93],[-49,32],[-36,-48],[-34,-84],[-19,-300],[23,-182],[-29,4],[-12,-98],[-39,-86],[-34,-32]],[[62440,66933],[-40,28],[-57,-90],[-24,-18],[-9,-48],[-17,10],[-17,80],[19,48],[-9,81],[-31,28],[-31,2],[-27,-66],[-80,3],[-37,15],[-93,88],[-54,-36],[-48,43],[-18,-22],[-40,-143],[-62,-34]],[[61765,66902],[-1,90],[-16,27],[-32,15],[-34,-70],[-60,-45],[-81,-32],[-93,-10],[-79,42],[-44,-9],[-72,-68],[-18,-6],[-65,-86],[-57,-58],[-53,-44],[-166,-63],[-49,30],[-22,-8],[-67,5],[-51,101],[-43,39],[-57,6],[-44,-55],[-68,-59],[-19,0],[-49,-50],[-44,-17],[-68,3],[-39,71],[-79,52],[-12,-11],[-21,-140],[-10,-95],[5,-48],[34,-97],[-2,-39],[-41,2],[-40,-16],[-4,-26],[0,-129],[-42,-25],[-12,-77],[-15,-2],[-57,53]],[[63488,61746],[-7,-11]],[[63481,61735],[-25,2]],[[63456,61737],[-17,9]],[[63428,61757],[-10,11]],[[63385,61811],[-8,6]],[[61095,64611],[61,74],[233,284],[27,136],[35,125],[-4,297],[16,146],[2,70],[30,97],[-2,149],[-34,156],[10,217],[31,122],[120,53],[149,333],[-4,32]],[[63092,61776],[-53,-290],[-32,-104],[-38,-146],[-40,-91]],[[62929,61145],[-33,-30],[-85,17],[-389,81],[-253,482],[-207,394],[-272,500],[-180,189],[-285,413],[-94,42],[-244,107]],[[60887,63340],[29,58],[-11,86],[-60,-37],[-16,125],[28,17],[-79,632]],[[60778,64221],[162,201],[155,189]],[[58969,62631],[-4,70],[15,2],[62,-143],[44,-27],[19,9],[93,105],[10,-65],[15,-24],[58,62],[32,-27],[60,12],[52,35],[49,51],[30,50]],[[59518,62665],[19,-132]],[[59687,61524],[-2,-10]],[[59685,61514],[0,-7]],[[59695,61420],[-13,-10],[-27,-99],[-19,-143],[-19,-213],[1,-75],[-47,-216],[-13,-84],[1,-63],[10,-41],[-5,-144],[-48,-132],[-35,4],[-86,129],[-17,34],[-38,123],[-17,73],[-36,47],[-53,140],[-12,77],[-9,143],[1,97],[-62,152],[-16,19],[-42,159],[-14,117],[1,77],[-24,72],[-9,129]],[[59048,61792],[-3,-33],[-24,-15],[1,-48],[-33,-134],[-6,-64],[8,-36],[55,-117],[18,-105],[8,-102],[-12,-79],[20,-84],[36,-86],[11,-88],[39,-102],[35,-144],[58,-150],[37,-57],[25,-81],[7,-48],[-30,8],[5,-132],[39,-111],[15,-108],[39,-61],[2,-99],[30,-131],[-3,-181],[22,-50],[18,-74],[41,-222],[60,-257],[31,-87],[61,-317],[22,-103],[38,-156],[28,-148],[14,-145],[27,-79],[41,-84],[28,-101],[76,-120],[15,-55],[-55,19],[-26,34],[-9,-27],[-3,-94],[10,-66],[-6,-162],[14,-61],[10,-140],[18,-72],[7,-104],[49,-149],[48,-53],[38,-18],[34,-55],[53,-195],[22,-13],[88,-161],[8,-52]],[[60657,52915],[-25,30],[-79,54],[-30,101],[-108,109],[-89,51],[-108,6],[-128,44],[-86,26],[-63,140],[-57,242],[-37,222],[-71,318],[-93,376],[-138,369],[-258,401],[-243,267],[-143,146],[-127,147],[-156,69]],[[58618,56033],[-29,13],[-48,-9]],[[57392,56032],[-182,-14],[-135,6],[-18,10]],[[57057,56034],[-44,34],[25,414],[15,337],[7,306],[-10,184],[-46,401],[-45,344],[-16,94]],[[56943,58148],[-131,758],[-79,426],[-68,363],[-72,350],[-41,305],[-78,545]],[[56986,62970],[6,-72],[39,-28],[24,0],[114,78],[55,0],[101,-70],[76,-21],[144,-75],[50,-8],[9,-70],[17,-35],[60,-36],[59,41],[15,-95],[98,-20],[44,7],[80,-66],[27,-29],[22,-53],[39,-36],[40,5],[44,33],[40,44],[89,142],[73,133],[22,-70],[40,11],[4,70],[14,81],[16,20],[43,-37],[8,-31],[41,20],[44,8],[30,43],[33,12],[-8,76],[68,-50],[49,-60],[22,-4],[73,51],[-24,-170],[42,-69],[22,25],[20,-97],[32,31],[24,-1],[3,33]],[[58969,62631],[4,-213],[9,-70],[4,-201],[35,-98],[32,-69],[-3,-33],[5,-144],[-7,-11]],[[60544,63903],[-129,-179],[-175,-250],[-8,-20],[-121,49],[-24,56],[-33,53],[-32,7],[-22,87],[-20,41],[-45,19]],[[59935,63766],[-35,-38]],[[59900,63728],[6,49],[-12,98],[13,224],[-11,26]],[[59896,64125],[0,22],[45,52]],[[59941,64199],[68,147],[-3,47],[-23,18],[8,53],[28,79],[47,21],[44,128],[33,52],[30,71],[-9,16],[-19,147],[-44,76],[26,67],[-45,8],[-58,-6]],[[60024,65123],[-16,-1]],[[60008,65122],[-16,11]],[[59985,65168],[-5,30]],[[59980,65198],[-13,98]],[[59965,65323],[0,54]],[[59936,65746],[-11,59]],[[60778,64221],[-234,-318]],[[59935,63766],[25,89],[7,60],[-15,136],[-13,55],[2,93]],[[59896,64125],[-12,17],[-16,-103],[-28,-42],[-21,-4],[-24,26],[-45,-4]],[[59778,64104],[2,23]],[[59795,64254],[3,20]],[[59798,64274],[7,13]],[[59821,64327],[7,44]],[[59828,64371],[3,33]],[[59831,64404],[6,39]],[[59837,64443],[7,38]],[[59844,64481],[7,27]],[[59851,64508],[4,16]],[[59854,64596],[13,4]],[[59867,64600],[7,-4]],[[59874,64596],[7,8]],[[59898,64676],[3,67]],[[59908,64892],[41,85]],[[59949,64977],[23,30]],[[59972,65007],[23,40]],[[60008,65122],[16,1]],[[60158,61508],[-20,-76],[-119,-226],[-245,99],[-65,20]],[[59711,61342],[1,51]],[[59712,61393],[4,21]],[[59714,61464],[29,230],[-1,62],[8,69],[18,74],[-2,210],[13,108],[24,119],[12,92],[16,43],[19,125],[-14,75],[17,130],[1,66]],[[59854,62867],[6,104],[16,88],[-11,199],[15,127],[-6,131]],[[59874,63516],[6,177],[20,35]],[[60887,63340],[-53,-108],[-283,-181],[-272,-178],[154,-399],[122,-322],[-92,-120],[-46,-241],[-211,-99],[-48,-184]],[[59695,61420],[-7,33]],[[59688,61453],[-3,54]],[[59685,61507],[2,17]],[[59518,62665],[-8,56]],[[59586,62960],[12,41]],[[59709,63821],[10,8]],[[59742,63915],[2,23]],[[59874,63516],[-19,9],[-20,66],[-33,9],[-23,21],[-35,-53],[-7,-34],[-8,-133],[-13,-63],[7,-71],[-11,-138],[14,-30],[26,9],[33,-41],[-63,-93],[-14,-43],[-1,-61],[-16,-64],[13,-45],[79,19],[44,77],[27,10]],[[59685,61507],[0,7],[0,0]],[[59685,61514],[2,10]],[[59518,62665],[29,60],[5,68],[47,104],[-18,43]],[[61710,52188],[5,-50]],[[61613,52330],[9,-19]],[[61649,52420],[9,-101]],[[60804,56726],[-8,12]],[[60796,56738],[-30,140]],[[60747,56963],[-1,31]],[[60746,56994],[-1,41]],[[60709,57132],[-19,118]],[[60487,57659],[-22,29]],[[60332,58076],[6,2]],[[60328,58357],[-15,43]],[[60085,59269],[-27,108]],[[60026,59451],[-12,66]],[[60014,59517],[-3,21]],[[60011,59538],[-3,19]],[[59831,60190],[-17,59]],[[59782,60334],[-8,15]],[[59774,60349],[-8,43]],[[59632,60444],[-8,-26]],[[59693,61208],[3,27]],[[62929,61145],[125,-37],[129,-44],[32,-159],[0,-48],[12,-64],[21,-55]],[[63248,60738],[169,4],[33,0]],[[63477,60592],[23,-154]],[[63500,60438],[13,-60]],[[63570,60247],[6,-16]],[[63576,60231],[0,-52]],[[63555,60212],[-3,-45]],[[63566,60077],[5,-4]],[[63593,60073],[12,2]],[[63632,60020],[28,8]],[[63660,60028],[16,-5]],[[63676,60023],[18,-40]],[[63694,59983],[2,-32]],[[63646,59950],[33,-74]],[[63679,59876],[43,-131]],[[63761,59754],[22,-82]],[[63783,59672],[13,-57]],[[63806,59596],[23,-37]],[[63836,59550],[15,-20]],[[63875,59523],[50,-116]],[[63887,59446],[-3,-31]],[[63926,58782],[12,-38]],[[63930,58695],[43,-131]],[[63973,58564],[12,-29]],[[64037,58339],[7,-111]],[[64067,58189],[23,-85],[4,-79],[10,-33],[17,24]],[[64121,58016],[8,-46],[30,-82],[38,-15],[27,42]],[[64224,57915],[27,-15],[11,-37],[16,52],[23,-22],[-43,-104],[-14,-73],[20,-33],[34,13],[30,-37]],[[64328,57659],[0,-102],[278,-847],[710,-220],[16,48]],[[65332,56538],[130,-504],[-68,-527],[-117,-911],[-833,-720]],[[64444,53876],[-218,-128],[-338,-198],[-342,-202],[-206,-580],[-181,-509],[-184,-519]],[[62975,51740],[-105,-298],[0,17]],[[62870,51459],[0,739],[-238,244],[-133,135],[-140,145],[-31,17],[-55,-7]],[[62273,52732],[-26,-45]],[[61840,52312],[-12,7]],[[61817,52363],[1,30]],[[61759,52570],[-2,50]],[[61757,52620],[-1,14]],[[61554,53244],[-17,51]],[[61510,53489],[-8,30]],[[61448,53701],[8,50]],[[61126,54799],[-27,0]],[[61099,54799],[-14,1]],[[60999,54969],[-8,35]],[[60991,55004],[-4,18]],[[60838,55899],[-7,18]],[[60831,55917],[7,205]],[[60841,56189],[6,34]],[[64444,53876],[-216,-97],[-122,-55],[-463,-124],[-259,-323],[-162,-516],[-37,-240],[-79,-120],[-51,0],[-70,240],[-106,-36],[-74,12],[-195,60],[-50,72],[-158,0],[-23,-20],[-28,20],[-28,0],[-50,-17]],[[62870,51459],[-130,-371],[-45,-141],[-51,-212],[-48,-292],[-65,-291]],[[62023,50044],[-2,34]],[[61908,51088],[-7,17]],[[64552,48949],[-34,-2],[-16,41],[52,-6],[-2,-33]],[[64935,49288],[15,-12],[50,38],[27,32],[97,-91],[7,-20],[-17,-50],[-53,-55],[-22,-36],[-36,-6],[-72,-26],[-51,28],[-55,104],[9,118],[26,44],[42,-9],[33,-59]],[[63167,50029],[-3,-4]],[[63164,50025],[-62,-43],[-67,-37],[-22,-32],[-44,-45],[-61,-17],[-49,6],[-69,-3],[-63,-21],[-52,-39],[-39,-102],[-23,-83],[-65,-45],[-19,-44],[-10,-60]],[[62519,49460],[-8,-32]],[[62511,49428],[-2,-1]],[[62509,49427],[-5,17]],[[62504,49444],[-39,-25],[-7,-54],[-35,29],[-13,26],[-24,8],[-17,-20],[-26,-67],[-40,-43],[-95,-30],[-13,38],[-23,28],[-62,45],[-20,-42],[-18,-2],[6,91]],[[64444,53876],[217,-1187],[92,-509]],[[64753,52180],[-48,-26],[-21,-35],[-37,-36],[-38,-22],[-36,-53],[-47,-98],[-19,-72],[-19,-131],[20,-223],[-12,-50],[-41,-33],[-89,-98],[-16,-46],[-117,-123],[-104,-59],[-40,-29],[-48,-16],[-28,-28],[-75,-119],[-38,-15],[-23,19],[-118,-97],[-122,-139],[-19,-58],[-6,-80],[-45,-120],[-42,-86],[-38,0],[-68,-34],[-33,4],[-48,39],[-24,-18],[-31,-66],[-47,-41],[-69,-162]],[[62519,49460],[-8,-32]],[[62509,49427],[-5,17]],[[62975,51740],[3,-109],[2,-191],[-2,-367],[13,-84],[0,-149],[4,-58],[17,-84],[28,-108],[17,-142],[-10,-61],[-2,-110],[12,-54],[78,-83],[19,-81],[10,-34]],[[63292,61308],[2,0]],[[63300,61313],[12,18]],[[63329,61347],[5,-12]],[[63334,61335],[7,-17]],[[63341,61318],[14,-65]],[[63355,61253],[5,-30]],[[63360,61223],[7,-79]],[[63367,61144],[6,-53]],[[63381,61054],[3,-12]],[[63384,61042],[26,-89]],[[63438,60865],[0,-23]],[[63438,60842],[-1,-16]],[[63448,60743],[2,-1]],[[63319,61776],[9,-84]],[[63334,61648],[5,-19]],[[63379,61477],[-5,-13]],[[63335,61523],[-9,1]],[[64029,59085],[22,-2],[-5,-48],[13,-35],[-2,-187],[-15,-36],[-25,104],[7,59],[-10,119],[15,26]],[[64121,58016],[7,26],[-4,88],[-12,109],[-11,50],[-3,91],[0,172],[24,-8],[-4,75],[35,5],[-17,43],[2,83],[21,24],[-7,37],[24,132],[58,79],[27,-34],[1,-45],[19,-67],[24,-1],[19,-29],[7,-92],[-2,-62],[-12,-53],[-13,-9],[-6,-62],[12,-64],[-2,-94],[26,-22],[3,-67],[-1,-119],[-12,-66],[-18,-49],[-19,-138],[-19,-52],[-11,45],[-16,4],[-17,-31]],[[64989,57606],[-3,-30],[-47,-13],[-41,38],[20,32],[40,33],[31,-60]],[[65091,57802],[16,40],[23,-66],[-39,26]],[[65577,58959],[20,13],[9,-49],[-12,-132],[3,-121],[33,-20]],[[65630,58650],[21,-30],[6,-54],[-2,-70],[6,-73],[-7,-181],[5,-70]],[[65659,58172],[-12,-55],[-40,-50],[-12,-61],[-20,0],[-25,94],[19,-4],[-4,58],[-25,26],[-16,-16],[-24,-72],[3,-94],[8,-57],[-17,-61],[11,-107],[-2,-72],[-10,-53],[24,-21],[24,14],[20,-108],[-61,-45],[-46,5],[-35,-39],[13,-63],[1,-84],[-39,-188],[-27,-190],[-23,-91],[-7,-74],[1,-154],[-6,-72]],[[64328,57659],[40,2],[13,-60],[4,-96],[8,-33],[75,-30],[40,12],[56,57],[41,100],[27,-37],[74,-2],[31,-11],[47,10],[28,-24],[37,3],[36,-45],[79,11],[70,59],[34,55],[37,25],[13,24],[21,109],[20,2],[26,160],[-5,61],[16,39],[66,109],[34,47],[84,246],[27,38],[23,81],[23,8],[4,32],[28,57],[31,43],[46,117],[15,131]],[[66345,54914],[-17,-112],[-17,-55],[-20,-29],[-3,126],[19,60],[22,31],[29,155],[8,-4],[7,-127],[-28,-45]],[[65659,58172],[42,-245],[26,-110],[26,-55],[28,-83],[26,-105],[73,-148],[101,-79],[114,-80],[43,3],[30,-25],[16,-33],[49,-13],[15,24],[32,-14],[51,-114],[21,-81],[16,-31],[29,-144],[16,-56],[38,-67],[18,-104],[30,-88],[38,-75],[74,-28],[13,-77],[-11,-149],[-25,-88],[-19,-121],[-18,-39],[-27,-96],[-9,-83],[-31,-135],[-47,-59],[-24,-45],[-48,-116],[-22,-70],[-35,-138],[5,-62],[-36,-76],[-22,-170],[-19,-43],[-47,10],[-23,33],[18,110],[-14,29],[-36,-40],[-10,-66],[-27,-57],[-34,-122],[3,-87],[-19,-171],[-22,-82],[-1,-25],[23,-250],[-5,-79],[24,-160],[-10,-42],[-25,-21],[-53,8],[-64,-21],[-70,-47],[-64,-82],[-43,-106],[-13,-189],[-16,-101],[2,-43],[-28,-43],[-30,-81],[-13,-15],[-31,9],[-46,-11],[-48,-25],[-58,-9],[-58,-46],[-19,-102],[-28,-51],[-10,-46],[2,-58],[17,-34],[0,-39],[-24,-126],[-33,-97],[-17,-31],[-63,-50],[-19,9],[-24,48],[-41,10],[-114,-17],[-23,-27],[-22,-49],[-52,-36],[-41,-82],[-39,1],[-75,-46],[-20,-29]],[[65577,58959],[26,119],[38,-6],[2,33],[24,12],[22,-32],[-3,-71],[-26,22],[-13,-43],[28,-42],[-2,-75],[-28,-139],[-14,-28],[-1,-59]],[[70809,66996],[-3,-101],[3,-69]],[[70809,66826],[10,-81],[25,-64],[72,-100],[23,-57],[-40,-90],[-42,-257],[-29,-107],[-39,28],[-55,22],[-93,75],[-53,78],[-27,-10],[-34,-54],[-28,-82],[-12,-61],[0,-157],[18,-100],[19,-14],[33,-54],[51,-43],[61,-71],[15,-43],[44,-57],[-2,-40],[-35,-71],[-81,-86],[-13,-21],[-46,-10]],[[70551,65299],[-43,-8],[-148,-154],[-43,-96],[-21,-25],[-91,-190],[-48,-7],[-56,72],[-29,18],[-60,7],[-51,-25],[-20,-36],[-27,-7],[-56,-104],[-31,-146],[-1,-165],[17,-42],[29,21],[37,-4],[9,-50],[-5,-103],[-26,-75],[-100,0],[-106,46],[-58,15],[-54,-8],[-35,-46]],[[69534,64187],[-27,-59]],[[69507,64128],[16,-80],[30,-58],[15,-92],[3,-143],[27,-7],[17,-65],[-72,-78],[-31,-90],[-18,-96],[-2,-100],[15,-125],[40,-207],[28,-218],[12,-136],[7,-222],[2,-192],[-51,-56],[-33,-4],[-57,-89],[-52,-200],[-36,-61],[-64,-82],[-49,-28],[-50,-15],[-201,-10],[-63,-47],[-8,-50],[57,-64],[4,-93],[-35,-39],[-78,0],[-28,35],[-32,68],[-18,65],[-75,203],[-58,72],[-51,85],[-45,40],[-46,-40],[-106,-120]],[[68421,61789],[12,-28],[-29,-78],[-183,-119],[-157,-105],[-44,21],[-59,13],[-78,-25],[-47,-39],[-42,-61],[-12,12],[-120,53],[-306,-71],[-193,142],[-202,147],[-54,41]],[[70809,66996],[-30,-9],[-13,53],[-65,-41],[-36,-68],[48,-88]],[[70713,66843],[-42,-18],[-59,-69],[-23,-43],[-24,-20],[-56,58],[-54,3]],[[70455,66754],[-163,-23],[-44,-23],[-42,4],[-46,-12],[-30,-46],[-39,-4],[-43,-34],[-8,-44],[-112,-167],[-28,36],[-17,-86],[-93,-155],[-16,-61],[54,-90],[17,-39],[28,-120],[-5,-27],[34,-168],[-28,-80],[18,-62],[-11,-80],[-11,-26],[-11,-88],[-26,-33],[-86,-178],[-1,-77],[-27,-4],[2,-65],[22,-54],[22,-25],[-6,-138],[-15,-77],[-55,-66],[-25,-9],[-86,-6],[-79,35],[-55,43],[-28,-17],[-9,-67],[33,-131],[41,-14],[17,-67],[-7,-87],[40,-98],[3,-37]],[[69507,64128],[-55,-83],[-43,-33],[-87,-7],[-19,-60],[5,-89],[-32,-76],[17,-67],[-22,-76],[-26,-35],[-10,-56],[12,-86],[-6,-109],[16,-166],[-31,-58],[-24,-90],[-31,-60],[-53,-32],[-30,83],[-40,73],[-36,-31],[-48,-4],[-30,40],[-11,-45],[-43,-96],[-30,-4],[-35,-70],[-43,-1],[9,-72],[13,-20],[29,7],[7,-49],[-49,-52],[-64,-40],[-30,-1],[-59,19],[-7,56],[-44,-19],[-44,-61],[-10,-83],[-30,-76],[-49,-31],[-33,-268],[19,-92],[-8,-154],[-22,-117],[21,-48]],[[64945,67493],[2,75]],[[64947,67568],[13,144]],[[64955,67846],[-4,53]],[[64951,67899],[1,42]],[[64958,68020],[21,79]],[[64961,68287],[-18,7]],[[64871,68504],[-16,-6]],[[64855,68498],[-23,-4]],[[64819,68499],[-30,23]],[[64766,68512],[4,-39]],[[64770,68473],[2,-58]],[[64762,68424],[-7,86]],[[64761,68602],[13,57]],[[64794,68734],[11,6]],[[64805,68740],[-10,-22]],[[64817,68647],[18,4]],[[64844,68644],[6,-15]],[[64850,68629],[4,-18]],[[64865,68602],[13,-6]],[[64878,68596],[47,39]],[[64845,68725],[-10,19]],[[64840,68987],[-8,-2]],[[64832,68985],[-7,-6]],[[64703,68977],[-4,-14]],[[64708,68888],[7,-16]],[[64715,68872],[6,-18]],[[64648,69128],[-12,51]],[[64636,69179],[13,165]],[[64649,69344],[11,46]],[[64660,69390],[16,37]],[[64676,69427],[7,31]],[[64674,69493],[2,26]],[[64676,69519],[8,37]],[[64698,69716],[-1,20]],[[64732,69623],[7,-40]],[[64739,69583],[13,-46]],[[64752,69537],[38,-7]],[[64790,69530],[20,4]],[[64829,69536],[21,-28]],[[64850,69508],[9,5]],[[64876,69536],[1,24]],[[65008,69454],[16,21]],[[65024,69475],[2,23]],[[65060,69482],[17,-17]],[[65117,69494],[-16,9]],[[65156,69570],[12,12]],[[65196,69613],[10,35]],[[65210,69684],[-7,94]],[[65123,69907],[-23,23]],[[65093,69934],[-10,10]],[[64975,70456],[-4,16]],[[64971,70472],[-12,24]],[[64890,70520],[-90,-46]],[[64707,70405],[-20,-92]],[[64687,70313],[-10,-50]],[[64699,70184],[-4,-66]],[[64695,70118],[-8,-49]],[[64687,70069],[-15,-78]],[[64687,69856],[9,-76]],[[64696,69780],[-7,-41]],[[64614,70052],[-15,24]],[[64608,70162],[-7,30]],[[69717,69160],[3,16],[70,14],[15,16],[47,-29],[15,-38],[53,-49],[53,74],[38,11],[-8,49],[27,71],[41,23],[45,-55],[9,50],[-20,49],[7,65],[52,-68],[22,10],[37,100],[38,27],[57,63],[1,34],[-28,15],[-90,1],[-29,18],[-33,88],[-30,17],[-55,-24],[5,33],[-9,101],[-76,-3],[-6,102],[-55,162],[-19,-37],[11,-55],[-23,-91],[-40,22],[2,-136],[-12,-13],[-42,50],[-25,-24],[-95,64],[-12,104],[-28,58],[-52,-46],[-19,48],[-25,23],[-33,6],[0,58],[28,25],[47,59],[15,60],[47,80],[41,15],[3,69],[34,11],[67,71],[14,44],[-58,72],[-25,-32]],[[64609,70663],[42,226]],[[64573,71016],[-22,5]],[[64402,71064],[-15,53]],[[64387,71117],[-4,31]],[[64239,71270],[4,28]],[[63967,72097],[-14,29]],[[63953,72126],[-1,53]],[[64081,72304],[25,9]],[[64106,72313],[25,-2]],[[64139,72301],[25,-57]],[[64164,72244],[13,-15]],[[64190,72217],[13,-10]],[[64203,72207],[67,27]],[[64270,72234],[15,-5]],[[64325,72240],[-6,15]],[[64268,72290],[-14,-4]],[[64234,72367],[-5,14]],[[64156,72474],[-5,74]],[[64151,72548],[5,13]],[[64279,72847],[19,-25]],[[64298,72822],[34,1]],[[64332,72823],[35,47]],[[64367,72870],[18,1]],[[64657,72824],[94,-29]],[[64751,72795],[34,28]],[[64785,72823],[-11,25]],[[64774,72848],[-8,3]],[[64651,73044],[37,96]],[[64697,73148],[6,7]],[[64724,73681],[7,17]],[[64731,73698],[4,-7]],[[64735,73691],[12,7]],[[64779,73792],[-3,22]],[[64776,73814],[-26,46]],[[64750,73860],[-4,46]],[[64746,73906],[-8,33]],[[64703,73972],[-19,13]],[[64684,73985],[-29,-8]],[[64570,74016],[-7,-6]],[[64563,74010],[-3,-27]],[[64510,73877],[-41,9]],[[64469,73886],[-62,51]],[[64383,73950],[-27,40]],[[64266,74078],[-31,17]],[[64235,74095],[-15,7]],[[64220,74102],[-9,-6]],[[64107,73976],[-15,-9]],[[64085,73981],[-52,-54]],[[63929,73829],[-10,-19]],[[63919,73810],[-16,-30]],[[63861,73724],[-21,-21]],[[63767,73681],[-18,-8]],[[63713,73584],[-12,9]],[[63688,73615],[-7,-11]],[[63681,73604],[-10,-32]],[[80716,53976],[-25,-164],[10,-79],[-36,-70],[-53,-55],[-27,-61],[-16,-113],[-14,-8],[-24,33],[-43,-21],[-16,-94],[-20,-24],[-24,-4],[-30,45],[-59,14],[-47,48],[-27,18],[-42,60],[-33,20],[2,150],[-11,160],[-10,109],[3,138],[18,71],[20,7],[48,92],[19,56],[42,40],[38,79],[-6,19],[-30,-45],[1,60],[36,81],[44,-43],[17,15],[2,46],[16,28],[38,14],[18,-27],[42,19],[11,-32],[33,18],[16,63],[61,-6],[39,-27],[16,13],[0,41],[27,32],[31,-89],[20,-15],[21,10],[12,-81],[15,-182],[-15,-4],[-27,-67],[-14,5],[-26,-97],[-17,-39],[-24,-157]],[[83736,68584],[-10,-58],[-33,19],[-10,33],[21,30],[32,-24]],[[83287,63408],[17,-128],[-31,41],[9,46],[-28,38],[11,33],[22,-30]],[[83978,61801],[-24,-32],[-46,31],[-18,-7],[-10,41],[3,61],[50,-19],[35,-38],[10,-37]],[[83945,61962],[-19,9],[-7,46],[29,15],[-3,-70]],[[83852,62864],[-13,-30],[-77,57],[-40,48],[-29,51],[-22,69],[6,38],[26,1],[40,-59],[4,-44],[20,-29],[82,-68],[3,-34]],[[83267,58487],[-19,15],[-7,37],[6,84],[24,41],[13,-52],[-17,-125]],[[83665,60388],[-19,6],[-2,54],[22,50],[18,-16],[-7,-69],[-12,-25]],[[79997,55706],[-12,1],[-24,74],[-22,14],[-34,-41],[-36,-17],[-47,13],[-18,90],[-23,-13],[-53,78],[-1,86],[-78,43],[-13,23],[-7,103],[7,30],[-12,81],[-23,15],[-4,77],[15,107],[31,18],[19,96],[-23,74],[-50,47],[-14,-30],[-37,-27],[-23,14],[-5,48],[-29,36],[-33,-5],[-7,-32],[-31,-18],[-31,77],[-36,31],[-18,0],[-6,72],[-53,116],[-28,-14],[-98,-90],[-23,-58],[8,-98],[-34,-104],[-44,9],[-57,-103],[-28,34],[-2,67],[-41,-21],[-21,-81],[-8,-117],[-27,10],[-71,177],[-24,-61],[4,-36],[-14,-45],[-20,38],[-18,96],[-17,16],[-46,-181],[-29,-73],[-37,29],[-17,80],[-46,66],[-51,58],[-18,-8],[-18,-104],[-34,-85],[-34,-72]],[[78373,56316],[-9,30],[-23,16],[-29,-13],[-42,45],[-23,-20],[-5,-60],[-28,-129],[15,-172],[38,-98],[-3,-73],[8,-57],[-11,-244],[18,-21],[11,-50],[-17,-51],[-15,-4],[-15,41],[-30,37],[-51,-17],[-26,-34],[-16,54],[8,88],[-22,133],[-10,10]],[[78096,55727],[5,44],[-19,97],[-73,-88],[-32,-97],[-41,-43],[-26,7],[-15,49],[-14,6],[-47,-74],[-24,57],[-3,51],[9,36],[-16,37],[-23,9],[-16,88],[13,103],[-9,62],[-75,18],[-61,43],[-28,-30],[-35,13],[-20,32],[35,179],[25,73],[0,60],[-11,86],[27,115],[34,48],[-15,105],[-42,37],[-44,-24],[-27,3],[-49,61],[-3,161],[-8,43],[-17,5],[-5,45],[12,69],[-10,88],[-36,40],[-2,111],[21,19],[40,75],[-11,24],[-76,-28],[-38,28],[-63,-7],[-49,-30],[-37,-41],[-13,-33],[-60,-87],[-31,64],[52,125],[10,99],[-27,131],[-33,25],[6,136],[-4,53],[38,68],[13,61],[-3,105],[22,71],[6,63],[33,-25],[34,68],[19,72],[16,147],[32,-45],[21,28],[26,124],[18,58],[24,-29],[24,64],[-30,69],[-9,100],[37,3],[0,78],[19,268],[0,129],[-24,299],[13,81],[-14,107],[3,43],[-14,55],[-52,48],[-23,-100],[-16,5],[-7,66],[-27,150],[-14,121],[-1,104],[-35,45],[1,39],[-31,75]],[[77196,60620],[-29,-20],[-17,53],[-10,71],[-41,20],[-17,-93],[-8,-86],[-15,-2],[-18,-52]],[[77041,60511],[-28,46]],[[77013,60557],[-13,-66],[-37,-70],[-62,-73],[-89,-169],[-21,67],[-19,24],[-14,-18],[-17,-73],[-26,24],[-16,85],[-52,74],[-49,18],[-104,-12],[-78,-165],[-28,-91],[-26,-43],[-49,-104],[-57,-67],[-40,-12],[-21,-24],[-21,-67],[-92,-177],[-23,-18],[-24,-43],[-70,-61],[-90,-6],[-70,43],[-71,-7],[-49,-24],[-69,-55],[-47,6],[-16,73]],[[75553,59526],[20,4],[13,51],[-11,77],[-15,31],[-1,63],[28,90],[-11,55],[-23,77],[-12,-17],[-50,-15],[-39,75],[-9,89],[16,41],[1,39]],[[75460,60186],[5,114],[-19,29],[-44,20],[-41,60],[-23,-4],[-24,-66],[-31,-5],[-29,50],[-74,23],[-76,1],[-6,38],[9,79],[-58,42],[-50,17],[-38,-38],[-20,-55],[-45,-26],[-39,-73],[-36,-134],[-34,-46],[-30,-132],[0,-37],[-45,-76],[-14,-106]],[[74698,59861],[-26,49],[-11,41],[-5,71],[18,80],[14,133],[-12,122],[-27,44],[-32,34],[-32,-55],[-33,-41],[-70,-25],[-2,-53]],[[74480,60261],[-35,8],[-37,22],[-25,-66],[-104,13],[-28,-19],[-46,20],[-30,85],[-24,-11],[-52,60],[-18,58],[-29,1],[-14,-64],[0,-46],[-24,-37],[-64,74],[-7,105],[-28,-51],[11,-109],[-13,-32],[-31,14],[-7,74],[-18,98],[-30,41],[-16,53],[-79,15],[-11,-25],[-32,5],[-49,28],[8,110],[17,91],[-25,33],[-15,-2],[-29,-66],[-28,1],[-40,46],[1,31],[-20,37],[-41,23],[-23,83],[-46,48],[0,99],[-21,55],[5,57],[-18,37],[-39,26],[-63,-39],[-21,-57],[-35,18],[-46,164],[-1,35],[-52,120],[-37,-6],[-17,33],[-35,-2],[-26,48],[-50,114],[-49,85],[-54,47],[-21,32],[-11,154],[-72,31],[-12,-10],[-50,44],[-19,-29],[-4,-38],[-38,32],[-8,-146],[-41,-116],[-32,6],[-25,136]],[[72507,61940],[-10,39],[-51,44],[-14,44],[-41,62],[-25,4],[-82,87],[8,97],[-18,45],[-72,66],[-19,56],[-32,17],[-38,-36],[-15,13],[-38,69],[-7,35],[-22,24],[-20,77],[-6,60],[-16,50],[-23,31],[-17,-20],[-39,-85],[-31,12],[-15,140],[36,75],[-35,86],[-7,38],[22,136],[-48,112],[-17,65],[-15,23],[-3,133],[-21,74]],[[71776,63613],[29,35],[38,-4],[19,37],[19,-22],[0,-78],[41,-90],[14,-10],[29,22],[17,71],[32,26],[14,-15],[41,74],[18,55],[4,59],[-23,92],[-25,60],[5,94],[-28,65],[-48,46],[-30,46],[-16,65],[-28,54],[-8,48],[3,144],[-3,63],[-21,145],[12,51],[49,48]],[[71930,64794],[15,-13],[53,9],[82,0],[0,124],[9,99],[86,0],[24,25],[5,62],[-19,148],[9,0],[43,99],[29,99],[0,260]],[[72266,65706],[-25,152],[-55,68],[-48,80],[-126,6],[-36,68],[-113,174],[-59,62],[-120,86],[-12,99],[-50,56],[-33,56],[-58,6],[-47,-56],[-79,19],[-72,43],[-38,43],[-55,0],[-36,25],[-50,167],[0,142],[-12,56],[-29,31],[-31,-19],[-19,-68],[-48,0],[-31,44],[-14,68],[-36,43],[-49,-39]],[[86278,70726],[-10,15],[-15,90],[-52,53],[-22,52],[1,125],[-60,51],[-29,34],[-23,-46],[-26,-164],[-16,-200],[-51,-35],[-19,33],[-27,9],[-28,-50],[-10,-111],[-27,-59],[-43,-44],[-9,-37],[-68,-5],[-58,-16],[-14,22],[-41,7],[-61,-27],[2,-65],[26,-141],[32,-56],[8,-39],[-22,-102],[-19,-43],[-30,6],[-32,42],[-26,-27],[-60,6],[-97,39],[-31,41],[-7,46],[-21,36],[-3,46],[-33,64],[-37,-64],[-23,-12],[-41,-57],[5,-29],[-20,-131],[-28,-50],[-28,-76],[-8,-44],[-43,-85],[-32,-99],[-22,-14],[-65,-16],[-26,-72],[-41,-38],[-12,-35],[-35,-5],[-68,-79],[-1,-55],[-43,7],[-48,-118],[-43,-46],[-50,-105]],[[84548,69053],[-4,-63],[-19,-58],[-46,-72],[-39,-13],[-80,15],[-41,-45],[-40,-25],[-8,31],[-38,27],[-7,-101],[-61,-28],[-9,-19],[-42,-19],[-11,-22],[-88,-102],[-16,1],[-31,-47],[-43,-147],[-52,-77],[-62,-3],[-21,-24],[14,-98],[-62,-36],[-38,1],[-27,-29],[-15,-38],[-18,31],[-9,108],[36,16],[89,81],[31,19],[10,32],[-25,47],[1,25],[42,96],[-60,6],[-14,23],[-15,86],[-34,-10],[-22,22],[19,39],[46,32],[19,-3],[-21,87],[3,49],[20,36],[44,46],[23,-4],[28,60],[62,173],[51,164],[-1,44],[-64,148],[-84,73],[-53,1],[-10,33],[-45,32],[-51,-7],[-27,-60],[-31,-17],[-9,-47],[26,-28],[-57,-36],[-41,-107],[-38,-86],[-12,-111],[-14,-30],[-139,-112],[-27,-42],[-54,-38],[-36,-41],[-52,-116],[-23,-115],[0,-104],[-34,-64],[-35,-94],[-46,-6],[-24,-25],[-41,32],[-28,-47],[-50,-60],[-24,24],[-25,85],[-27,23],[-46,-18],[-40,-67],[-6,-58],[-42,-180],[-10,-71],[5,-60],[33,-148],[36,-81],[63,-77],[23,-15],[68,-12],[35,-21],[32,7],[55,35],[12,-4],[31,-83],[21,-96],[6,-102],[-3,-69],[-23,-91],[-5,-114],[10,-80],[52,-72],[38,-28],[44,-6],[87,20],[33,64],[-9,81],[57,57],[37,57],[32,66],[11,59],[44,46],[43,28],[21,34],[54,-17],[8,-39],[47,-75],[9,-53],[62,-18],[26,-63],[28,-30],[32,24],[69,2],[52,66],[-1,-43],[15,-54],[105,-16],[11,-134],[-17,-43],[-23,-4],[-15,-85],[39,-4],[-5,-79],[-46,-60],[-46,11],[-7,73],[-58,41],[-5,-48],[-96,-126],[-2,61],[-27,-16],[-32,-71],[-55,-33],[-44,-69],[-16,-39],[-17,-90],[-22,41],[-18,-2],[-20,-54],[-3,-85],[7,-88],[-77,-61],[-35,4],[17,80],[-23,22],[-51,-2],[1,-66],[25,-93],[-76,-170],[-1,-67],[-50,-23],[-21,-28],[-8,-51],[-29,-126],[-18,-16],[-17,-62],[-5,-81],[-48,-59],[-6,-104],[6,-83],[24,-16],[42,-1],[27,-100],[33,-57],[40,-40],[35,-12],[91,-104],[25,-135],[15,-118],[24,-142],[5,-75],[14,-72],[24,-73],[7,-91],[35,-118],[28,-137],[-2,-128],[-15,-73],[3,-41],[73,-88],[54,-45],[31,-63],[4,-88],[-11,-8],[17,-86],[22,2],[39,-44],[47,-100],[18,-126],[-19,-45],[-50,25],[-46,72],[-53,41],[-61,-7],[-35,4],[-37,109],[-47,49],[-38,12],[-18,-19],[-47,-93],[-48,-1],[-22,27],[-28,91],[-16,119],[-28,38],[-36,-47],[43,-53],[-5,-49],[29,-39],[-1,-44],[35,-43],[39,-30],[25,0],[42,37],[16,44],[18,4],[57,-24],[24,-82],[-11,-54],[29,-32],[30,0],[34,-34],[39,-63],[28,-92],[35,-53],[53,-67],[31,-82],[32,-146],[6,-58],[-12,-54],[-42,7],[-63,-33],[-38,-82],[-32,-22],[-63,-74],[-17,-71],[2,-37],[-40,-65],[-40,50],[-53,-4],[-19,-15],[-67,-126],[43,18],[42,61],[20,-5],[14,-97],[27,-59],[28,6],[82,121],[28,30],[30,3],[35,-41],[22,-45],[35,-124],[19,-36],[34,-12],[38,-47],[24,0],[9,-24],[-53,-60],[-49,-146],[30,-60],[14,37],[-31,15],[15,39],[32,22],[19,-33],[-24,-146],[13,-137],[-24,-24],[-13,30],[-40,-11],[-27,74],[-15,-62],[-26,-30],[15,-49],[45,4],[17,-57],[-2,-76],[-50,26],[43,-87],[-13,-75],[-35,-41],[11,-122],[33,-110],[-19,-32],[-33,25],[-13,-25],[-19,-118],[-22,47],[-14,110],[-13,18],[-17,-66],[0,-61],[-41,-154],[-34,2],[-43,32],[-18,-15],[63,-50],[0,-55],[-13,-19],[-28,-89],[-5,-55],[-25,-78],[22,-62],[-9,-57],[-13,13],[-17,-116],[-15,-36],[-37,45],[-7,50],[-34,-20],[39,-39],[25,-58],[-9,-38],[-30,11],[-12,-36],[-9,-104],[-18,7],[-29,-20],[-4,-42],[23,-33],[7,-107],[-37,-33],[-30,-57],[-9,53],[34,42],[27,98],[-42,1],[-16,-101],[-20,31],[-1,75],[-28,12],[-38,-41],[-5,-78],[18,-53],[19,26],[31,-27],[12,-94],[-15,-25],[-32,61],[-24,-35],[26,-75],[22,-5],[22,62],[36,-36],[-18,-42],[-18,9],[-14,-24],[-27,-5],[-45,-163],[-23,-42],[-63,80],[-28,23],[44,-128],[27,-18],[26,16],[19,58],[46,-19],[-3,-61],[-22,-47],[8,-77],[-11,-55],[-36,1],[2,-47],[13,-42],[13,4],[26,-106],[-18,1],[-44,67],[-12,54],[-21,-15],[-23,-66],[-32,-38],[18,-55],[31,-14],[20,-51],[-23,-59],[-50,-47],[-16,15],[10,57],[-2,48],[-19,6],[-33,-28],[26,-47],[-8,-51],[-22,-4],[2,-41],[33,-52],[0,-32],[-75,-60],[-3,63],[-11,12],[-26,-47],[15,-80],[23,22],[15,-32],[-29,-131],[-28,1],[-33,37],[-55,-66],[-20,105],[-35,-48],[-18,-53],[20,-18],[-9,-55],[-47,32],[-15,-18],[28,-55],[39,14],[16,-43],[8,-61],[-45,-75],[-46,-108],[-24,27],[-26,-128],[-38,-17],[-59,-79],[-3,-47],[-36,-53],[-25,47],[-33,2],[-12,-44],[-4,-96],[-33,-105],[2,-68],[-65,-10],[7,-147],[-16,-48],[-28,-9],[-43,3],[-26,-60],[-23,4],[-52,-46],[-22,6],[-40,62],[-29,-37],[8,-108],[-7,-17],[-45,17],[-42,75],[4,30],[-82,-60],[-15,-30],[13,-38],[-10,-75],[-14,30],[-31,-1],[-4,100],[25,42],[-10,22],[-61,-57],[-16,-59],[7,-49],[24,-58],[-26,-21],[-14,55],[-21,42],[-25,-12],[-22,-31],[4,-86],[21,32],[21,-32],[-2,-42],[-25,7],[-26,-46],[-48,25],[-26,1],[-10,37],[38,74],[-23,10],[-25,-34],[-6,62],[-23,137],[-42,60],[-1,113],[-29,9],[-5,-63],[-16,9],[-16,-36],[25,-63],[-4,-39],[29,-87],[6,-48],[-7,-114],[14,-24],[-3,-78],[-18,-51],[-59,-1],[-22,-98],[-30,35],[3,45],[-11,38],[-27,-83],[4,-109],[-7,-30],[-24,-27],[-13,66],[-25,-9],[-34,-106],[-18,-20],[-25,28],[-40,-60],[-24,-9],[-82,105],[6,-58],[-24,-64],[-32,18],[3,-68],[-23,-1],[-16,-61],[-47,-10],[-26,12],[-65,-46],[-20,28],[-23,7],[-4,-49],[-28,-45],[-22,11],[-29,-48],[-16,-67],[-28,-20],[-35,12],[-5,-47],[-17,-36],[-36,-47],[-13,-45],[2,-101],[60,-2],[7,-77],[-25,7],[4,-75],[24,-43],[17,-7],[15,-61],[-3,-40],[-31,-91],[-35,-41],[-45,-4],[-21,41],[-17,-4],[-15,-42],[-12,91],[35,33],[-44,71],[-27,98],[-25,203],[8,68],[-5,80],[27,148],[37,38],[10,43],[-21,23],[-37,-7],[-43,77],[-17,-68],[-24,-23],[-25,-1],[-48,-27],[-27,15],[20,54],[-1,54],[-27,24],[-36,0],[-15,47],[18,54],[-14,31],[-21,-115],[-15,-19],[-25,79],[-12,83],[-1,52],[-37,18],[-8,-50],[33,-131],[-13,-67],[-32,-27],[-4,27],[15,48],[-29,23],[-14,-108],[-22,40],[-35,-44],[-24,7]],[[80725,55454],[-21,-69],[-26,43],[24,30],[23,-4]],[[80706,55362],[-7,-68],[-21,22],[-28,1],[-19,37],[29,19],[11,-20],[35,9]],[[81065,55722],[0,54],[46,9],[-3,-29],[-43,-34]],[[81334,55785],[-21,-28],[-7,51],[21,60],[24,-9],[-17,-74]],[[81656,56191],[-35,-15],[15,64],[43,34],[-23,-83]],[[81525,56678],[30,-91],[-12,-11],[-29,51],[-18,51],[29,0]],[[82535,57076],[-4,-34],[-22,2],[-21,36],[39,26],[8,-30]],[[83814,58293],[15,-9]],[[83829,58284],[26,-9]],[[83855,58275],[32,-82],[-23,-29],[-26,-79]],[[83838,58085],[-2,-11]],[[83836,58074],[-4,-56]],[[83832,58018],[1,-9]],[[83833,58009],[5,-86]],[[83838,57923],[2,-8]],[[83840,57915],[7,-58],[-20,-77]],[[83827,57780],[-1,-9]],[[83826,57771],[-7,-87]],[[83819,57684],[-2,-5]],[[83817,57679],[-24,-73],[-14,-73],[1,-72]],[[83780,57461],[-4,-60]],[[83776,57401],[-17,-143]],[[83759,57258],[-11,-155]],[[83748,57103],[-12,-114],[-27,-172],[-27,-135],[-25,-99],[-25,-38]],[[83632,56545],[-13,-38]],[[83619,56507],[-17,-64]],[[83602,56443],[-4,-23]],[[83598,56420],[-21,-140]],[[83577,56280],[-2,-15]],[[83575,56265],[0,-21]],[[83575,56244],[0,-12]],[[83575,56232],[3,-127]],[[83578,56105],[-1,-44]],[[83577,56061],[-16,-79]],[[83561,55982],[-34,12],[-2,116],[-5,55],[-18,94]],[[83502,56259],[-10,37]],[[83492,56296],[-6,14]],[[83486,56310],[-38,72],[-20,16],[-9,48]],[[83419,56446],[-4,18]],[[83415,56464],[-8,11]],[[83407,56475],[-4,11]],[[83403,56486],[-1,39],[-13,71],[-11,124]],[[83378,56720],[-8,50]],[[83370,56770],[-21,91],[25,177],[-10,165],[23,114],[23,76],[40,185],[14,34],[20,122]],[[83484,57734],[4,16]],[[83488,57750],[10,31]],[[83498,57781],[9,26]],[[83507,57807],[10,50]],[[83517,57857],[9,47]],[[83526,57904],[47,101],[10,70]],[[83583,58075],[5,28]],[[83588,58103],[24,93],[15,32]],[[83627,58228],[37,44]],[[83664,58272],[33,11]],[[83697,58283],[7,5]],[[83704,58288],[14,18],[14,59],[21,31]],[[83753,58396],[14,1]],[[83767,58397],[33,-83],[14,-21]],[[82609,57175],[-24,-3],[19,134],[36,-30],[-31,-101]],[[82900,57781],[-6,-22],[-38,0],[32,87],[12,-65]],[[82815,57782],[-18,11],[7,77],[22,-16],[-11,-72]],[[77196,60620],[6,26],[29,15],[34,49],[-4,54],[47,29],[16,30],[45,-143],[2,-54],[70,10],[4,-192],[78,25],[-2,64],[-9,54],[-6,108],[2,197],[9,34],[2,118],[-13,25],[-11,98],[0,99],[51,69],[59,44],[17,39],[-11,114],[-21,39],[-25,74],[-23,34],[-25,74],[-28,49],[-23,64],[-15,69],[-78,251],[-42,79],[-53,133],[-15,54],[-48,118],[-11,49],[-23,153],[-6,64],[0,147],[12,113],[23,54],[76,104],[7,88],[-40,50],[-24,44],[-52,44],[-17,44],[67,153],[80,-103],[41,-30],[35,-39],[36,-10],[106,-44],[55,-50],[59,-93],[55,-69],[69,-44],[49,-74],[87,118],[65,118],[76,99],[122,211],[34,74],[-8,79],[-36,206],[-19,94],[-6,118],[50,64],[19,79],[0,54],[13,138],[53,191],[2,55],[-19,162],[-14,68],[-5,72],[-24,52],[-27,132],[-18,154],[-1,154],[3,124],[-50,235],[-16,123],[-23,107],[-17,171],[-5,107],[7,60],[-3,243],[-12,111],[-11,52],[-7,111],[28,98],[38,55],[-5,90],[-38,47],[-66,137],[-43,43],[-69,25],[-15,17],[-66,22],[-81,47],[-59,51],[-94,94],[-33,-9],[-46,-68],[-42,0],[-84,68],[-21,26],[-53,34],[-122,115],[-53,22],[-25,21],[-51,-60],[-67,-106],[-51,29],[-149,154],[-31,22],[-28,47],[-28,12],[-50,47],[-62,82],[-104,38],[-139,120],[-51,72],[-36,-60],[-56,-57],[-35,-19],[-110,4],[-62,17],[-75,2],[-66,-8],[-57,-52],[-14,-25],[-31,-7],[-78,4],[-92,35],[-34,-2],[-61,-103],[-24,-28],[-46,-21],[-71,-7],[-10,9],[-61,-6],[-45,5],[-12,-151],[-17,-311],[-8,-118],[-1,-194],[7,-58],[24,-43],[37,-23],[43,-56],[18,-42],[16,-124],[-1,-146],[-10,-111],[-18,-8],[-29,34],[-84,-85],[-1,-69],[71,-130],[45,-47],[79,-45],[103,-38],[65,-124],[-4,-20],[-180,-27],[-50,2],[-34,-17],[-56,-90],[-67,39],[-35,29],[-84,39],[-79,51],[-140,43],[-38,0],[-19,21],[-57,30],[-32,4],[-95,52],[-50,-13],[-56,-69],[-130,5],[-51,-26],[-48,-81],[-41,34],[-32,-34],[-132,-13],[-47,0],[-131,30],[-39,26],[-30,-5],[-50,-38],[-131,-81],[-71,-51],[-30,-30],[-50,-69],[-51,-55],[-39,-17],[-33,-30],[-33,-13],[-187,-150],[-74,-42],[-51,-39],[-48,-21],[-102,-60],[-74,-68],[-47,-20],[10,128],[-20,30],[-74,57],[-39,-7],[-51,65],[-25,65],[-22,7],[-97,-87],[-51,-14],[-36,-36],[-26,31]],[[74399,75583],[17,-121],[-8,-36],[-31,-54],[23,-62],[60,-43],[6,-30],[-28,-56],[3,-36],[56,-46],[14,3],[76,-71],[21,-42],[2,-85],[17,-36],[56,-46],[21,-1],[39,-84],[41,-12],[46,47],[44,-3],[34,-94],[32,-59],[40,4],[16,41],[23,-3],[8,-86],[47,-51],[53,-139],[9,-135],[61,-198],[16,-32],[40,-32],[36,-164],[-6,-89],[9,-55],[-37,-164],[29,-135],[0,-66],[-47,-93],[-38,-109],[-10,-112],[0,-64],[26,-40],[33,-131],[67,-29],[15,-31],[52,-37],[26,24],[25,-54],[147,2],[61,-39],[51,-16],[81,32],[27,-2],[30,-26],[51,4],[33,-22],[21,5],[52,-24],[55,-68],[99,-110],[56,-86],[9,-24],[72,-76],[32,-70],[86,-70],[106,27],[-18,-98],[-1,-100],[53,-19],[26,-96],[11,-87],[22,-110],[34,-126],[3,-91],[11,-36],[122,-235],[9,-125],[94,15],[75,5],[47,25],[293,-108],[358,-53],[133,58],[74,-8],[16,34],[147,-9],[209,-105],[61,-15],[73,-199],[101,-59],[30,11],[45,-4],[196,-197],[120,-61],[61,2],[127,52],[0,-149],[44,-17],[69,4],[21,-47],[60,115],[70,63],[31,41],[74,69],[258,222],[57,11],[76,35],[4,37],[56,40],[24,-37],[96,-5],[90,37],[20,-16],[62,3],[88,-30],[43,42],[88,-12],[55,12],[48,69],[69,63],[49,6],[6,17],[85,75],[9,49],[42,68],[18,81],[51,107],[33,83],[24,30],[69,53],[87,80],[40,92],[49,15],[0,103],[-42,115],[-37,39],[-33,90],[-9,49],[-26,66],[3,75],[32,94],[3,77],[59,228],[56,70],[32,-11],[75,-6],[17,9],[36,-62],[14,-48],[68,-58],[81,-37],[102,-13],[35,-23],[78,128],[46,15],[44,91],[59,98],[24,84],[1,48],[55,36],[54,-41],[66,15],[62,-3],[86,45],[26,60],[64,101],[23,-4],[28,33],[18,59],[-12,67],[34,131],[49,99],[14,54],[48,25],[23,45],[66,-23],[81,2],[15,148],[49,26],[9,-40],[23,-26],[37,20],[24,56],[105,84],[39,-31],[89,-3],[19,53],[36,-15],[33,-55],[58,-32],[45,13],[53,-12],[15,-17],[41,41],[21,42],[-2,135],[-34,69],[-3,61],[-18,61],[-28,53],[-79,128],[0,31],[-53,51],[-9,96],[-97,76],[-63,160],[-86,25],[-49,-12],[-69,-1],[-118,-255],[-15,9],[-59,99],[-67,58],[-102,-31],[-68,24],[-41,-40],[-41,-95],[-12,1],[-91,162],[-12,158],[79,84],[-7,192],[76,213],[-7,37],[103,399],[79,291]],[[71930,64794],[14,35],[3,46],[-17,66],[-67,101],[-29,28],[-67,25],[-20,54],[-17,140],[-14,41],[-17,140],[-27,118],[18,139],[-27,14],[-21,-40],[-24,42]],[[71618,65743],[-32,-23],[-49,15],[-32,-8],[-47,43],[-39,17],[-60,40],[-34,33],[-22,47],[-28,24],[-11,108],[-47,-47],[-43,-20],[-20,12],[-8,102],[-44,31],[-14,68],[20,36],[14,56],[-9,147],[-29,130],[-53,89],[-45,16],[-22,-31],[-13,28],[0,67],[-14,48],[-45,25],[-18,27],[-46,-7],[-19,10]],[[70809,66826],[-61,43],[-35,-26]],[[77013,60557],[-28,62],[-14,5],[-32,-34],[-57,32],[-9,33],[-41,33],[-66,-55],[-6,95],[25,48],[52,122],[-1,25],[-36,124],[-3,64],[-35,-17],[-27,-66],[-28,-3],[0,88],[20,63],[36,25],[12,54],[-44,-1],[-15,69],[-27,81],[-37,-49],[-45,-38],[-45,-63],[-23,-46],[-23,-99],[-20,-13],[-72,59],[-41,16],[-33,25],[-20,62],[-26,54],[-14,-2],[-30,-85],[-31,0],[-33,-53],[-20,-49],[-23,-103],[-37,-68],[-16,-120],[-29,15],[-35,-9],[-24,-21],[-40,22],[-42,-43],[-8,-56],[-30,-88],[2,-72],[-49,-6],[-44,-80],[-16,10],[-33,-51],[-10,-44],[13,-29],[0,-44],[-21,-45],[-54,-65],[-38,-22],[-16,17],[-38,-5],[-20,-45],[-45,-14],[-17,26],[-46,3]],[[83484,57734],[4,16]],[[83498,57781],[9,26]],[[83517,57857],[9,47]],[[83583,58075],[5,28]],[[83627,58228],[37,44]],[[83697,58283],[7,5]],[[83753,58396],[14,1]],[[83814,58293],[15,-9]],[[83829,58284],[26,-9]],[[83838,58085],[-2,-11]],[[83832,58018],[1,-9]],[[83838,57923],[2,-8]],[[83827,57780],[-1,-9]],[[83819,57684],[-2,-5]],[[83780,57461],[-4,-60]],[[83776,57401],[-17,-143]],[[83759,57258],[-11,-155]],[[83632,56545],[-13,-38]],[[83602,56443],[-4,-23]],[[83577,56280],[-2,-15]],[[83575,56244],[0,-12]],[[83578,56105],[-1,-44]],[[83577,56061],[-16,-79]],[[83502,56259],[-10,37]],[[83492,56296],[-6,14]],[[83419,56446],[-4,18]],[[83407,56475],[-4,11]],[[83378,56720],[-8,50]],[[85172,64120],[-40,-13],[-40,4],[-19,-25],[-30,66],[6,46],[25,54],[29,37],[72,41],[44,14],[29,-19],[13,-51],[-27,-103],[-62,-51]],[[85054,64921],[-27,45],[41,113],[24,-23],[14,-46],[-11,-53],[-41,-36]],[[85527,65338],[4,-72],[44,-21],[-6,-76],[-54,17],[-9,92],[21,60]],[[85764,65300],[-3,-68],[-17,-45],[-26,-15],[5,77],[-30,18],[2,40],[57,63],[12,-70]],[[85104,66529],[13,-134],[-24,25],[-2,99],[13,10]],[[85149,67277],[-35,-25],[-11,22],[-2,118],[16,24],[26,-50],[6,-89]],[[85190,67425],[-17,-32]],[[85173,67393],[-12,-12],[-29,34],[-22,48],[-13,-4]],[[85097,67459],[-40,-25]],[[85057,67434],[-18,-20],[2,-60]],[[85041,67354],[-13,5]],[[85028,67359],[-10,38]],[[85018,67397],[-7,50]],[[85011,67447],[-20,30]],[[84991,67477],[0,-26]],[[84991,67451],[4,-29]],[[84995,67422],[-18,5]],[[84977,67427],[-27,75]],[[84950,67502],[-5,32]],[[84945,67534],[-16,13]],[[84929,67547],[-21,10]],[[84908,67557],[-18,6]],[[84890,67563],[-8,-6]],[[84882,67557],[4,-18]],[[84886,67539],[6,-10]],[[84892,67529],[9,-8]],[[84901,67521],[22,-40]],[[84923,67481],[-23,-67],[-34,-24]],[[84866,67390],[-39,-55]],[[84827,67335],[1,60],[29,33]],[[84857,67428],[6,34]],[[84863,67462],[-15,20]],[[84848,67482],[-8,-4]],[[84840,67478],[-33,-15]],[[84807,67463],[-19,29]],[[84788,67492],[-18,-45],[-43,23]],[[84727,67470],[-10,27]],[[84717,67497],[37,78],[19,3]],[[84773,67578],[6,-2]],[[84779,67576],[9,-21]],[[84788,67555],[9,36]],[[84797,67591],[-4,9]],[[84793,67600],[-35,10]],[[84758,67610],[-7,-3]],[[84751,67607],[-7,-5]],[[84744,67602],[-17,-12],[-43,29],[-27,-5],[-26,31]],[[84631,67645],[13,0]],[[84644,67645],[39,65],[1,74]],[[84684,67784],[26,94]],[[84710,67878],[10,89]],[[84720,67967],[17,-5]],[[84737,67962],[28,47]],[[84765,68009],[42,5]],[[84807,68014],[17,39]],[[84824,68053],[-24,-7]],[[84800,68046],[-11,14]],[[84789,68060],[-29,59]],[[84760,68119],[3,51],[14,38]],[[84777,68208],[10,56]],[[84787,68264],[15,112],[14,34]],[[84816,68410],[5,9]],[[84821,68419],[8,16]],[[84829,68435],[7,30]],[[84836,68465],[-15,82]],[[84821,68547],[-6,30]],[[84815,68577],[3,18]],[[84818,68595],[15,47]],[[84833,68642],[-8,19]],[[84825,68661],[-17,-19]],[[84808,68642],[-6,-4]],[[84802,68638],[-47,28]],[[84755,68666],[-23,34]],[[84732,68700],[-26,41]],[[84706,68741],[-27,42]],[[84679,68783],[-28,37]],[[84651,68820],[0,-42]],[[84651,68778],[3,-26]],[[84654,68752],[-5,-35]],[[84649,68717],[-29,-23]],[[84620,68694],[-1,38]],[[84619,68732],[5,19]],[[84624,68751],[-24,89],[-44,22],[-22,61],[18,77],[-4,53]],[[86304,70633],[-4,-9]],[[86300,70624],[-23,-19]],[[86277,70605],[-6,37]],[[86271,70642],[-22,13]],[[86249,70655],[-7,1]],[[86242,70656],[-15,-9]],[[86227,70647],[-59,-104]],[[86168,70543],[-33,-71]],[[86135,70472],[-29,-64]],[[86106,70408],[-10,-69]],[[86096,70339],[-28,-92]],[[86068,70247],[-11,3]],[[86057,70250],[-7,-3]],[[86050,70247],[-26,-94]],[[86024,70153],[-7,-55]],[[86017,70098],[-1,-15]],[[86016,70083],[4,-50]],[[86020,70033],[6,-17]],[[86026,70016],[7,-10]],[[86033,70006],[23,-32],[-10,-55]],[[86046,69919],[-14,-86]],[[86032,69833],[-1,-27]],[[86031,69806],[1,-100],[9,-45]],[[86041,69661],[-6,-59]],[[86035,69602],[-8,-21]],[[86027,69581],[-10,2]],[[86017,69583],[-17,-4]],[[86000,69579],[-11,-5]],[[85989,69574],[-97,-102]],[[85892,69472],[-16,-103],[-22,-53]],[[85854,69316],[-6,0]],[[85848,69316],[-22,-8],[-23,-54],[-23,-25]],[[85780,69229],[-6,-5]],[[85774,69224],[-42,-44]],[[85732,69180],[-11,-71]],[[85721,69109],[-74,-87],[-41,-22]],[[85606,69000],[-12,0]],[[85594,69000],[-24,8]],[[85570,69008],[-15,2]],[[85555,69010],[-37,-109]],[[85518,68901],[-39,-28]],[[85479,68873],[-32,-25]],[[85447,68848],[-30,-71],[7,-184],[8,-99],[-8,-12]],[[85424,68482],[-1,28]],[[85423,68510],[3,12]],[[85426,68522],[-11,50]],[[85415,68572],[-11,-6]],[[85404,68566],[-23,-34],[0,-99],[7,-28]],[[85388,68405],[13,-23]],[[85401,68382],[26,-17]],[[85427,68365],[29,-11]],[[85456,68354],[38,-26],[27,-91]],[[85521,68237],[37,-75]],[[85558,68162],[23,-17]],[[85581,68145],[8,-11]],[[85589,68134],[4,-12]],[[85593,68122],[18,-48]],[[85611,68074],[7,-2]],[[85618,68072],[10,4]],[[85628,68076],[8,-8]],[[85636,68068],[19,-36],[1,-37]],[[85656,67995],[47,-212],[29,-150],[62,-191],[52,-123],[4,-39],[78,-270],[5,-77],[19,-65],[0,-133],[12,-68],[0,-56],[-15,-54],[9,-89],[-4,-73],[-15,-65],[2,-208],[19,-20],[28,57],[7,-50],[-27,-231],[-6,-100],[-34,-144],[-18,-33],[-12,-78],[-27,-56],[-44,-19],[-68,5],[-45,56],[-26,-86],[6,-30],[-10,-95],[-17,-32],[-19,28],[0,54],[-33,-13],[-11,-28],[-30,24],[-14,46],[-40,-32],[-30,13],[-53,-53],[17,-52],[38,15],[-8,-79],[-30,-79],[-23,27],[4,82],[-13,65],[-29,-28],[-15,-48],[8,-39],[26,-42],[7,-35],[-34,-86],[-21,-20],[-19,49],[-1,42],[25,61],[1,62],[-33,-24],[-57,-76],[-6,-49],[-27,-66],[-25,15],[-12,74],[-45,-191],[-33,33],[-4,95],[-20,47],[-29,34],[-6,62],[23,21],[19,-79],[12,34],[19,-20],[24,3],[-31,69],[-3,25],[39,22],[-12,69],[-14,-3],[-8,-68],[-38,9],[17,124],[-28,-30],[-24,138],[27,28],[4,-60],[27,0],[-27,80],[5,95],[31,140],[6,50],[-9,44],[44,74],[30,27],[16,60],[-51,22],[4,53],[15,26],[-40,97],[-21,319],[14,58],[-13,59],[-34,-2],[-12,-36],[-38,-11],[-11,56],[17,49],[-1,43],[30,59],[8,-114],[22,35],[3,38],[-19,62],[24,8],[19,35],[33,-56],[43,-4],[16,-59],[1,-90],[44,108],[-21,5],[-45,94],[6,53],[-32,27],[0,66],[27,-9],[29,19],[-39,45],[3,42],[-19,15],[-10,56],[9,45],[-31,70],[-3,85],[28,-2],[13,53]],[[86300,70624],[-23,-19]],[[86271,70642],[-22,13]],[[86249,70655],[-7,1]],[[86227,70647],[-59,-104]],[[86135,70472],[-29,-64]],[[86106,70408],[-10,-69]],[[86096,70339],[-28,-92]],[[86068,70247],[-11,3]],[[86057,70250],[-7,-3]],[[86024,70153],[-7,-55]],[[86017,70098],[-1,-15]],[[86020,70033],[6,-17]],[[86026,70016],[7,-10]],[[86046,69919],[-14,-86]],[[86032,69833],[-1,-27]],[[86041,69661],[-6,-59]],[[86027,69581],[-10,2]],[[86017,69583],[-17,-4]],[[85989,69574],[-97,-102]],[[85854,69316],[-6,0]],[[85780,69229],[-6,-5]],[[85732,69180],[-11,-71]],[[85606,69000],[-12,0]],[[85570,69008],[-15,2]],[[85518,68901],[-39,-28]],[[85479,68873],[-32,-25]],[[85424,68482],[-1,28]],[[85423,68510],[3,12]],[[85415,68572],[-11,-6]],[[85388,68405],[13,-23]],[[85427,68365],[29,-11]],[[85521,68237],[37,-75]],[[85581,68145],[8,-11]],[[85589,68134],[4,-12]],[[85593,68122],[18,-48]],[[85611,68074],[7,-2]],[[85618,68072],[10,4]],[[85628,68076],[8,-8]],[[85656,67995],[-16,-28],[-3,-92],[-15,-46],[-29,-47],[-23,-17],[-107,10],[-37,-9],[-47,11],[-66,-18],[-40,-61],[-14,-61],[-31,-81],[-24,-44],[-14,-87]],[[85190,67425],[-17,-32]],[[85097,67459],[-40,-25]],[[85041,67354],[-13,5]],[[85028,67359],[-10,38]],[[85018,67397],[-7,50]],[[85011,67447],[-20,30]],[[84991,67451],[4,-29]],[[84995,67422],[-18,5]],[[84950,67502],[-5,32]],[[84929,67547],[-21,10]],[[84890,67563],[-8,-6]],[[84886,67539],[6,-10]],[[84892,67529],[9,-8]],[[84901,67521],[22,-40]],[[84866,67390],[-39,-55]],[[84857,67428],[6,34]],[[84848,67482],[-8,-4]],[[84807,67463],[-19,29]],[[84727,67470],[-10,27]],[[84773,67578],[6,-2]],[[84788,67555],[9,36]],[[84793,67600],[-35,10]],[[84758,67610],[-7,-3]],[[84751,67607],[-7,-5]],[[84631,67645],[13,0]],[[84684,67784],[26,94]],[[84710,67878],[10,89]],[[84720,67967],[17,-5]],[[84737,67962],[28,47]],[[84765,68009],[42,5]],[[84824,68053],[-24,-7]],[[84800,68046],[-11,14]],[[84789,68060],[-29,59]],[[84777,68208],[10,56]],[[84816,68410],[5,9]],[[84821,68419],[8,16]],[[84829,68435],[7,30]],[[84821,68547],[-6,30]],[[84818,68595],[15,47]],[[84825,68661],[-17,-19]],[[84808,68642],[-6,-4]],[[84755,68666],[-23,34]],[[84706,68741],[-27,42]],[[84679,68783],[-28,37]],[[84651,68778],[3,-26]],[[84654,68752],[-5,-35]],[[84649,68717],[-29,-23]],[[84620,68694],[-1,38]],[[84619,68732],[5,19]],[[84416,57677],[-9,-22],[-42,18],[-11,28],[27,72],[44,-40],[-9,-56]],[[84514,57754],[-8,-38],[-28,4],[-13,62],[51,20],[-2,-48]],[[84817,57989],[-25,11],[3,108],[26,-77],[-4,-42]],[[85623,59368],[-83,-131],[-30,-19],[-17,-136],[10,-58],[-25,-50],[-20,0],[-3,88],[29,73],[-8,88],[23,7],[45,76],[-23,50],[1,36],[19,20],[12,-42],[20,4],[50,142],[11,11],[13,-68],[-24,-91]],[[85828,60136],[-24,18],[-5,74],[5,49],[16,5],[21,-95],[-13,-51]],[[86028,60695],[2,-36],[-25,-22],[-30,-74],[-13,-60],[-26,-69],[-60,86],[28,62],[88,101],[36,12]],[[86266,61960],[-32,10],[-17,103],[27,46],[52,-60],[-6,-64],[-24,-35]],[[86380,62071],[-19,-27],[-10,79],[22,77],[0,78],[28,112],[11,-23],[-3,-77],[-29,-219]],[[86169,63544],[43,60],[23,-12],[-24,-96],[-35,18],[-7,30]],[[86169,63497],[-1,-29],[-32,-73],[-27,-27],[-11,36],[4,80],[16,103],[23,31],[20,-11],[8,-110]],[[85805,63694],[-44,-42],[-38,19],[13,59],[1,58],[44,10],[24,-104]],[[85874,63941],[7,-17],[-31,-105],[-16,82],[40,40]],[[85946,64069],[-13,1],[26,116],[23,40],[8,-33],[-18,-79],[-26,-45]],[[86042,64471],[-26,11],[11,82],[20,-10],[6,-58],[-11,-25]],[[86448,64376],[16,-18],[40,-3],[24,68],[23,14],[29,-40],[14,-59],[-11,-92],[-33,-52],[-22,-2],[4,-54],[67,-22],[38,10],[-22,-92],[25,-94],[22,-61],[1,-53],[-26,-34],[-14,-75],[-22,-23],[-23,-81],[6,-54],[-25,-86],[-47,-324],[12,-72],[-11,-123],[-32,-179],[-25,11],[-11,54],[-20,5],[-26,-32],[-10,-51],[28,-21],[7,-40],[-54,-108],[-16,-12],[-58,-72],[3,53],[23,61],[10,112],[-7,61],[-28,104],[-6,53],[40,-11],[4,58],[-36,31],[-19,-35],[-14,-60],[-13,-106],[17,-96],[25,-36],[-7,-58],[-33,-13],[-10,49],[-71,11],[-7,66],[28,82],[9,124],[-45,109],[7,88],[-11,77],[12,84],[23,-20],[48,164],[29,80],[12,111],[-6,31],[-34,3],[39,57],[-5,72],[-36,69],[-9,57],[-2,70],[-15,35],[-42,25],[-20,-47],[22,-106],[-25,-88],[52,18],[15,-50],[-8,-95],[-46,-52],[-11,33],[18,66],[-7,42],[-24,1],[-64,-62],[-23,75],[-25,25],[-14,92],[14,81],[23,-27],[15,-47],[-5,-84],[13,-26],[33,29],[-8,95],[-16,34],[-69,104],[-18,16],[5,112],[68,-52],[10,74],[-19,39],[19,56],[26,-16],[18,-41],[50,146],[21,-54],[23,6],[14,32],[14,88],[-4,35],[23,56],[46,42],[78,-39],[-7,-48],[39,-146],[33,-12]],[[86748,64611],[10,-52],[-32,3],[-9,37],[17,30],[14,-18]],[[86800,64761],[-10,-11],[-16,78],[30,7],[-4,-74]],[[85908,64741],[-24,-2],[6,146],[39,-18],[-21,-126]],[[87283,64915],[11,-38],[48,-60],[40,11],[15,-56],[-11,-85],[28,-68],[14,-83],[-29,-30],[-71,-110],[-38,-128],[-17,-146],[-20,29],[-22,77],[-31,61],[-49,30],[-45,-16],[-53,-76],[-31,-18],[-9,-30],[-2,-90],[-37,-107],[-28,-53],[0,-149],[-42,0],[-11,-19],[-50,8],[4,113],[-47,-9],[-5,93],[8,107],[11,51],[-20,35],[-23,12],[4,88],[-24,34],[93,139],[15,59],[4,86],[19,81],[33,85],[23,-2],[23,-101],[23,-36],[47,52],[58,-16],[27,61],[16,125],[60,100],[52,-15],[14,34],[25,-30]],[[87322,64999],[-4,-21],[-43,28],[0,28],[48,29],[-1,-64]],[[87441,64806],[-32,32],[-1,46],[56,151],[30,54],[12,-13],[-32,-108],[-4,-37],[13,-79],[-42,-46]],[[85937,64887],[-36,37],[24,197],[30,39],[18,-20],[-8,-83],[-28,-170]],[[87037,66220],[-24,-3],[-17,35],[1,51],[15,33],[19,-2],[20,-47],[-14,-67]],[[88452,67588],[42,-6],[-20,-98],[-39,-68],[-33,-20],[23,110],[-26,20],[1,73],[18,66],[39,91],[19,17],[-7,-91],[-17,-94]],[[89259,69949],[33,1],[-16,-143],[1,-191],[6,-118],[17,-117],[26,-16],[32,-70],[36,-119],[11,-79],[-8,-58],[31,-60],[12,-148],[-2,-97],[24,-73],[-9,-99],[-13,2],[-22,-62],[-6,-153],[-11,-71],[-59,-18],[1,-78],[-16,-9],[-13,-67],[-5,-71],[9,-121],[-3,-154],[-22,1],[-10,58],[-46,10],[-45,-22],[-11,-19],[-28,-137],[-10,-151],[11,-110],[17,-41],[5,-260],[-17,-275],[-14,-37],[-28,-22],[-22,-89],[-30,-178],[-20,-204],[8,-108],[68,-255],[-4,-34],[-55,-30],[-41,-85],[-22,-108],[5,-65],[-6,-84],[-18,-35],[-58,-31],[-36,-56],[-7,-60],[-36,-22],[-18,45],[26,28],[-12,117],[7,86],[34,109],[37,76],[-17,77],[-21,13],[-53,-20],[1,-91],[-37,-35],[1,-115],[26,-33],[-18,-83],[-17,-6],[-3,70],[-14,43],[-30,13],[-46,-10],[-34,-49],[-20,-118],[1,-48],[15,-36],[-2,-43],[-44,-154],[-36,-53],[-29,63],[5,35],[1,162],[4,31],[31,8],[-14,51],[-37,32],[-40,-25],[-65,-167],[-46,-187],[-51,39],[-51,-13],[-58,25],[-73,-22],[-56,-47],[-17,46],[33,13],[44,39],[-18,67],[-52,-34],[-19,7],[-12,48],[-34,-68],[-9,108],[3,46],[18,58],[-14,34],[-51,-66],[-7,-90],[-25,-69],[-9,-49],[5,-69],[27,-12],[37,-62],[41,-47],[-5,-120],[-30,-11],[-7,31],[-26,3],[-22,-28],[-61,-49],[-22,-35],[-5,-122],[-43,-64],[-13,-35],[-34,-186],[-49,-88],[-88,61],[-33,84],[17,32],[-93,130],[18,126],[19,60],[-28,79],[12,49],[24,23],[39,72],[25,83],[-10,91],[-24,19],[-31,-25],[-17,-33],[-29,-14],[-24,11],[-58,88],[-31,15],[-42,-16],[-24,-25],[-45,-22],[-17,-46],[-25,-36],[-16,7],[-29,-97],[-31,10],[-29,41],[-15,-6],[-90,-120],[-30,42],[-13,-91],[-33,-20],[-7,53],[-62,-11],[-14,-52],[-32,-27],[-29,-5],[-13,94],[-27,30],[-24,-21],[-27,-71],[5,-58],[-8,-119],[-23,-35],[5,-80],[-22,-18],[-6,65],[-59,73],[-25,41],[-97,-56],[-38,-42],[-24,10],[-18,57],[-22,21],[-33,-90],[-6,9],[1,145],[10,38],[-13,80],[25,96],[54,-7],[12,-33],[55,37],[2,21],[51,141],[69,40],[57,119],[13,41],[33,59],[23,21],[32,97],[62,83],[12,110],[50,40],[28,-1],[37,63],[43,-38],[18,-52],[29,-7],[41,50],[69,-22],[75,17],[49,21],[20,37],[50,40],[72,5],[40,-13],[33,34],[14,34],[36,24],[18,-30],[-2,-45],[-22,-95],[41,-39],[2,51],[29,32],[16,-71],[56,-9],[31,33],[40,91],[0,44],[36,38],[-25,78],[-13,70],[47,164],[77,145],[67,186],[18,68],[15,95],[0,71],[-24,140],[16,107],[11,24],[40,23],[91,91],[30,-12],[0,-47],[-59,-107],[-32,-77],[-30,13],[-15,-93],[32,-19],[17,11],[2,-70],[-17,-75],[28,-60],[29,-19],[30,1],[23,31],[12,88],[142,111],[23,30],[52,38],[25,31],[78,140],[41,119],[27,164],[42,76],[72,69],[36,68],[17,48],[7,142],[10,62],[39,169],[35,73],[10,49],[31,228],[33,157],[14,149],[-3,89],[-10,84],[-21,43],[-55,-20],[-13,52],[57,54],[27,135],[1,111],[-20,59],[-4,88],[-20,30],[42,102],[41,6],[36,63],[16,149],[-6,41],[3,82],[21,12],[15,-31],[28,28],[25,-44],[-4,-63],[11,-130],[10,-37],[30,-7],[15,43],[2,70],[15,-5],[51,-86],[18,20],[13,65],[14,121],[-14,59],[-63,-31],[-50,-44],[-16,32],[21,166],[22,91],[47,-41],[34,-78],[35,-14]],[[88750,70481],[-21,-13],[-5,68],[8,35],[32,20],[-14,-110]],[[89238,72651],[-35,43],[0,38],[20,28],[35,-70],[-20,-39]],[[89923,71945],[14,-16],[71,28],[39,-18],[44,-96],[22,-24],[68,-20],[38,3],[33,54],[30,78],[47,69],[42,106],[11,-55],[-37,-157],[-22,-47],[-16,-64],[-10,-102],[19,-72],[18,-35],[27,-170],[-13,-37],[15,-30],[45,-18],[42,39],[-28,-97],[-65,-5],[-42,-27],[-8,-57],[-29,-45],[-36,-4],[-19,48],[-18,-60],[-22,-17],[-49,-6],[-54,46],[-77,-54],[-34,-50],[-31,-72],[-36,-62],[-31,-70],[-46,-147],[-11,-53],[1,-88],[-6,-88],[-20,-85],[-36,73],[-45,56],[-68,49],[-62,62],[-106,141],[-24,21],[-24,47],[-50,46],[-35,1],[-62,-43],[-68,-95],[-46,-90],[-17,17],[-14,89],[-35,77],[-18,17],[-60,-3],[-37,-90],[-15,-73],[4,-74],[36,-37],[30,-59],[49,13],[16,-22],[55,-134],[35,-24],[28,-58],[-60,-65],[-72,76],[-25,-4],[-8,-52],[-40,-37],[-4,-100],[-44,-40],[-24,-64],[-46,37],[-15,100],[12,80],[29,85],[3,120],[-23,72],[-38,42],[-36,72],[-5,50],[15,62],[7,87],[-5,41],[9,55],[48,19],[51,86],[25,7],[18,58],[43,85],[-30,103],[-27,61],[9,58],[35,36],[88,-129],[61,-9],[53,-23],[39,65],[17,46],[8,62],[-28,237],[12,51],[51,53],[22,62],[7,62],[-3,197],[25,93],[11,106],[1,93],[-9,109],[-11,63],[-33,129],[-6,80],[32,116],[33,12],[44,50],[28,-76],[29,-35],[57,-135],[37,-72],[27,-101],[55,-138],[47,-91],[108,-177],[35,-46],[54,-48],[10,-66]],[[68402,58622],[-6,-3]],[[68396,58619],[-10,-9]],[[68386,58610],[-7,-9]],[[68379,58601],[-6,-43]],[[68373,58558],[15,3]],[[68388,58561],[6,7]],[[68394,58568],[13,15]],[[68407,58583],[18,8],[42,-50],[5,-58],[-45,13]],[[68427,58496],[-17,15]],[[68410,58511],[-13,0]],[[68397,58511],[-84,-22]],[[68313,58489],[-41,-23]],[[68272,58466],[-33,-27]],[[68239,58439],[-21,8]],[[68218,58447],[-12,9]],[[68206,58456],[-22,12]],[[68184,58468],[-61,-6],[-21,-57],[-65,21]],[[68037,58426],[-41,-1]],[[67996,58425],[-7,-2]],[[67989,58423],[-12,-8]],[[67977,58415],[-10,-18]],[[67967,58397],[-5,-22]],[[67962,58375],[-1,-16]],[[67961,58359],[11,-31]],[[67972,58328],[-15,-19]],[[67957,58309],[-7,55]],[[67950,58364],[-6,10]],[[67944,58374],[-17,14]],[[67927,58388],[-9,-5]],[[67918,58383],[-33,1]],[[67885,58384],[-82,45],[3,74]],[[67806,58503],[10,-6]],[[67816,58497],[4,16]],[[67820,58513],[-10,6]],[[67810,58519],[-20,-7]],[[67790,58512],[-18,-18]],[[67772,58494],[9,-21]],[[67781,58473],[-24,-40],[-51,37],[-56,-28]],[[67650,58442],[-7,-13]],[[67643,58429],[-13,-34]],[[67630,58395],[3,-24]],[[67633,58371],[-14,-24]],[[67619,58347],[-35,3],[-53,25]],[[67531,58375],[-8,-15]],[[67523,58360],[-20,-12]],[[67503,58348],[-7,0]],[[67496,58348],[-9,4]],[[67487,58352],[-19,9]],[[67468,58361],[-14,8]],[[67454,58369],[-10,5]],[[67444,58374],[-16,5]],[[67428,58379],[-40,3]],[[67388,58382],[-12,-3]],[[67376,58379],[-8,-3]],[[67368,58376],[-13,-6]],[[67355,58370],[-29,-46]],[[67326,58324],[-16,-8],[-21,35]],[[67289,58351],[-7,1]],[[67282,58352],[-14,-4]],[[67268,58348],[-9,-4]],[[67259,58344],[-8,-4]],[[67251,58340],[-7,-14]],[[67244,58326],[-3,-15]],[[67241,58311],[-16,-34]],[[67225,58277],[-18,2]],[[67207,58279],[-10,-5]],[[67197,58274],[-19,-55],[-33,13],[16,86],[-41,20]],[[67120,58338],[-6,-3]],[[72507,61940],[-43,-49],[-54,-123],[-23,-15],[-16,-75],[-34,-43],[-11,-32],[9,-100],[-17,-58],[-30,-71],[19,-82],[-6,-74],[-25,-56],[-35,-128],[-2,-86],[52,-59],[38,-89],[24,-25],[19,69],[108,-173],[28,-30],[44,-26],[30,-146],[21,1],[29,-59],[69,-92],[49,-73],[19,42],[26,1],[95,-161],[20,-13],[62,28],[18,-149],[73,-39],[41,-2],[27,-74],[19,-1],[21,93],[53,-2],[69,-84],[4,63],[41,2],[35,49],[42,-88],[84,-35],[15,-35],[9,-61],[-8,-120],[40,-18],[46,-57],[61,-99],[10,-25],[31,-19],[83,93],[27,-57],[0,-81],[36,-73],[30,54],[18,11],[48,-54],[36,14],[111,-135],[24,12],[35,68],[16,2],[22,-34],[24,-62],[28,-18],[60,42],[45,-27],[40,45],[28,8],[15,-48],[20,-25],[20,47],[3,69],[20,98],[6,68],[-6,84],[-15,77],[-24,47],[-11,45],[11,123],[4,154],[20,83],[19,122],[0,48],[-16,19]],[[74698,59861],[-7,-30],[-22,-16],[-14,-51],[28,-65],[9,-85],[15,-5],[38,-60],[6,-38],[32,-13],[40,32],[32,-42],[13,8],[32,-39],[0,-30],[35,-9],[87,26],[26,25],[12,55],[40,35],[56,-68],[35,-23],[100,12],[50,12],[15,-19],[25,17],[12,49],[23,-3],[12,-45],[48,-3],[34,45],[43,-7]],[[78096,55727],[4,-26],[-17,-51],[-66,-107],[-38,-7],[-8,-90],[-21,-92],[-21,-20],[-7,-108],[25,9],[0,-37],[-24,-24]],[[77923,55174],[-43,16],[-31,-56],[-24,-87],[-13,-163],[-10,-38]],[[77802,54846],[-19,25],[-16,52],[-25,-19],[-16,-63],[-41,-21],[-39,28],[-7,-30],[14,-76],[-4,-36],[-24,-41],[-34,-21],[-24,36],[-22,7],[-24,-21],[-10,-40],[-5,-85],[4,-48],[-11,-52],[-30,-6],[-15,28],[-52,-53],[-48,-35],[-65,-2],[-29,67],[-25,15],[-4,-113],[-35,-52],[-32,-127],[11,-78],[0,-138],[-24,-48],[-18,-72],[18,-46],[10,-136],[-2,-76],[-41,-13],[-21,-34],[-29,-8],[1,-115],[13,-41],[16,29],[17,-4],[1,-64],[19,-70],[17,-110],[-17,-77],[25,-119],[20,-57],[33,-68],[41,-155],[43,-100],[29,-89],[24,-25],[24,-116],[-19,-83],[23,-78],[27,-123],[8,-127],[7,-6],[42,118],[15,-32],[-1,-96],[-16,-87],[-19,-16],[-31,2],[-13,-54],[-19,-232],[1,-83],[8,-112],[-4,-68],[-23,21],[-21,-19],[-1,-55],[-51,-45],[-8,4],[-2,-109],[14,-106],[3,-84],[18,-69],[39,-99],[29,-139],[12,-45],[76,-137],[24,-38],[17,-104],[26,-117],[13,-32],[0,-107],[11,-120],[-2,-147],[-23,-20],[-4,-85],[36,-235],[18,-50],[36,-65],[-2,-55],[5,-120],[15,-103],[20,-36],[-4,-88],[8,-95],[20,-41],[-6,-61],[-21,-80],[-26,-45],[-40,-208],[-43,-170],[-33,-61],[-42,-131],[-8,-2],[-24,-69],[-2,-40],[13,-73],[-22,-124]],[[77428,47652],[-18,-109],[-35,-151],[-7,19],[-6,104],[8,138],[-10,64],[-12,170],[30,38],[18,85],[23,51],[2,28],[-6,131],[11,31],[6,63],[-16,77],[6,132],[7,84],[23,24],[-12,42],[-27,-65],[-22,34],[-1,58],[16,80],[15,35],[-18,147],[-33,62],[9,29],[32,15],[-1,39],[-21,36],[5,99],[17,95],[-13,131],[-12,31],[-3,189],[-30,77],[-12,138],[-40,149],[-10,68],[0,58],[-10,120],[-10,0],[5,-94],[0,-168],[-5,-91],[-10,2],[-17,161],[6,104],[-5,102],[1,95],[-29,128],[-30,227],[-22,150],[4,160],[-4,58],[-15,48],[-2,77],[12,49],[-15,247],[-9,101],[-27,66],[-7,45],[13,35],[9,117],[-7,44],[3,110],[-16,31],[-61,-6],[-42,230],[-16,201],[-24,92],[-47,94],[-14,-138],[19,-111],[-18,-140],[-14,-83],[-32,-86],[-23,-49],[-27,-22],[-34,-4],[-42,61],[21,-90],[-10,-53],[-23,-30],[-28,3],[-3,-26],[-29,-72],[-22,16],[-38,-67],[-17,-75],[-2,-43],[-46,-131],[-35,-62],[-28,10],[-2,118],[-19,-20],[1,-55],[-27,28],[-13,83],[-10,-95],[-22,-40],[-31,21],[-2,152],[-32,-95],[-19,-7],[-27,78],[25,72],[10,93],[-12,107],[-35,-61],[-3,-53],[-21,-82],[-29,-58],[-21,-19],[-14,50],[9,232],[22,124],[9,22],[17,177],[-3,32],[17,88],[19,149],[-4,31],[11,72],[6,134],[11,32],[-32,206],[-8,122],[6,44],[-29,215],[-12,24],[-24,99],[-4,147],[-28,88],[-5,-36],[-23,26],[-3,37],[8,111],[-8,65],[-22,7],[-21,74],[29,77],[2,68],[-21,14],[-49,105],[-13,70],[-24,-2],[0,50],[17,65],[-29,12],[-18,51],[-22,7],[-11,49],[-58,9],[3,-68],[-20,-6],[-33,88],[9,50],[-7,45],[-28,-63],[-33,61],[5,37],[29,49],[-27,120],[-25,73],[8,-112],[-6,-115],[-26,131],[-33,114],[-33,57],[-27,175],[-6,83]],[[75628,55354],[1,-102],[12,-58]],[[75641,55194],[6,-41]],[[75647,55153],[-9,-10],[-26,124],[-44,167],[1,63],[-27,142]],[[75542,55639],[5,12]],[[75547,55651],[9,21]],[[75556,55672],[9,100]],[[75565,55772],[1,18]],[[75566,55790],[-16,-7],[-10,60],[-13,29],[4,64]],[[75531,55936],[-3,43]],[[75528,55979],[-15,134]],[[75513,56113],[-22,108],[-3,68],[-15,91]],[[75473,56380],[-10,41]],[[75463,56421],[-3,12]],[[75460,56433],[-32,107],[-24,63],[-56,-98]],[[75348,56505],[1,-20]],[[75349,56485],[-8,-29]],[[75341,56456],[-31,-6]],[[75310,56450],[-21,10],[-22,-15],[-37,85],[-14,52],[-16,117],[-27,97],[4,101],[-5,89],[-8,37],[3,67]],[[75167,57090],[10,14]],[[75177,57104],[15,-6]],[[75192,57098],[6,20]],[[75198,57118],[-14,8]],[[75184,57126],[-5,-7]],[[75179,57119],[-13,-11],[-11,68],[-20,-19]],[[75135,57157],[5,-7]],[[75140,57150],[20,-10],[-9,-110],[-17,9]],[[75134,57039],[-24,12]],[[75110,57051],[-7,4]],[[75103,57055],[15,-67]],[[75118,56988],[12,-14]],[[75130,56974],[8,-5]],[[75138,56969],[19,-7],[13,-72]],[[75170,56890],[-5,-51]],[[75165,56839],[-5,-20]],[[75160,56819],[-6,-12]],[[75154,56807],[-29,-6],[8,-73],[-4,-61],[-12,-79],[20,-54],[29,-160]],[[75166,56374],[-3,-29]],[[75163,56345],[8,-44],[-4,-69],[-12,-49]],[[75155,56183],[-9,-14]],[[75146,56169],[-9,-11]],[[75137,56158],[-17,-71],[-12,20],[-14,-39],[-20,-144],[-19,-31],[-24,6]],[[75031,55899],[-25,37]],[[75006,55936],[2,58],[17,66],[27,54]],[[75052,56114],[8,7]],[[75060,56121],[-19,-2],[-28,-97],[-19,0]],[[74994,56022],[-6,-7]],[[74988,56015],[-13,65],[1,52],[-12,101],[16,82]],[[74980,56315],[4,10]],[[74984,56325],[-10,-10],[-19,-93],[8,-114],[-6,-87],[10,-62]],[[74967,55959],[-18,-43]],[[74949,55916],[-8,-6]],[[74941,55910],[-25,-31]],[[74916,55879],[-33,-59],[-17,71],[10,47]],[[74876,55938],[3,14]],[[74879,55952],[9,141]],[[74888,56093],[1,126]],[[74889,56219],[3,45]],[[74892,56264],[-10,-40]],[[74882,56224],[-4,-72]],[[74878,56152],[4,-16]],[[74882,56136],[1,-16]],[[74883,56120],[-26,-62],[8,-88]],[[74865,55970],[-15,-102]],[[74850,55868],[-25,-27],[3,116],[-8,53],[-16,-147],[-1,-66]],[[74803,55797],[-13,-20]],[[74790,55777],[-16,105]],[[74774,55882],[-10,-2]],[[74764,55880],[-14,17],[-7,63]],[[74743,55960],[3,48]],[[74746,56008],[0,37]],[[74746,56045],[-8,77]],[[74738,56122],[-1,6]],[[74737,56128],[1,-142],[-15,-21],[23,-178],[-22,-40],[-25,24],[-19,-4],[-20,-53],[-19,6],[-7,89],[3,112],[-3,65],[-17,21],[-18,-103],[19,-69],[-7,-81],[-18,-61],[-15,20],[12,74],[1,126],[-16,41],[0,-154],[-19,-65],[-27,19],[-14,-44],[-15,44],[-6,48],[7,83],[-14,61],[-3,58],[20,86],[-14,9],[-23,-51],[-33,-133],[-38,-83],[-41,-52],[-63,-29],[-35,-32],[-34,-9],[-38,-50],[-29,-70],[-23,-73],[-15,-92],[16,-132],[21,-110],[-19,-41],[13,-44],[24,-17],[-60,-98],[-23,-61],[-3,-44],[24,-6],[-26,-73],[-16,-28],[-45,-48],[-19,-138],[-12,-3],[-24,57],[-13,-27],[31,-41],[-23,-40],[-71,-57],[-106,-74],[-42,-45],[-6,35],[24,13],[7,74],[-11,33],[-21,16],[-61,-117],[-27,-99],[5,-70],[25,103],[16,-5],[-5,-65],[-30,-52],[-84,-181],[-25,-79],[-32,-127],[-17,-37],[-33,-111],[-40,-120],[-60,-163],[-16,-54],[-85,-92],[-53,-89],[-54,-179],[-42,-125],[-62,-76],[-35,-57],[-30,-26],[-45,-58],[-39,-64],[-50,-131],[-13,-78],[7,-37],[26,-21],[-6,-91],[-12,-88],[-29,-53],[-58,-74],[-75,-66],[-19,15],[-61,24],[-31,-1],[-20,-38],[-23,-178],[-4,-70],[-42,-93],[-31,27],[-17,-90],[-14,90],[-25,16],[-36,-16],[-63,-93],[-19,-52],[-14,-104],[-32,-155],[-13,-187],[17,-213],[24,-147],[-6,-149],[-13,-107],[7,-118],[27,-170],[-6,-93],[-21,34],[-17,-21],[-12,-49],[20,-87],[39,-24],[20,-48],[4,-41],[-7,-121],[-16,-158],[-2,-131],[-27,-215],[-82,-320],[-17,-141],[-15,-200],[9,-91],[13,-62],[7,-141],[-4,-146],[7,-401],[-2,-72],[-41,-14],[-88,38],[-19,-28],[-23,-70],[2,-119],[-59,-196],[-26,-105],[-10,-90],[28,-102],[32,-28],[-68,-30],[-125,-105],[-55,-103],[-15,-71],[-10,-177],[-3,-98],[-19,-83],[-18,-20],[-58,-102],[-50,-38],[-20,-51],[-66,44],[-20,34],[-63,133],[-44,135],[-48,164],[-26,69],[-54,291],[-20,155],[-6,131],[-11,160],[22,-95],[9,5],[6,-98],[-8,-82],[35,-21],[6,24],[-21,48],[-8,162],[-10,64],[-22,41],[-11,102],[-16,-17],[-5,73],[-23,157],[-44,251],[-17,162],[-40,277],[-9,54],[-19,22],[-25,165],[-42,115],[-28,106],[-23,2],[-18,142],[-29,146],[-46,245],[-11,76],[-40,474],[-1,73],[-14,155],[-34,154],[-13,143],[-21,146],[10,25],[-10,42],[-20,-15],[-9,114],[-13,42],[-35,36],[1,57],[-40,143],[-2,70],[-12,99],[-33,71],[-6,64],[-23,156],[-11,25],[-2,53],[-13,59],[-29,69],[-11,48],[-11,127],[-22,181],[9,19],[-13,67],[-17,283],[6,59],[-26,280],[-21,160],[-1,71],[-25,143],[-11,137],[-1,87],[-20,83],[2,73],[-14,102],[2,98],[24,40],[-9,47],[39,63],[-23,53],[-11,-13],[-30,-107],[-14,24],[14,72],[-2,88],[-14,46],[4,57],[-7,44],[-13,157],[-2,125],[-7,21],[-3,90],[9,45],[15,219],[19,67],[3,45],[15,49],[14,176],[-4,43],[-20,21],[1,160],[-13,43],[-23,-31],[-27,3],[1,32],[24,51],[-33,56],[-9,69],[19,86],[51,100],[-20,37],[-35,0],[-20,-15],[6,131],[-18,92],[5,80],[12,71],[14,17],[38,-30],[17,50],[21,-16],[7,41],[-36,-11],[-56,22],[-32,-42],[-22,18],[-3,34],[-35,-1],[21,-106],[-17,-97],[-33,-64],[6,-100],[23,-71],[11,-57],[-12,-95],[-40,-123],[1,-74],[-29,-50],[-58,-61],[-63,-54],[-25,-59],[-95,-96],[-48,-41],[-38,-5],[-84,85],[-69,111],[-72,157],[-63,202],[-39,96],[-26,42],[-33,81],[-57,126],[-32,83],[-42,134],[-6,55],[18,86],[18,26],[22,-55],[5,-67],[14,-27],[20,6],[114,89],[47,43],[46,66],[30,-10],[11,17],[38,178],[33,106],[17,10],[7,48],[-12,60],[-19,-26],[-6,-107],[-46,12],[-107,-73],[-44,-74],[-130,63],[-45,71],[-42,47],[-68,103],[-32,87],[-31,116],[-8,60],[2,68],[55,101],[1,43],[-45,-57],[-18,-37],[-15,-66],[-21,-4],[-31,21],[15,39],[0,74]],[[68943,57305],[-11,90]],[[68932,57395],[-4,-103]],[[68928,57292],[-25,-18]],[[68903,57274],[1,19]],[[68904,57293],[-30,42],[-26,68],[-4,-64],[-46,-15]],[[68798,57324],[-12,7]],[[68786,57331],[-19,49]],[[68767,57380],[-12,4]],[[68755,57384],[-5,11]],[[68750,57395],[10,32],[-21,93],[-32,9]],[[68707,57529],[-13,71]],[[68694,57600],[-3,30]],[[68691,57630],[-1,72]],[[68690,57702],[-3,78]],[[68687,57780],[-35,134],[0,27],[24,88],[-72,36],[-34,23]],[[68570,58088],[-32,-7]],[[68538,58081],[-8,-8]],[[68530,58073],[-16,-4],[14,161],[10,82],[-10,56],[-32,60],[-13,131],[-29,60],[-22,15]],[[68432,58634],[-30,-12]],[[76082,45105],[-24,-39],[-13,120],[-13,50],[-18,28],[-3,65],[8,47],[36,36],[19,-37],[17,-168],[-9,-102]],[[76035,45477],[-26,-56],[-11,43],[6,44],[17,16],[14,-47]],[[75960,45887],[-30,-10],[-12,32],[2,51],[18,13],[22,-86]],[[75973,54489],[3,-73],[-22,39],[-11,88],[8,15],[22,-69]],[[75549,55770],[-5,-88],[-19,-25],[-11,27],[-2,133],[6,36],[19,-10],[12,-73]],[[75789,54811],[-19,-4],[-3,100],[14,0],[8,-96]],[[74489,55899],[1,-62],[-10,-76],[-18,7],[-4,66],[12,75],[19,-10]],[[75290,56101],[8,303],[19,-75],[10,-86],[-12,-95],[-25,-47]],[[75157,56066],[-22,27],[27,52],[-5,-79]],[[75195,56527],[0,-9]],[[75195,56518],[25,-85]],[[75220,56433],[11,-26]],[[75231,56407],[12,-58],[-3,-85],[-13,-132],[-14,-47]],[[75213,56085],[-27,-60]],[[75186,56025],[-20,32],[8,102],[13,69],[2,89],[-11,115],[-24,38],[5,105],[28,19],[8,-67]],[[75418,56284],[-28,94],[9,104],[25,-86],[11,-78],[-17,-34]],[[75156,56598],[-6,0]],[[75150,56598],[1,-46]],[[75151,56552],[-7,-24]],[[75144,56528],[-18,57],[4,73],[47,2]],[[75177,56660],[6,-3]],[[75183,56657],[6,-8]],[[75189,56649],[-1,-33],[-32,-18]],[[77103,51890],[-15,1],[-15,56],[-5,91],[18,43],[29,-41],[-12,-150]],[[76072,54076],[-20,-2],[-41,151],[12,54],[14,-8],[64,-89],[-1,-46],[-28,-60]],[[76029,53779],[9,4],[5,-96],[-14,-49],[-18,9],[-29,69],[-13,69],[41,10],[19,-16]],[[76096,53931],[10,-84],[-12,-70],[-24,29],[-42,81],[-17,81],[-40,129],[-6,38],[20,49],[17,-19],[16,-76],[42,-47],[14,17],[22,-128]],[[76294,51815],[-21,-89],[-47,-103],[-9,78],[19,36],[41,137],[15,15],[2,-74]],[[75981,45990],[-14,-34],[-10,105],[9,54],[14,2],[-3,-75],[4,-52]],[[75775,46776],[-19,2],[-4,51],[14,42],[13,-38],[-4,-57]],[[77265,47313],[-11,28],[15,67],[22,34],[9,-35],[-30,-60],[-5,-34]],[[75692,47775],[-36,15],[-5,111],[2,64],[40,85],[8,-21],[14,-133],[-11,-80],[-12,-41]],[[77280,48086],[16,-92],[4,-71],[-14,-25],[2,97],[-24,70],[16,21]],[[77405,48796],[-46,-39],[-16,88],[23,-5],[39,-44]],[[75850,49731],[-5,-120],[-18,-33],[-14,28],[-15,-113],[-18,10],[-1,82],[7,93],[2,117],[13,38],[2,61],[14,57],[17,20],[15,-18],[6,-106],[-5,-116]],[[77332,49105],[-12,-34],[-14,10],[7,56],[-8,159],[18,22],[27,-60],[-1,-89],[-17,-64]],[[75805,49048],[-11,-91],[-15,-51],[-15,3],[10,77],[-8,47],[7,32],[32,-17]],[[77255,49042],[5,-99],[-29,49],[6,51],[18,-1]],[[75801,49484],[20,-23],[9,-111],[0,-132],[-16,-78],[-23,8],[12,-76],[-44,-6],[-6,77],[9,190],[-2,94],[22,58],[19,-1]],[[77248,49104],[-25,-61],[-19,43],[5,30],[34,24],[5,-36]],[[75743,48382],[-23,8],[9,87],[15,-9],[6,-71],[-7,-15]],[[77299,48468],[-30,-23],[29,249],[12,-51],[-9,-80],[-2,-95]],[[77360,48528],[-20,-4],[-14,87],[0,76],[42,11],[7,-19],[-2,-119],[-13,-32]],[[75765,48886],[10,-102],[-9,-220],[-11,-85],[-13,12],[-15,64],[-26,181],[7,46],[20,18],[7,125],[7,69],[26,-39],[-5,-49],[2,-20]],[[77041,60511],[-9,-97],[17,-69],[-5,-37],[-87,-137],[-32,-63],[-13,-45],[5,-103],[39,-122],[32,-114],[-28,-26],[-43,55],[-11,31],[-12,79],[-26,31],[-29,1],[-35,-46],[-20,2],[-65,-25],[-26,-28],[-24,-45],[-27,-99],[-30,-21],[-37,-75],[-19,-54],[-22,1],[-22,-81],[-84,-69],[-22,-101],[1,-118],[13,-125],[17,-51],[-30,-87],[-20,-154],[-31,-110],[-25,-57],[-30,-24],[-16,-46],[-13,-82],[-1,-57],[11,-28],[32,-34],[1,-65],[-39,-221],[-34,-103],[-44,-213],[-27,-198],[-21,-117],[-31,51],[-34,26],[-24,-14],[-16,46],[-38,12],[-10,-32],[-33,-1],[-18,75],[-20,-2],[-2,-66],[15,-95],[12,-177],[-7,-129],[-8,-47],[4,-91],[-10,-115],[-13,-39],[-46,22],[0,-68],[-13,-172],[8,-132],[16,-64],[6,-127],[-12,-55],[-30,12],[-16,-113],[-29,-25],[-24,69],[-26,33],[-8,-94],[-21,-30]],[[75722,56022],[5,-74],[-6,-61],[1,-116],[4,-118],[14,-126],[-22,-23],[-14,83],[-43,68],[-34,-42],[-15,-82],[2,-118],[14,-59]],[[68943,57305],[6,76],[18,49],[27,19],[102,3],[-1,234],[21,28],[30,-8],[14,-43],[27,22],[49,-11],[96,2],[35,-80],[82,0],[13,17],[14,78],[41,24],[42,48],[48,17],[-1,-105],[17,-26],[32,-6],[34,27],[13,63],[25,1],[24,41],[-29,33],[-6,100],[27,55],[-23,126],[-15,57],[-16,154],[-37,93],[-20,90],[0,173],[-5,43],[-78,-20],[-26,21],[-45,148],[-10,52],[2,74],[22,116],[4,199],[-21,46],[-20,6],[-58,-7],[-38,66],[-51,51],[-7,49],[7,131],[20,128],[31,75],[17,20],[31,71],[45,131],[26,167],[68,141],[31,20],[30,-31],[22,-58],[1,-58],[20,-82],[18,-14],[42,18],[74,81],[36,13],[72,9],[22,10],[57,51],[6,114],[20,69],[40,79],[20,55],[23,195],[28,81],[45,53],[49,68],[61,62],[11,73],[27,75],[50,221],[36,280],[51,54],[61,38],[37,47],[10,52],[-5,56],[-22,73],[35,85],[14,68],[37,66],[35,113],[69,105],[40,46],[-21,47],[-18,-34],[-10,71],[7,129],[24,77],[-26,135],[-14,52],[30,106],[20,35],[50,58],[24,46],[17,-19],[72,41],[35,87],[-16,68]],[[70923,63450],[35,8],[16,-22],[31,66],[19,-1],[66,183],[-7,78],[-30,94],[16,63],[29,-50],[39,93],[40,13],[6,59],[21,44],[55,34],[14,-36],[46,10],[62,-145],[58,-65],[48,-26],[31,15],[60,81],[9,2],[48,-153],[8,-63],[25,-87],[30,53],[38,33],[16,45],[17,-39],[-3,-52],[-26,-52],[-4,-35],[15,-30],[25,45]],[[75722,56022],[-5,60],[4,79],[-6,105],[-14,166],[-4,125],[-10,16],[-28,137],[-7,208],[10,41],[-17,123],[-10,170],[-32,32],[-30,-62],[-35,21],[7,-125],[-12,-46],[-21,-23],[-22,-112],[14,-118],[-26,-69],[-31,-36],[-18,40],[-20,158],[-27,0],[8,-90],[-20,21],[-15,179],[-33,186],[-1,68],[16,22],[10,60],[-4,45],[9,48],[31,98],[59,-6],[44,41],[36,-2],[14,94],[51,78],[6,95],[14,29],[27,247],[29,-41],[28,20],[-19,65],[-3,38],[-22,43],[-60,65],[-21,12],[-81,-14],[-13,-11],[-61,-9],[-61,48],[-53,-10],[-29,-22],[-35,-10],[-87,19],[-40,-15],[-60,43],[-71,69],[-17,-15],[-10,56],[10,107],[3,95],[-15,126],[11,60],[-5,67],[-27,113],[-13,3],[-23,49],[-11,-54],[11,-60],[-27,-46],[-45,8],[-25,35],[-37,81],[-14,149],[-34,41],[-10,-36],[37,-84],[-7,-29],[-45,4],[-34,38],[-15,91],[-30,33],[-55,83],[-11,-71],[40,-16],[12,-67],[-35,-30],[-13,-76],[-46,-50],[-25,-169],[4,-57],[15,-40],[31,19],[49,-106],[1,-50],[28,-61],[44,-12],[15,21],[18,-26],[-3,-55],[14,-52],[38,-31],[-19,-88],[-65,20],[-62,3],[-8,-8],[2,-82],[-18,-97],[-16,-51],[-17,14],[-16,45],[-22,-25],[7,-49],[-34,-117],[19,-118],[70,-78],[40,-68],[40,-17],[14,8],[14,-64],[-15,-49],[0,-48],[15,-29],[-5,-89],[-37,-43],[-10,-152],[5,-31],[56,-110],[-20,-100],[4,-46],[28,-4],[43,-26],[-30,-82],[-4,-89],[19,-71],[21,-427],[19,-60],[-4,-51]],[[74738,56122],[-1,6]],[[70923,63450],[-2,29],[-72,91],[-45,-12],[-44,6],[-15,27],[-8,58],[4,86],[-8,52],[-30,-19],[-47,18],[-10,29]],[[70646,63815],[10,41],[-6,81],[-45,42],[-45,101],[1,64],[18,21],[14,49],[13,99],[-18,58],[-30,38],[-6,75],[21,67],[22,2],[25,31],[17,64],[-14,33],[-44,6],[-28,-12],[-22,57],[32,80],[-13,70],[-34,13],[-15,58],[29,101],[9,69],[15,30],[46,18],[48,58],[32,-8],[69,-55],[123,-49],[30,1],[41,-51],[69,-38],[45,3],[25,52],[41,36],[35,-31],[18,18],[19,66],[42,46],[80,-20],[14,-40],[33,-7],[13,131],[31,119],[-4,53],[54,79],[148,195],[14,14]],[[75155,56183],[-9,-14]],[[75146,56169],[-9,-11]],[[75031,55899],[-25,37]],[[75052,56114],[8,7]],[[74994,56022],[-6,-7]],[[74980,56315],[4,10]],[[74967,55959],[-18,-43]],[[74949,55916],[-8,-6]],[[74941,55910],[-25,-31]],[[74876,55938],[3,14]],[[74888,56093],[1,126]],[[74892,56264],[-10,-40]],[[74878,56152],[4,-16]],[[74882,56136],[1,-16]],[[74865,55970],[-15,-102]],[[74803,55797],[-13,-20]],[[74774,55882],[-10,-2]],[[74743,55960],[3,48]],[[74746,56008],[0,37]],[[75641,55194],[6,-41]],[[75542,55639],[5,12]],[[75547,55651],[9,21]],[[75556,55672],[9,100]],[[75565,55772],[1,18]],[[75531,55936],[-3,43]],[[75528,55979],[-15,134]],[[75473,56380],[-10,41]],[[75463,56421],[-3,12]],[[75348,56505],[1,-20]],[[75341,56456],[-31,-6]],[[75167,57090],[10,14]],[[75192,57098],[6,20]],[[75184,57126],[-5,-7]],[[75135,57157],[5,-7]],[[75134,57039],[-24,12]],[[75110,57051],[-7,4]],[[75118,56988],[12,-14]],[[75130,56974],[8,-5]],[[75170,56890],[-5,-51]],[[75160,56819],[-6,-12]],[[75166,56374],[-3,-29]],[[70455,66754],[39,-44],[16,-61],[-10,-30],[-64,-2],[-45,38],[-22,0],[-27,-28],[-30,8],[-16,-21],[-11,-107],[-27,-49],[-15,1],[-9,-63],[-44,-73],[-38,-29],[-12,-46],[17,-125],[-10,-70],[19,-62],[27,-8],[36,35],[20,-27],[32,-3],[24,21],[12,-116],[47,-69],[128,-65],[-18,-70],[-1,-126],[63,-32],[46,-64],[-10,-106],[-21,-62]],[[70551,65299],[-40,-24],[-40,-68],[-14,-113],[-40,-6],[-19,-22],[-12,-148],[25,-107],[12,-144],[19,-71],[-9,-180],[22,-73],[-16,-111],[1,-67],[22,-87],[-11,-46],[17,-35],[32,-35],[30,17],[24,-65],[41,-52],[51,-47]],[[68932,57395],[-4,-103]],[[68903,57274],[1,19]],[[68798,57324],[-12,7]],[[68767,57380],[-12,4]],[[68755,57384],[-5,11]],[[68707,57529],[-13,71]],[[68694,57600],[-3,30]],[[68690,57702],[-3,78]],[[68570,58088],[-32,-7]],[[68538,58081],[-8,-8]],[[68432,58634],[-30,-12]],[[68402,58622],[-6,-3]],[[68396,58619],[-10,-9]],[[68386,58610],[-7,-9]],[[68379,58601],[-6,-43]],[[68373,58558],[15,3]],[[68388,58561],[6,7]],[[68394,58568],[13,15]],[[68427,58496],[-17,15]],[[68410,58511],[-13,0]],[[68313,58489],[-41,-23]],[[68272,58466],[-33,-27]],[[68239,58439],[-21,8]],[[68218,58447],[-12,9]],[[68206,58456],[-22,12]],[[68037,58426],[-41,-1]],[[67996,58425],[-7,-2]],[[67977,58415],[-10,-18]],[[67962,58375],[-1,-16]],[[67972,58328],[-15,-19]],[[67950,58364],[-6,10]],[[67927,58388],[-9,-5]],[[67918,58383],[-33,1]],[[67806,58503],[10,-6]],[[67820,58513],[-10,6]],[[67810,58519],[-20,-7]],[[67772,58494],[9,-21]],[[67650,58442],[-7,-13]],[[67643,58429],[-13,-34]],[[67633,58371],[-14,-24]],[[67531,58375],[-8,-15]],[[67503,58348],[-7,0]],[[67496,58348],[-9,4]],[[67468,58361],[-14,8]],[[67444,58374],[-16,5]],[[67428,58379],[-40,3]],[[67388,58382],[-12,-3]],[[67368,58376],[-13,-6]],[[67355,58370],[-29,-46]],[[67289,58351],[-7,1]],[[67282,58352],[-14,-4]],[[67268,58348],[-9,-4]],[[67251,58340],[-7,-14]],[[67241,58311],[-16,-34]],[[67225,58277],[-18,2]],[[67207,58279],[-10,-5]],[[67120,58338],[-6,-3]],[[75195,56527],[0,-9]],[[75220,56433],[11,-26]],[[75213,56085],[-27,-60]],[[75151,56552],[-7,-24]],[[75177,56660],[6,-3]],[[75183,56657],[6,-8]],[[75156,56598],[-6,0]],[[72261,47252],[29,23],[27,-99],[16,-44],[74,-140],[37,-98],[13,-52],[33,-198],[17,-22],[55,-187],[-4,-61],[-20,-58],[36,-26],[16,47],[10,-24],[17,-205],[-9,-38],[9,-40],[27,-67],[26,-126],[25,-56],[1,-70],[18,-57],[-2,-78],[25,-41],[7,-84],[3,-202],[-17,-174],[-14,-105],[-33,-129],[-70,-135],[-25,-41],[-73,-63],[-63,-49],[-23,-45],[-44,-43],[-84,53],[-28,31],[-20,59],[-19,89],[-16,138],[-5,69],[-31,194],[-6,101],[7,30],[-7,208],[-13,244],[-2,102],[-19,179],[24,-13],[4,42],[0,149],[15,209],[13,18],[7,50],[3,76],[-9,144],[34,56],[23,170],[-8,115],[28,43],[-30,86],[42,-43],[10,-22],[55,-8],[-3,31],[-22,0],[-55,84],[-18,-35],[-49,70],[-5,53],[27,34],[33,-19]],[[70322,45081],[-5,-29],[-3,-2],[8,31]],[[78453,48807],[-33,2]],[[78420,48809],[-7,13],[-10,112],[6,13]],[[78409,48947],[7,-4]],[[78416,48943],[19,-43]],[[78435,48900],[2,-8]],[[78437,48892],[10,-39]],[[78447,48853],[2,-7]],[[78449,48846],[4,-39]],[[77773,47097],[26,9]],[[77799,47106],[-3,-85],[-13,-35],[-22,0],[-3,90],[15,21]],[[78496,48528],[-16,27],[-1,64],[22,3],[-5,-94]],[[78585,48655],[-29,96],[-11,111]],[[78545,48862],[-34,104],[-24,20],[-9,-62],[-52,57]],[[78426,48981],[-5,70]],[[78421,49051],[-15,4]],[[78406,49055],[-6,6]],[[78400,49061],[-49,129],[-2,58],[-31,-30],[-15,34]],[[78303,49252],[-7,28]],[[78296,49280],[-2,22],[-29,46],[-29,-39]],[[78236,49309],[-24,-14]],[[78212,49295],[-51,-16]],[[78161,49279],[-13,14]],[[78148,49293],[-6,6]],[[78142,49299],[-6,5]],[[78136,49304],[-59,22],[-29,-24],[-1,-27]],[[78047,49275],[-11,5]],[[78036,49280],[-26,65],[8,48],[15,156],[-6,63],[12,90],[-8,68],[20,66]],[[78051,49836],[-3,57]],[[78048,49893],[-43,14]],[[78005,49907],[-17,8]],[[77988,49915],[-56,12]],[[77932,49927],[-25,-13]],[[77907,49914],[-11,-3]],[[77896,49911],[-8,0]],[[77888,49911],[-18,-4]],[[77870,49907],[-31,-10],[-46,-38],[-28,-90],[12,-57],[16,-32]],[[77793,49680],[4,-13]],[[77797,49667],[9,-75]],[[77806,49592],[-3,-15]],[[77803,49577],[-5,-12]],[[77798,49565],[-8,-37],[-21,-153],[-3,-88],[4,-115],[9,-84],[4,-108],[-14,-75],[-29,-77],[-9,-41]],[[77731,48787],[-2,-17]],[[77729,48770],[-1,-84]],[[77728,48686],[-12,-38]],[[77716,48648],[-12,-30]],[[77704,48618],[-27,-127]],[[77677,48491],[-41,-287],[6,-54],[-4,-82]],[[77638,48068],[-5,-29]],[[77633,48039],[-18,-87],[-26,-80],[-23,-94],[0,-43]],[[77566,47735],[-13,-66]],[[77553,47669],[-12,-5]],[[77541,47664],[12,-118],[-12,-84],[5,-169],[-7,-42],[9,-107],[35,-185],[-20,-34],[11,-85],[28,-12]],[[77602,46828],[21,-7]],[[77623,46821],[9,5]],[[77632,46826],[5,9]],[[77637,46835],[23,41],[36,35],[25,-1]],[[77721,46910],[13,-12]],[[77734,46898],[7,-52]],[[77741,46846],[13,-184],[10,-233],[9,-53],[18,-39],[15,-76],[16,-24]],[[77822,46237],[7,13]],[[77829,46250],[-2,50],[-12,36]],[[77815,46336],[10,-9]],[[77825,46327],[12,-38]],[[77837,46289],[6,-34]],[[77843,46255],[9,-68],[7,-145],[9,-91]],[[77868,45951],[3,-33]],[[77871,45918],[6,-58]],[[77877,45860],[4,-41]],[[77881,45819],[16,-216]],[[77897,45603],[8,-65]],[[77905,45538],[30,-156]],[[77935,45382],[-7,4]],[[77928,45386],[-29,63],[-17,187],[-24,169],[-23,-2],[-16,-36],[0,-73],[9,-80],[23,-98],[28,-37]],[[77879,45479],[3,-14]],[[77882,45465],[4,-72],[9,-36],[21,-17]],[[77916,45340],[11,-2]],[[77927,45338],[21,33]],[[77948,45371],[8,-20]],[[77956,45351],[32,-119]],[[77988,45232],[5,-10]],[[77993,45222],[7,-10]],[[78000,45212],[32,-29]],[[78032,45183],[21,-35]],[[78053,45148],[9,-14]],[[78062,45134],[12,7]],[[78074,45141],[19,1]],[[78093,45142],[61,12],[-6,42],[58,-62],[67,-267]],[[78273,44867],[7,-16]],[[78280,44851],[58,-122]],[[78338,44729],[8,-14]],[[78346,44715],[13,-21]],[[78359,44694],[20,-31]],[[78379,44663],[5,9]],[[78384,44672],[10,9]],[[78394,44681],[26,-21],[27,-85],[21,-121]],[[78468,44454],[4,-15]],[[78472,44439],[10,-21]],[[78482,44418],[30,-64]],[[78512,44354],[5,-24]],[[78517,44330],[49,-101]],[[78566,44229],[33,-38],[22,-43],[23,-72],[30,-123],[14,-86],[36,-164],[9,-67],[3,-202]],[[78736,43434],[3,-53]],[[78739,43381],[4,-26]],[[78743,43355],[2,-68]],[[78745,43287],[-5,-33]],[[78740,43254],[-5,-33]],[[78735,43221],[-31,-6],[-4,-63],[5,-114],[-10,-13],[-15,74],[-23,15],[-18,43],[-30,12],[-18,27],[4,86],[19,45],[6,48],[-46,54],[-5,57],[8,21],[-8,59],[-21,2],[-46,75],[-1,-63],[-25,-19],[-20,33],[-21,-4],[-20,-35],[-24,-18],[-21,56],[-47,41],[-8,-89],[-43,72],[-3,-88],[-33,-43],[-15,-2],[-19,36],[-20,-17]],[[78182,43503],[-27,63],[13,25],[6,105],[12,46],[-5,44],[12,74],[1,57],[19,77]],[[78213,43994],[-34,139],[-7,96],[-62,-9],[-68,8]],[[78042,44228],[-3,-70],[-11,-5],[-10,-102],[-30,-28],[-18,-84],[-25,-55],[-16,13]],[[77929,43897],[12,5],[-7,136],[-2,173],[-58,9]],[[77874,44220],[7,76],[0,99],[-10,149],[-24,130],[-22,56]],[[77825,44730],[-3,22]],[[77822,44752],[-10,74]],[[77812,44826],[-10,82]],[[77802,44908],[-9,-16]],[[77793,44892],[-23,79]],[[77770,44971],[-13,47]],[[77757,45018],[-22,65]],[[77735,45083],[-46,76],[1,165],[-28,22],[-14,67],[-40,48]],[[77608,45461],[-14,54]],[[77594,45515],[2,44],[-25,156],[-36,56]],[[77535,45771],[-6,-28]],[[77529,45743],[-19,9]],[[77510,45752],[-4,32]],[[77506,45784],[-2,47]],[[77504,45831],[5,56]],[[77509,45887],[-22,58]],[[77487,45945],[-20,28],[-12,-13]],[[77455,45960],[-19,16]],[[77436,45976],[-7,30]],[[77429,46006],[-1,14]],[[77428,46020],[-1,102],[-12,60],[-21,-15],[-1,71],[-40,-42],[-5,-32]],[[77348,46164],[3,-39]],[[77351,46125],[-8,-56]],[[77343,46069],[-14,-7]],[[77329,46062],[-31,98],[-13,106]],[[77285,46266],[-8,77]],[[77277,46343],[-2,18]],[[77275,46361],[3,23]],[[77278,46384],[6,19],[10,174],[22,113],[3,75],[-6,67],[16,83],[18,162],[31,133]],[[77378,47210],[-6,52]],[[77372,47262],[1,52]],[[77373,47314],[8,22]],[[77381,47336],[34,188],[13,128]],[[77923,55174],[57,-159],[29,-31],[63,6],[49,-13],[63,13],[89,-6],[49,18],[46,51],[17,-26],[29,7],[89,0],[55,24],[26,-80],[40,-189],[8,-68],[51,-208],[22,-75],[31,-140],[51,-144],[15,-26],[52,-29]],[[78854,54099],[36,-55],[15,4],[32,-35],[29,-57],[69,-100],[12,-50],[48,-76],[100,-72],[25,-43],[-22,-86],[-2,-57],[21,-75],[40,-102],[20,-25],[29,8],[34,-130],[15,-125],[20,-103],[22,-22],[58,-168],[31,-73],[52,-98],[22,-75],[6,-52],[32,-35]],[[79598,52397],[1,-192],[35,-157],[20,-28],[24,81],[14,-10],[25,-130],[45,-54],[13,-73],[40,-76],[34,18],[5,-40],[-21,-77],[-41,-43],[-14,1],[-6,-68],[22,-84],[44,-104],[27,-25],[50,-143],[-23,-149],[-40,-24],[3,-42],[16,-38],[3,-153]],[[79874,50787],[-21,-47],[-35,-33],[-64,-137],[-74,-72],[-27,76],[-35,40],[-26,95],[-17,-24],[-18,-76],[-24,-7],[-19,29],[-9,-77],[-61,-11],[9,-93],[37,-112],[-15,-98],[-56,-14]],[[79419,50226],[5,-25],[-10,-141],[-6,-39],[7,-176],[0,-64],[-19,-37],[-52,-47],[-33,-9],[-28,19],[-55,97],[-15,44],[-19,134],[-34,102],[-22,94],[-37,35],[-52,0],[-38,-72],[-36,-123],[-13,-75],[-13,-33]],[[78949,49910],[5,-89]],[[78954,49821],[-60,-203],[-24,-57]],[[78870,49561],[-33,-89],[-43,-82],[-8,2]],[[78786,49392],[-22,-55],[-28,-33],[-40,-20],[-10,-35]],[[78686,49249],[-36,-129],[-38,-225],[-8,-75],[37,-92],[40,-124],[25,-127],[12,-98],[-8,-83],[-30,-151],[-28,-114]],[[78652,48031],[-15,43],[6,128],[-7,66],[2,104],[-20,139],[-14,-9],[3,125],[-23,55]],[[78584,48682],[1,-27]],[[77741,44731],[-36,-28]],[[77705,44703],[-24,84],[-3,35],[29,-5]],[[77707,44817],[13,3]],[[77720,44820],[16,38]],[[77736,44858],[18,-55],[2,-39],[-15,-33]],[[77693,44947],[1,-33]],[[77694,44914],[-11,-33],[-18,64],[18,85],[10,-83]],[[77333,45921],[10,-50]],[[77343,45871],[-36,-83]],[[77307,45788],[-6,19],[-4,100],[3,188],[10,-6]],[[77310,46089],[4,-9]],[[77314,46080],[1,-22]],[[77315,46058],[16,-36],[2,-74]],[[77333,45948],[0,-27]],[[77381,45901],[-12,123],[22,-24],[-10,-99]],[[77802,54846],[21,-40],[26,67],[17,4],[16,-39],[11,-71],[43,-105],[-18,-154],[-27,-77],[10,-103],[12,-65],[26,-32],[16,41],[37,-46],[38,96],[34,0],[15,-21],[38,3],[15,-20],[-4,-67],[-13,-9],[-4,-77],[24,-178],[18,-45],[-28,-107],[-4,-111],[8,-41],[-24,-89],[-21,-30],[-13,-55],[9,-44],[18,-26],[6,-122],[-2,-63],[-16,-94],[-23,-43],[-11,-66],[0,-53],[-19,-117],[31,-20],[35,-58],[42,118],[75,124],[-1,45],[31,33],[27,114],[35,-20],[38,112],[11,16],[26,-17],[33,-103],[34,-47],[34,-8],[16,-17],[2,-44],[20,-48],[13,46],[36,66],[24,22],[20,-19],[14,36],[1,67],[19,31],[33,79],[-4,65],[16,38],[27,12],[30,-10],[93,-79],[37,11],[27,-91],[8,-65],[32,-87],[14,-89],[19,-28],[35,-127],[50,-66],[22,-39],[20,-69],[6,-119],[-4,-79],[-15,-68],[-1,-47],[7,-203],[-5,-120],[77,-214],[5,-67],[10,-28],[30,-27],[34,-13],[21,-35],[-11,-46],[15,-86],[12,-33],[18,4],[27,-33],[8,-37],[-9,-169],[-18,-28],[-17,-159],[-1,-46],[33,-79],[-7,-84],[-14,-49],[6,-181],[-26,-82],[-40,-58],[-23,-17]],[[79226,50528],[-2,-41],[20,-80],[26,-51],[18,6],[33,38],[49,-41],[16,-56],[33,-77]],[[78435,48900],[2,-8]],[[78447,48853],[2,-7]],[[78453,48807],[-33,2]],[[78409,48947],[7,-4]],[[78545,48862],[23,-137],[16,-43]],[[78584,48682],[1,-27]],[[77773,47097],[26,9]],[[78426,48981],[-5,70]],[[78406,49055],[-6,6]],[[78303,49252],[-7,28]],[[78236,49309],[-24,-14]],[[78212,49295],[-51,-16]],[[78148,49293],[-6,6]],[[78142,49299],[-6,5]],[[78047,49275],[-11,5]],[[78051,49836],[-3,57]],[[78005,49907],[-17,8]],[[77932,49927],[-25,-13]],[[77896,49911],[-8,0]],[[77888,49911],[-18,-4]],[[77793,49680],[4,-13]],[[77797,49667],[9,-75]],[[77806,49592],[-3,-15]],[[77803,49577],[-5,-12]],[[77731,48787],[-2,-17]],[[77729,48770],[-1,-84]],[[77716,48648],[-12,-30]],[[77704,48618],[-27,-127]],[[77638,48068],[-5,-29]],[[77566,47735],[-13,-66]],[[77553,47669],[-12,-5]],[[77602,46828],[21,-7]],[[77632,46826],[5,9]],[[77721,46910],[13,-12]],[[77734,46898],[7,-52]],[[77822,46237],[7,13]],[[77815,46336],[10,-9]],[[77837,46289],[6,-34]],[[77868,45951],[3,-33]],[[77877,45860],[4,-41]],[[77897,45603],[8,-65]],[[77935,45382],[-7,4]],[[77879,45479],[3,-14]],[[77916,45340],[11,-2]],[[77948,45371],[8,-20]],[[77988,45232],[5,-10]],[[77993,45222],[7,-10]],[[78000,45212],[32,-29]],[[78053,45148],[9,-14]],[[78074,45141],[19,1]],[[78273,44867],[7,-16]],[[78280,44851],[58,-122]],[[78338,44729],[8,-14]],[[78346,44715],[13,-21]],[[78379,44663],[5,9]],[[78384,44672],[10,9]],[[78468,44454],[4,-15]],[[78472,44439],[10,-21]],[[78512,44354],[5,-24]],[[78517,44330],[49,-101]],[[78736,43434],[3,-53]],[[78739,43381],[4,-26]],[[78745,43287],[-5,-33]],[[77825,44730],[-3,22]],[[77802,44908],[-9,-16]],[[77770,44971],[-13,47]],[[77757,45018],[-22,65]],[[77608,45461],[-14,54]],[[77535,45771],[-6,-28]],[[77510,45752],[-4,32]],[[77506,45784],[-2,47]],[[77504,45831],[5,56]],[[77509,45887],[-22,58]],[[77455,45960],[-19,16]],[[77436,45976],[-7,30]],[[77429,46006],[-1,14]],[[77348,46164],[3,-39]],[[77351,46125],[-8,-56]],[[77343,46069],[-14,-7]],[[77285,46266],[-8,77]],[[77277,46343],[-2,18]],[[77275,46361],[3,23]],[[77378,47210],[-6,52]],[[77372,47262],[1,52]],[[77373,47314],[8,22]],[[79226,50528],[-19,-69],[-30,-8],[-11,72]],[[79166,50523],[-36,-68],[-71,12],[-69,32],[-46,30],[-3,-22],[3,-197],[1,-351],[4,-49]],[[78954,49821],[-1,-200],[-11,-54],[-72,-6]],[[78870,49561],[-38,-4],[-46,-165]],[[78686,49249],[-67,-34],[-15,6],[-24,-58],[-29,-17]],[[78551,49146],[-11,-37],[-8,-149],[13,-98]],[[77707,44817],[13,3]],[[77720,44820],[16,38]],[[77741,44731],[-36,-28]],[[77693,44947],[1,-33]],[[77310,46089],[4,-9]],[[77314,46080],[1,-22]],[[77333,45948],[0,-27]],[[77343,45871],[-36,-83]],[[79166,50523],[-10,40],[-43,38],[-46,-13],[-17,-43],[-30,-9],[-53,37],[-45,-17],[-21,-21],[-35,-12],[-55,37],[-18,41],[-26,-17],[-26,-36],[-55,-14],[-36,-27],[-55,-93],[-12,-108],[-26,-59],[-24,-137],[-43,-60],[9,-48],[-16,-32],[-46,3],[-4,-56],[-4,-154],[13,-87],[27,-133],[12,-128],[-8,-82],[36,-59],[40,-108],[2,-20]],[[78359,44694],[-1,-59],[-39,-128],[-2,-79],[-33,-90],[-22,34],[-14,-18]],[[78248,44354],[-10,63],[-25,46],[-72,-78],[-24,-98],[-23,-27],[-39,103]],[[78055,44363],[12,90],[14,16],[7,48],[-6,93],[4,94],[-29,14],[-16,-21],[-27,3],[-7,132],[-21,54],[-27,-39],[-61,48],[-28,51],[-10,82],[-25,7],[-10,-63],[6,-34],[-7,-75],[-12,-37]],[[79012,47706],[-30,53]],[[78982,47759],[-17,34]],[[78965,47793],[-7,16]],[[78958,47809],[-24,-3]],[[78934,47806],[-20,-10],[-45,29]],[[78869,47825],[-29,-31]],[[78840,47794],[-25,-36],[-28,-4],[-32,83],[-1,24]],[[78754,47861],[11,54]],[[78765,47915],[30,31]],[[78795,47946],[3,32]],[[78798,47978],[5,8]],[[78803,47986],[5,72],[-12,83],[-31,92],[-23,-17]],[[78742,48216],[-6,-26]],[[78736,48190],[-5,-55]],[[78731,48135],[-6,-54]],[[78725,48081],[-18,-43]],[[78707,48038],[-48,-14]],[[78659,48024],[-7,7]],[[79874,50787],[-4,-112],[-17,-85],[-18,-8],[-9,-60],[2,-70],[-11,-80],[7,-78],[29,-64],[-3,-99],[46,-184],[1,-118],[-41,-254],[8,-104],[14,-47],[9,-185],[-13,-140],[-33,-76],[-21,56],[-53,-42],[-31,-96],[-22,-42],[-18,-12],[-33,6],[-25,-79],[-71,14],[5,-70],[-7,-66],[6,-92],[-45,15],[-8,22],[-62,42],[-22,-91],[-31,9],[-10,-49],[17,-32],[6,-82],[-8,-99],[21,-68],[67,-107],[6,-60],[-16,-1],[14,-143],[-34,23],[-33,58],[-29,24],[-23,75],[-39,-37],[-30,-16],[-26,13],[-20,-61],[-18,-3],[-29,22],[-25,34],[-17,-52],[15,-121],[-39,-59],[-29,-79],[-71,8],[-13,-49],[-28,-30]],[[78982,47759],[-17,34]],[[78958,47809],[-24,-3]],[[78869,47825],[-29,-31]],[[78754,47861],[11,54]],[[78795,47946],[3,32]],[[78798,47978],[5,8]],[[78742,48216],[-6,-26]],[[78736,48190],[-5,-55]],[[78731,48135],[-6,-54]],[[78707,48038],[-48,-14]],[[78659,48024],[-7,7]],[[78373,56316],[11,-65],[66,-133],[22,-107],[28,-28],[12,-54],[8,-140],[22,9],[60,53],[5,-123],[-27,-78],[4,-60],[-5,-94],[14,-63],[29,-85],[21,-110],[18,-35],[67,-36],[50,-39],[23,-58],[14,8],[12,82],[21,49],[69,89],[63,-71],[22,-71],[26,-48],[38,-43],[-3,-24],[-32,-73],[-17,-9],[-9,-58],[28,-13],[26,7],[28,-74],[36,-63],[26,-30],[13,-62],[-2,-68],[-22,-22],[-31,-58],[17,-34],[-5,-41],[-32,-29],[-20,-94],[-35,-8],[-26,46],[-50,25],[-44,-29],[-10,-47],[14,-29],[1,-57],[-17,-44],[-20,-19],[-26,-59]],[[78910,47561],[-15,-102],[-21,118],[-23,44],[-6,47],[47,50],[18,-49],[0,-108]],[[79758,52446],[10,-61]],[[79768,52385],[7,-38],[42,-61],[35,-72],[-6,-37],[40,-41],[30,-48],[33,-95],[-2,-51],[20,-24],[24,40],[22,-16],[10,-45],[29,-36],[-14,-51],[17,-92],[19,25],[10,-62],[33,-102],[56,-233],[37,-63],[20,19],[14,-101],[4,-107],[9,-95],[23,-130],[19,-69],[0,-126],[12,-103],[23,-121],[2,-84],[12,-70],[14,-114],[-1,-81],[-23,46],[10,-188],[-7,-105],[23,-216],[42,-150],[-66,-157],[-8,-36],[2,-62],[39,-108],[-12,-36],[-23,61],[-20,1],[19,-78],[-3,-161],[6,-118],[-24,-30],[-5,-33],[27,-66],[-11,-91],[-13,-45],[-27,8],[-4,-46],[0,-109],[-17,-37],[-26,17],[-16,-13],[-40,-92],[-23,-5],[-26,-62],[-68,-106],[-30,-16],[-17,-30],[-21,-130],[-32,9],[-36,-56],[-47,-48],[-19,-49],[-21,-27],[-31,-15],[-18,-50],[-26,72],[-33,14],[-10,31],[-16,-22],[-4,61],[-18,38],[-32,25],[2,-65],[-10,-28],[0,-28],[-20,-15],[-20,-44],[39,29],[16,-58],[-2,-79],[-36,0],[-44,15],[-2,-19],[58,-47],[27,-37],[-4,-54],[-36,-81],[7,-92],[-19,-22],[-33,76],[-10,-29],[33,-97],[3,-56],[-21,-82],[-30,-13],[-45,77],[-45,106],[-27,90],[-16,-2],[39,-107],[35,-145],[7,-41],[-4,-96],[-56,-46],[-42,-45],[-86,-81],[-35,-94],[-15,-109],[-13,-51],[-51,-108],[-72,-48],[-34,33],[42,64],[7,78],[-27,-24],[-6,17],[8,379],[3,174],[6,94],[11,85],[39,84],[19,13],[-15,64],[-20,51],[-24,-7],[-26,81],[-22,18],[-31,-46],[-8,73],[-24,85],[-14,25]],[[79997,55706],[20,-41],[-37,-34],[-4,58],[-17,4],[-72,-167],[-32,-2],[-18,26],[-14,-44],[5,-94],[-9,-91],[-33,-10],[-22,-50],[-22,18],[-27,-3],[-26,-31],[-26,89],[-40,-5]],[[79623,55329],[9,-47],[22,-15],[-9,-96],[14,-72],[-42,-78],[-16,-219],[-17,-44],[-45,-49],[-38,-107],[-36,-34],[-14,21],[-19,-49],[-13,-93],[-29,-138],[3,-26],[-9,-120],[6,-89],[-18,-35],[-37,-160],[8,-81],[16,-25],[17,-66],[35,-191],[48,-132],[16,-33],[39,-40],[53,-127],[18,-59],[-15,-60],[-8,-94],[19,-36],[41,-162],[31,-89],[52,-102],[49,-86],[4,-50]],[[79673,47848],[13,-85],[-6,-70],[-19,30],[-8,34],[-1,47],[21,44]],[[79741,55120],[-6,-18],[-36,65],[-2,28],[34,16],[19,-40],[-9,-51]],[[79845,55484],[44,-17],[-55,-114],[-8,20],[19,111]],[[79758,52446],[-160,-49]],[[79758,52446],[10,-61]],[[78933,42156],[-10,49],[12,84],[14,-81],[-1,-46],[-15,-6]],[[77865,44046],[-8,-58]],[[77857,43988],[-23,12],[-5,137]],[[77829,44137],[17,3]],[[77846,44140],[20,-28],[-1,-66]],[[78735,43221],[-1,-16]],[[78734,43205],[-9,-11]],[[78725,43194],[-1,-86]],[[78724,43108],[1,-52]],[[78725,43056],[-21,-155],[9,-73],[30,-103]],[[78743,42725],[-6,-19]],[[78737,42706],[-4,-23]],[[78733,42683],[-4,-35]],[[78729,42648],[8,-152],[-7,-157],[6,-54],[19,-77],[35,-85]],[[78790,42123],[33,-26],[15,-36],[4,-42]],[[78842,42019],[-2,-30]],[[78840,41989],[20,-65],[22,-103],[22,-132],[16,-67],[39,-239],[11,-141]],[[78970,41242],[-5,-49]],[[78965,41193],[-18,-21]],[[78947,41172],[-30,21],[-16,71]],[[78901,41264],[9,25]],[[78910,41289],[-19,23]],[[78891,41312],[0,-53]],[[78891,41259],[-11,-31],[-35,39]],[[78845,41267],[-6,3]],[[78839,41270],[-39,-22]],[[78800,41248],[-47,-127],[-16,42],[-14,116],[-25,55]],[[78698,41334],[-8,10]],[[78690,41344],[-9,7]],[[78681,41351],[-11,11]],[[78670,41362],[-106,173],[-15,5]],[[78549,41540],[-16,-3]],[[78533,41537],[-6,7]],[[78527,41544],[-41,137],[-17,29]],[[78469,41710],[-16,19]],[[78453,41729],[-39,39]],[[78414,41768],[-29,29]],[[78385,41797],[-24,43],[-31,92]],[[78330,41932],[-39,54],[-23,82]],[[78268,42068],[-7,5]],[[78261,42073],[-6,-1]],[[78255,42072],[-48,46]],[[78207,42118],[-18,34],[-19,72],[-36,29],[-1,37]],[[78133,42290],[4,18]],[[78137,42308],[6,25]],[[78143,42333],[5,13]],[[78148,42346],[8,14]],[[78156,42360],[1,52],[-13,45],[-6,92],[-29,77],[-24,77],[-17,98]],[[78068,42801],[-5,17]],[[78063,42818],[-40,90]],[[78023,42908],[-21,31]],[[78002,42939],[4,20]],[[78006,42959],[5,14]],[[78011,42973],[-24,-1],[-15,34]],[[77972,43006],[-1,15]],[[77971,43021],[2,52]],[[77973,43073],[20,1],[25,27],[-49,96],[-19,5],[-14,128],[3,42],[3,254],[3,34],[-26,63],[-18,20],[-12,50]],[[77889,43793],[-6,38]],[[77883,43831],[-5,34]],[[77878,43865],[11,26]],[[77889,43891],[3,13]],[[77892,43904],[3,22]],[[77895,43926],[2,18]],[[77897,43944],[0,64],[-14,170],[-9,42]],[[78789,41161],[18,73],[27,13],[53,-49],[-10,-40],[-33,-45],[-54,33],[-1,15]],[[80947,41917],[-17,-3],[-13,62],[-2,160],[3,66],[12,-4],[9,-62],[-2,-133],[10,-86]],[[82701,43207],[-11,-1]],[[82690,43206],[-12,33],[12,33],[16,-1],[44,-61]],[[82750,43210],[-7,0]],[[82743,43210],[-11,-1]],[[82732,43209],[-31,-2]],[[82943,43545],[-19,-28],[-50,52],[36,12],[33,-36]],[[77865,44046],[-8,-58]],[[77829,44137],[17,3]],[[78734,43205],[-9,-11]],[[78724,43108],[1,-52]],[[78743,42725],[-6,-19]],[[78733,42683],[-4,-35]],[[78842,42019],[-2,-30]],[[78970,41242],[-5,-49]],[[78965,41193],[-18,-21]],[[78901,41264],[9,25]],[[78891,41312],[0,-53]],[[78845,41267],[-6,3]],[[78839,41270],[-39,-22]],[[78698,41334],[-8,10]],[[78681,41351],[-11,11]],[[78549,41540],[-16,-3]],[[78533,41537],[-6,7]],[[78453,41729],[-39,39]],[[78414,41768],[-29,29]],[[78268,42068],[-7,5]],[[78261,42073],[-6,-1]],[[78133,42290],[4,18]],[[78143,42333],[5,13]],[[78148,42346],[8,14]],[[78068,42801],[-5,17]],[[78063,42818],[-40,90]],[[78006,42959],[5,14]],[[77972,43006],[-1,15]],[[77971,43021],[2,52]],[[77889,43793],[-6,38]],[[77883,43831],[-5,34]],[[77878,43865],[11,26]],[[77892,43904],[3,22]],[[77895,43926],[2,18]],[[82664,43207],[-41,17],[-11,40],[-45,77],[-17,-14],[-70,11],[-25,-15],[-55,3],[-31,-7],[-20,-22],[-40,46],[-45,-2],[-28,-55],[-20,45],[-28,17],[-32,-88]],[[82156,43260],[-22,-50],[-19,-230],[-11,-104],[0,-86],[14,-95],[-16,-29],[-9,-66],[-5,-105],[-9,-109],[-30,-26],[-36,14],[-27,-64],[-10,-51],[-9,-171],[24,-6],[17,-70],[-64,-106],[-17,-52],[-36,-24],[-9,-70],[6,-67],[17,-13],[0,-94],[-22,-37],[-20,-68],[-10,-92],[-25,-141],[-20,1],[-32,44],[-46,-47],[-41,19],[-44,-19],[-37,-100],[-37,-56],[-20,41],[-36,4],[-32,55],[-60,48],[-19,77],[-22,28],[-26,7],[-57,-18],[-57,4],[-76,-85],[3,-53],[-22,-163],[-48,-13],[-28,-80],[-15,-19],[-41,31],[-25,-27],[-46,8],[-40,40],[-71,-33],[-26,-4],[-27,-73],[-30,-26],[-43,-16],[-24,34],[-36,72],[-39,128],[-23,13],[-31,65],[-18,85],[-30,44],[-43,107],[-1,64],[-28,92],[-5,53],[28,115]],[[80457,41695],[3,-110],[11,-39],[56,-100],[23,-28],[75,17],[23,67],[40,-126],[69,-57],[28,15],[41,-50],[24,-66],[26,-29],[45,-22],[-5,53],[-37,-7],[-30,46],[-15,65],[5,70],[11,24],[31,191],[9,85],[11,38],[22,-10],[8,42],[-50,-12],[2,83],[11,112],[6,8],[35,-65],[23,22],[-14,80],[12,150],[61,113],[44,20],[35,5],[40,18],[48,34],[117,71],[74,56],[16,22],[73,235],[39,148],[29,83],[42,90],[30,80],[41,144],[11,56],[8,85],[-8,88],[8,26],[46,-9]],[[81710,43507],[23,-43],[19,-67],[5,-72],[41,-96],[47,-129],[17,21],[28,68],[17,152],[-11,85],[-13,194],[20,43],[28,12],[18,55]],[[81949,43730],[3,-56]],[[81952,43674],[-1,-116]],[[81951,43558],[18,-175]],[[81969,43383],[5,-26],[59,-45],[7,35],[-20,59],[-3,69],[5,50],[-16,139],[-22,71]],[[81984,43735],[19,38],[32,-45],[14,13],[28,80],[14,14]],[[82091,43835],[9,34],[3,65],[-25,30],[-34,69],[5,60],[41,84],[62,2],[22,16],[18,74],[6,70],[34,60],[14,109],[6,108],[61,169],[45,86],[4,40],[37,111],[5,115],[29,121],[20,-40],[6,-137],[-21,-94],[6,-48],[17,14],[52,165],[-5,79],[16,41],[23,0],[22,-40],[0,-122],[14,-101],[42,-60],[29,-4],[33,-33],[18,-76],[-4,-89],[-32,-30],[-3,-31],[17,-64],[4,-66],[-11,-38],[40,-21],[30,27],[33,78],[18,-62],[14,-84],[-10,-32],[-43,0],[-4,-42],[11,-50],[47,3],[9,74],[28,25],[30,-13],[29,-35],[49,-88],[12,-34],[68,-116],[33,-18],[36,27],[25,-70],[-1,-87],[-14,-58],[-52,-62],[-33,-21],[-58,-60],[-43,10],[-38,52],[-20,0],[-37,-50],[-21,-78],[41,-124],[38,-63],[25,-67],[24,15],[14,-58],[-29,-63],[-38,-3],[-77,-42],[-36,-47],[-25,15],[-12,30],[-47,63],[-18,-15],[6,-66],[-16,-67]],[[82474,45411],[-7,32],[34,51],[3,-59],[-30,-24]],[[82524,45329],[-10,37],[4,77],[21,41],[22,13],[17,-24],[-9,-101],[-28,-7],[-17,-36]],[[78790,42123],[-16,-127],[-62,83],[-55,-50],[-57,65],[-43,139],[-23,24]],[[78534,42257],[-21,-133],[-4,-128],[-13,-37]],[[78496,41959],[-52,48],[-35,-17],[-18,23],[-34,-30],[-27,-51]],[[77889,43891],[40,6]],[[78042,44228],[11,57],[2,78]],[[78248,44354],[5,-56],[-9,-22],[5,-70],[-5,-35],[22,-12],[2,-94],[-20,-34],[-27,7],[-8,-44]],[[78469,41710],[14,210],[13,39]],[[82156,43260],[4,67],[-15,289],[-17,135],[-11,39],[-26,45]],[[81969,43383],[-18,175]],[[81952,43674],[9,-11],[20,39],[3,33]],[[81710,43507],[39,7],[61,68],[39,99],[71,121],[36,38],[16,-4],[-31,-100],[8,-6]],[[83403,43973],[-8,-77],[-48,41],[-19,-63],[-41,-30],[-4,61],[15,10],[43,60],[40,76],[22,-43],[0,-35]],[[83729,44491],[-40,-59],[-24,56],[-32,-44],[-43,0],[-14,22],[4,57],[35,57],[29,7],[37,-51],[38,-5],[10,-40]],[[83492,44703],[-26,6],[20,81],[14,13],[-8,-100]],[[83952,44999],[2,-49],[-21,-96],[-33,-33],[-20,-1],[-15,30],[-34,104],[15,59],[23,-8],[25,59],[15,1],[19,-51],[24,-15]],[[84910,45346],[8,35],[24,-46],[0,-140],[-9,-28],[-26,130],[3,49]],[[84138,45557],[21,-51],[-45,-57],[-8,43],[5,50],[27,15]],[[82516,45849],[-17,-19],[-11,68],[0,105],[30,16],[7,-123],[-9,-47]],[[82591,46102],[-17,11],[-1,65],[25,-9],[-7,-67]],[[84669,46762],[-10,-25],[-33,43],[-6,55],[22,33],[17,-35],[10,-71]],[[84353,46845],[9,-59],[-8,-23],[-32,-13],[-29,65],[35,47],[12,34],[13,-51]],[[84990,47092],[-18,31],[3,100],[13,-9],[9,-69],[-7,-53]],[[84900,45308],[-11,-34],[-16,2],[-16,-49],[-4,-59],[-21,-66],[-6,-57],[4,-91],[28,-24],[28,-63],[27,-159],[6,-62],[-2,-104],[-21,-112],[-25,-62],[-36,-157],[-33,11],[4,41],[-7,44],[-24,50],[-4,49],[22,59],[9,62],[-6,59],[-32,7],[-19,-164],[-36,-12],[-34,25],[-85,96],[-37,54],[-19,15],[-39,71],[-40,157],[5,81],[-7,141],[-24,59],[14,150],[16,71],[28,30],[31,138],[-9,39],[-18,-9],[-16,87],[-28,88],[-36,34],[-30,2],[-27,82],[-30,26],[-31,-27],[-2,-40],[9,-52],[-8,-43],[-18,-13],[-14,-42],[29,-74],[3,-52],[-13,-11],[-33,80],[3,42],[-20,6],[-15,-51],[-17,41],[22,63],[-21,87],[-24,-76],[0,-51],[-10,-70],[-32,8],[-11,-22],[-16,26],[2,211],[-46,6],[-21,-31],[-52,-187],[-8,-116],[-10,11],[-12,-156],[-18,-113],[-23,-43],[-41,43],[-17,91],[10,86],[29,93],[11,129],[14,42],[2,57],[-6,96],[32,135],[35,54],[130,58],[28,22],[19,37],[-2,157],[23,70],[33,12],[30,-14],[21,92],[5,62],[13,-8],[32,-70],[21,27],[19,-18],[24,-62],[16,-85],[8,-193],[-28,-70],[-30,-37],[3,-41],[23,37],[27,73],[48,62],[35,-8],[22,22],[10,44],[-3,40],[9,93],[12,64],[30,49],[39,-68],[38,-34],[11,27],[5,59],[-8,73],[8,66],[1,132],[30,33],[40,-79],[14,-56],[23,15],[34,101],[42,-9],[23,21],[7,42],[-7,154],[-34,267],[4,84],[10,30],[32,-33],[14,-93],[11,-20],[53,-46],[24,-39],[-6,-58],[41,-126],[22,21],[16,-13],[-6,-102],[18,-59],[21,-43],[8,-85],[-10,-44],[-59,-122],[16,-60],[23,18],[38,-7],[9,-55],[-13,-76],[-6,-89],[19,-24],[19,20],[-7,-87],[-21,-148],[7,-54],[18,-15],[27,-84],[12,-132],[-10,-80],[0,-142],[-28,-106],[-39,-47],[-10,-47],[18,-48],[-16,-27],[-7,77],[-14,17],[-13,-48],[26,-94],[-11,-83],[-3,-226],[-18,51],[-16,94],[-5,87],[8,65],[-6,79],[-27,56],[3,58],[-8,42],[-20,41],[-13,96],[4,68],[-13,12],[-44,-92],[-2,-104]],[[85031,47218],[-23,-2],[-24,64],[25,140],[10,19],[14,-130],[15,-48],[-17,-43]],[[84804,47347],[-12,-3],[-32,101],[-4,64],[25,-18],[19,-93],[4,-51]],[[84573,47444],[17,-2],[13,-46],[0,-76],[7,-90],[-27,-8],[-40,-91],[-25,-20],[-58,-8],[-28,10],[-27,26],[-19,71],[-2,79],[28,52],[44,59],[30,108],[62,-1],[25,-63]],[[84907,47279],[-24,-4],[11,52],[-2,37],[-31,86],[-7,42],[10,139],[31,100],[16,-48],[-8,-100],[3,-97],[10,-34],[3,-128],[-12,-45]],[[83299,47729],[-27,-4],[-7,76],[22,37],[45,-8],[-1,-49],[-32,-52]],[[84045,47710],[-12,-15],[-12,53],[12,78],[40,112],[13,-21],[5,-71],[-17,-104],[-29,-32]],[[84946,47899],[-14,-3],[-26,44],[13,49],[30,-66],[-3,-24]],[[84223,47390],[-15,-61],[-4,-50],[7,-90],[-15,-55],[23,-110],[31,-91],[-2,-89],[-14,-56],[-32,-73],[-32,-8],[-21,29],[-17,114],[-3,65],[-17,23],[-36,17],[-28,48],[-45,153],[-5,50],[16,178],[65,4],[37,52],[10,30],[0,161],[-8,78],[4,85],[21,47],[10,55],[3,84],[-3,65],[66,76],[87,-45],[16,-71],[0,-32],[-27,-199],[-26,-47],[-7,-42],[-6,-109],[-24,-158],[-9,-28]],[[84264,46982],[-16,51],[15,207],[14,106],[-7,49],[10,43],[27,66],[26,152],[17,43],[14,106],[42,181],[27,200],[-4,63],[17,67],[12,5],[-9,-114],[7,-79],[3,-95],[-6,-59],[-4,-294],[-16,-45],[-53,-72],[-37,-111],[-3,-92],[-7,-50],[-17,-50],[-19,-166],[-33,-112]],[[83196,48363],[15,-54],[-19,-194],[-3,-81],[8,-37],[24,-3],[2,-70],[31,-155],[-38,-75],[-35,-24],[-35,-46],[-19,-59],[-16,-128],[-13,-17],[-59,-38],[-19,5],[-34,-39],[-17,-116],[11,-79],[-28,-102],[-48,-151],[-35,-90],[-52,-23],[-27,-144],[-13,-49],[-31,-37],[-38,-97],[-33,-24],[-50,-112],[-22,-9],[-48,-117],[-6,4],[11,131],[11,68],[24,84],[28,60],[20,78],[40,115],[68,134],[34,-3],[27,68],[57,166],[26,88],[25,43],[25,77],[17,95],[37,133],[35,9],[19,77],[-9,41],[13,52],[43,-20],[42,124],[7,98],[-18,37],[-13,68],[10,60],[43,-136],[4,47],[-20,34],[-14,51],[-2,44],[19,28],[14,-10],[2,79],[-2,118],[14,86],[10,-63]],[[83293,48417],[-26,-7],[-14,51],[28,35],[17,-16],[-5,-63]],[[84605,48344],[17,-12],[34,31],[25,62],[27,-1],[7,-39],[0,-81],[15,-42],[2,-180],[-8,-55],[2,-91],[19,-25],[16,-70],[12,-122],[20,-46],[0,-82],[-38,-62],[-10,27],[-17,109],[-13,6],[3,-95],[12,-143],[-15,-2],[-59,112],[6,95],[-17,57],[2,44],[20,138],[-12,113],[-24,94],[-22,45],[-11,-60],[-19,-47],[-18,37],[-6,43],[1,191],[-15,54],[-17,156],[7,26],[61,-119],[13,-66]],[[84606,48461],[-27,-8],[-23,58],[-19,98],[24,22],[30,-21],[22,-93],[-7,-56]],[[84666,48507],[-9,21],[-13,96],[34,-77],[-12,-40]],[[83952,48695],[49,-74],[50,-125],[45,58],[23,5],[17,-51],[4,-76],[55,86],[17,9],[-6,-143],[-14,-93],[8,-51],[-49,-88],[-44,-41],[-16,-133],[-30,2],[-9,-57],[-29,-34],[-62,-19],[-44,-55],[-13,-61],[-24,-55],[-17,23],[14,78],[4,91],[-11,73],[13,106],[19,72],[-4,102],[1,112],[17,231],[-7,60],[-37,19],[-26,1],[11,101],[18,20],[30,-56],[47,-37]],[[83332,48605],[-15,4],[-3,60],[-19,124],[12,33],[31,-40],[14,-43],[-7,-103],[-13,-35]],[[83379,48926],[21,44],[25,-69],[2,-66],[-32,-5],[-16,31],[-19,-47],[-23,16],[-21,59],[-22,127],[3,49],[15,8],[47,-88],[20,-59]],[[84077,49062],[-11,-31],[-25,66],[-28,30],[3,62],[28,13],[30,-14],[10,-53],[-7,-73]],[[84693,48533],[26,29],[14,83],[-11,33],[-39,24],[-25,65],[-22,81],[-13,23],[-41,32],[-29,73],[-14,73],[-24,188],[110,-34],[60,21],[5,16],[43,-15],[30,30],[22,-37],[25,-79],[-6,-87],[26,-3],[32,-61],[-16,-74],[20,-34],[-19,-46],[-6,-63],[3,-55],[2,-170],[22,-101],[31,-71],[-29,-90],[2,-27],[34,4],[0,-43],[-26,8],[-30,-34],[-54,21],[-20,38],[-11,66],[-23,6],[-21,52],[-8,67],[-34,13],[-3,39],[17,39]],[[84410,48997],[9,-20],[37,-152],[8,-92],[2,-88],[-45,97],[-33,40],[-51,125],[-22,81],[-27,-4],[-52,-165],[-24,-47],[-6,22],[44,223],[-9,67],[-10,177],[3,15],[61,-65],[95,-196],[20,-18]],[[84388,49105],[-17,19],[-44,168],[15,33],[25,-49],[21,-171]],[[83902,48968],[-9,-60],[-14,39],[-13,115],[19,73],[6,60],[-3,79],[34,53],[6,-29],[-9,-159],[-17,-171]],[[84270,49356],[-16,19],[-79,182],[-23,25],[-5,56],[19,29],[12,-9],[29,-109],[21,-55],[42,-138]],[[83533,49904],[6,-8],[62,40],[7,-39],[22,-46],[31,11],[33,-52],[56,-143],[-6,-279],[14,-40],[7,-75],[-31,-71],[-17,-107],[-45,-89],[-28,11],[-11,67],[-27,60],[-17,76],[2,57],[-21,79],[-15,6],[-4,137],[-8,73],[-30,124],[-30,30],[-43,103],[-21,33],[3,40],[28,35],[83,-33]],[[83904,49732],[-18,-23],[-35,55],[-8,37],[-6,85],[16,63],[38,3],[27,-49],[12,-76],[-26,-95]],[[83411,50053],[-43,54],[-13,66],[19,1],[21,-26],[16,-46],[0,-49]],[[84523,50241],[18,-10],[18,-56],[1,-45],[-27,-173],[-17,30],[-15,-56],[-42,68],[-6,33],[16,33],[12,65],[4,92],[-6,96],[22,32],[21,-72],[1,-37]],[[83940,50288],[-17,6],[-38,64],[-20,55],[8,23],[50,-94],[17,-54]],[[83960,50843],[-2,-45],[-38,58],[27,27],[13,-40]],[[83902,51000],[-11,-12],[-11,-85],[14,-43],[3,-68],[-15,-50],[-17,-2],[-1,108],[-23,99],[3,74],[26,19],[32,-40]],[[83682,53564],[33,-53],[58,-79],[72,-68],[29,-14],[21,20],[26,58],[12,98],[20,3],[25,-99],[4,-75],[-22,-75],[-19,-37],[2,-83],[-14,-146],[6,-140],[24,-175],[25,-16],[23,-52],[1,-97],[28,-24],[-18,-158],[-44,-229],[-28,-94],[6,-54],[-8,-91],[-28,21],[-9,-36],[-30,-54],[-49,-50],[-11,2],[-52,-127],[5,-98],[19,-30],[-12,-56],[-29,-84],[-26,-102],[-7,-45],[15,-77],[15,-23],[33,-256],[25,-89],[-22,-20],[-1,-47],[18,-159],[13,-34],[11,-73],[-7,-47],[9,-32],[39,-82],[54,-62],[40,0],[15,26],[2,40],[-29,49],[-11,44],[25,69],[3,-80],[23,-9],[-4,55],[8,35],[31,71],[36,-19],[23,18],[24,-14],[25,-39],[49,-141],[15,-72],[-1,-63],[-10,-80],[21,-48],[38,27],[17,49],[-9,84],[-18,55],[31,61],[21,-76],[43,-50],[98,-88],[14,-56],[-46,-18],[-64,23],[-13,-68],[2,-48],[45,-86],[14,-79],[26,-47],[-17,-23],[-8,-50],[1,-70],[12,-11],[20,64],[33,-31],[24,-62],[13,45],[18,-38],[-18,-80],[9,-70],[-6,-103],[-12,-81],[-16,-16],[-18,17],[-26,69],[-11,127],[7,30],[19,-17],[23,19],[3,66],[-36,6],[-11,-54],[-36,-31],[-39,38],[-50,99],[-23,-26],[-9,77],[5,45],[-18,81],[-12,92],[-18,36],[-40,36],[-28,40],[-17,50],[9,29],[-24,74],[-60,108],[-10,-12],[-12,-154],[6,-43],[44,-160],[11,-142],[-33,-41],[-16,45],[-2,82],[-32,124],[-20,47],[-34,13],[-28,116],[-13,8],[-66,93],[-2,24],[-32,16],[-63,-90],[-24,-123],[-30,-50],[-27,36],[-35,13],[-3,67],[-32,14],[-3,60],[-11,32],[-45,16],[-26,-83],[-4,222],[-5,76],[12,35],[37,41],[37,88],[20,18],[5,52],[-17,89],[-26,63],[-43,7],[-37,39],[0,-74],[17,-145],[-2,-41],[-15,-28],[-44,30],[-4,45],[-16,69],[-36,89],[-28,26],[-9,76],[2,114],[-14,155],[-29,100],[-1,60],[14,27],[-13,72],[3,59],[-7,69],[5,28],[-15,88],[-24,-31],[-5,30],[1,153],[9,109],[27,51],[12,-9],[2,-101],[44,-98],[17,-51],[35,7],[24,34],[16,55],[-17,83],[-7,104],[-6,145],[15,159],[21,84],[2,49],[-7,105],[8,149],[-9,86],[-23,39],[8,84],[19,37],[5,66],[-2,76],[8,107],[11,80],[21,90],[2,40],[-9,84],[17,44],[29,-15],[39,60],[22,-34],[20,33],[27,13],[37,-44]],[[83855,53756],[-13,29],[13,80],[17,15],[13,-44],[-30,-80]],[[83761,54072],[-8,-17],[-26,28],[-14,51],[7,24],[37,-1],[4,-85]],[[83851,32576],[-35,3],[-13,26],[45,89],[18,17],[21,-17],[-5,-67],[-31,-51]],[[84279,32770],[-24,-2],[-3,47],[24,79],[15,19],[16,-29],[-28,-114]],[[83341,33457],[25,-67],[18,7],[14,-27],[7,-102],[20,-21],[34,32],[38,-82],[21,-106],[27,-31],[14,-36],[2,-80],[-27,-74],[-27,-28],[-37,-18],[-76,11],[-16,13],[-34,81],[-7,47],[-24,55],[-64,86],[-19,61],[-42,15],[-79,3],[-41,38],[-32,97],[28,92],[69,51],[27,-14],[74,25],[22,-28],[23,-3],[37,71],[25,-68]],[[84712,33706],[15,2]],[[84727,33708],[20,17],[19,-41]],[[84766,33684],[1,-29]],[[84767,33655],[-7,-30]],[[84760,33625],[-19,-12]],[[84741,33613],[-14,-1]],[[84727,33612],[-15,-38],[1,-38]],[[84713,33536],[14,-45]],[[84727,33491],[12,-22]],[[84739,33469],[17,-50]],[[84756,33419],[-24,-45],[-15,-45],[-3,-70],[-15,-27],[-74,-184],[-24,-41],[-21,-78],[-23,-40],[-79,-4],[-27,-71],[-25,-14],[-35,-57],[-55,4],[-35,39],[1,56],[12,35],[56,56],[6,43],[-16,17],[-34,5],[1,58],[24,66],[-1,147],[34,92],[53,115],[19,13]],[[84456,33489],[6,-45]],[[84462,33444],[15,-22]],[[84477,33422],[16,10]],[[84493,33432],[23,-6]],[[84516,33426],[9,-26]],[[84525,33400],[21,25],[22,105]],[[84568,33530],[4,71]],[[84572,33601],[39,16],[54,106],[43,46]],[[84708,33769],[-2,-42]],[[84706,33727],[6,-21]],[[82109,33875],[-24,22],[-11,32],[11,38],[16,3],[15,-61],[-7,-34]],[[83254,33889],[-30,5],[14,114],[17,-50],[-1,-69]],[[83182,34140],[11,-38],[19,-5],[-1,-72],[-20,13],[-15,-70],[6,-54],[-23,6],[11,212],[12,8]],[[84157,34041],[-15,42],[24,44],[43,16],[2,-33],[-26,-15],[-28,-54]],[[84244,34161],[-73,-3],[14,78],[24,41],[17,8],[35,-24],[-4,-76],[-13,-24]],[[82374,33895],[-1,-97],[-21,-1],[-7,53],[-17,-57],[-52,0],[-32,41],[-22,-27],[-40,54],[8,51],[23,-17],[29,32],[4,94],[-5,56],[9,83],[48,118],[28,26],[78,-58],[16,-35],[6,-43],[-16,-110],[-36,-163]],[[84378,34217],[-63,-172],[-45,-4],[-43,29],[39,87],[22,20],[8,46],[-17,34],[33,21],[10,-18],[-10,-57],[20,-19],[11,53],[43,84],[37,-35],[4,-22],[-49,-47]],[[84525,34225],[-40,-161],[-22,-13],[-15,87],[-30,-11],[16,69],[22,34],[17,-45],[40,131],[15,-23],[-3,-68]],[[85842,34283],[-7,-23],[-25,5],[-21,27],[13,31],[23,-4],[17,-36]],[[88576,34155],[-38,7],[-45,20],[-9,35],[45,104],[29,19],[27,-164],[-9,-21]],[[82654,34181],[-20,15],[-2,116],[21,34],[33,-5],[-32,-160]],[[83079,34264],[-20,42],[7,42],[23,-10],[1,-47],[-11,-27]],[[84630,34328],[51,-3],[66,13],[12,-50],[-3,-87],[-25,-17],[-120,-42],[-50,-29],[-24,39],[17,138],[21,65],[29,-1],[26,-26]],[[85511,34380],[30,-27],[40,0],[8,-26],[-26,-66],[-62,55],[-11,59],[21,5]],[[86339,34201],[11,80],[18,24],[29,87],[39,-31],[-9,-29],[-50,-50],[-38,-81]],[[82848,34204],[17,-21],[47,92],[46,-37],[10,-46],[31,45],[36,6],[20,-18],[14,-115],[-8,-83],[10,-43],[32,1],[-6,-72],[-49,-7],[-21,49],[-41,-17],[1,-41],[38,-8],[5,-50],[-23,0],[-23,32],[-29,-8],[-49,-38],[-16,19],[-6,43],[16,88],[-13,21],[-48,-134],[-21,-37],[-33,13],[-40,-58],[-47,13],[-49,-70],[-37,-25],[-45,23],[-26,-54],[-29,-14],[-67,49],[-17,44],[3,74],[11,37],[-4,111],[7,59],[15,41],[20,11],[41,58],[11,40],[21,14],[64,-71],[6,38],[33,-2],[4,-65],[50,-106],[25,-44],[14,7],[21,-32],[29,64],[37,-6],[19,17],[0,38],[-57,91],[-23,-10],[-46,76],[-34,96],[9,61],[18,24],[40,26],[42,-19],[17,-30],[10,-83],[17,-57]],[[84160,34347],[14,-108],[-13,-41],[-51,-62],[15,-93],[-5,-22],[-77,-54],[-13,-31],[-36,-26],[-56,13],[-76,-65],[-39,-46],[-56,54],[-49,11],[-4,-59],[-15,-30],[-31,22],[-55,-40],[-25,17],[-17,39],[-35,-1],[-23,19],[-17,34],[-43,3],[-31,-26],[-33,20],[-32,4],[-41,-38],[-13,0],[-23,54],[-4,132],[31,92],[49,49],[31,65],[19,25],[72,10],[38,-18],[26,-38],[47,-8],[32,-43],[68,-49],[34,-82],[30,-14],[15,27],[19,68],[69,-14],[43,36],[19,-64],[36,-71],[14,-9],[39,29],[15,82],[34,70],[46,26],[34,52],[15,57],[-16,15],[-27,-34],[-14,4],[16,83],[19,28],[31,-54]],[[82083,34324],[17,-26],[41,-105],[0,-31],[-26,-65],[-62,-67],[-27,-43],[-8,-41],[-26,-51],[-3,70],[-55,130],[-22,36],[-49,37],[-28,0],[-22,63],[-21,94],[-1,54],[14,7],[60,-36],[45,-35],[45,17],[29,71],[14,8],[46,-41],[39,-46]],[[86068,34487],[-23,-77],[-20,12],[-29,93],[1,66],[30,22],[33,-23],[12,-68],[-4,-25]],[[85201,34688],[16,-55],[-48,-24],[-29,-71],[-25,-37],[-83,34],[-53,-20],[-35,-75],[3,119],[44,139],[60,-45],[42,19],[20,45],[37,37],[23,8],[3,-30],[25,-44]],[[85403,34733],[-19,-32],[-11,22],[7,81],[32,-22],[-9,-49]],[[86425,34838],[-19,-34],[-21,22],[4,40],[47,13],[-11,-41]],[[88500,34269],[-42,-88],[-42,-35],[-33,25],[-87,15],[-62,-46],[-3,38],[26,175],[49,246],[32,123],[24,56],[37,62],[34,33],[63,32],[32,6],[29,-15],[32,-115],[22,-10],[9,-41],[-15,-112],[-19,-78],[-9,-113],[-27,-75],[-32,-18],[-18,-65]],[[83591,34968],[18,2],[3,-40],[-55,25],[0,28],[34,-15]],[[86594,35022],[-28,-31],[11,-165],[-14,-107],[-16,-54],[-48,-90],[-15,-66],[-1,-53],[-11,-24],[-54,22],[-7,95],[30,130],[-4,21],[17,119],[41,85],[20,62],[22,99],[32,23],[16,-20],[9,-46]],[[86644,35096],[15,-54],[-58,5],[-4,41],[47,8]],[[85737,35022],[-33,32],[3,41],[20,30],[22,-35],[-12,-68]],[[81782,35052],[-26,1],[-9,54],[20,19],[15,-74]],[[83523,35140],[27,-35],[-4,-30],[-27,-9],[-13,45],[17,29]],[[81663,35258],[32,-37],[-11,-52],[-48,-25],[-18,-61],[-34,10],[-22,-11],[-34,-72],[-92,3],[-19,22],[-34,-7],[-74,37],[-8,73],[16,16],[26,84],[74,17],[124,-8],[60,6],[48,16],[14,-11]],[[82025,35288],[47,-9],[20,-25],[3,-47],[-44,28],[1,-45],[-26,-24],[-23,58],[11,64],[11,0]],[[88540,35267],[-17,8],[-19,63],[32,2],[15,-51],[-11,-22]],[[87422,35395],[-15,-61],[-12,43],[18,89],[14,-23],[-5,-48]],[[79235,35432],[-16,-32],[-21,46],[14,38],[26,20],[-3,-72]],[[87468,35649],[-18,-96],[-9,62],[16,67],[11,-33]],[[87389,35586],[-19,-77],[-7,10],[-15,65],[-5,-4],[-26,53],[30,50],[42,-97]],[[87277,35229],[-37,66],[-4,43],[11,178],[9,58],[0,103],[-10,76],[7,15],[29,-47],[22,-54],[9,-55],[36,-46],[15,-106],[-9,-43],[-21,-42],[-23,-99],[-34,-47]],[[87265,35862],[17,9],[4,-81],[27,-69],[21,-32],[-20,-32],[-56,126],[-5,35],[12,44]],[[87408,35648],[-18,-23],[-18,15],[-14,40],[-44,50],[-18,84],[6,38],[37,27],[29,34],[32,15],[35,-106],[-7,-106],[-20,-68]],[[79489,35881],[34,51],[53,-70],[19,25],[45,-8],[14,-60],[66,14],[6,31],[1,85],[24,-14],[23,-33],[38,19],[31,-89],[64,-123],[58,17],[53,-74],[29,-7],[17,62],[20,-3],[31,-101],[36,-77],[4,-96],[17,-96],[46,-31],[10,16],[47,-32],[80,-31],[34,9],[33,28],[96,-62],[38,-8],[38,25],[18,-4],[36,-50],[16,-7],[23,23],[29,87],[19,114],[4,77],[18,73],[35,31],[20,4],[37,-40],[8,-91],[17,-75],[56,-13],[25,16],[14,45],[27,-18],[23,-61],[23,-33],[65,-5],[21,-73],[17,-14],[59,29],[30,-2],[32,-26],[13,-94],[20,-94],[29,-27],[12,-58],[-5,-82],[-13,-22],[4,-77],[20,-41],[33,-31],[57,-73],[35,-34],[56,66],[78,-22],[40,30],[29,55],[32,-68],[64,-37],[19,-28],[7,-58],[-31,-401],[4,-63],[26,-76],[33,-25],[11,-37],[-17,-48],[-39,26],[-15,71],[-29,27],[-11,-23],[-45,4],[-53,54],[-39,21],[-32,60],[-16,9],[-67,92],[-32,22],[-48,-19],[-35,-70],[-71,-24],[-79,66],[-160,59],[-20,-25],[-18,-48],[-56,35],[-17,26],[-76,26],[-27,-11],[-51,39],[-32,4],[-95,91],[-89,124],[-38,34],[-60,38],[-53,22],[-62,49],[-47,5],[-35,-18],[-28,22],[-3,33],[-28,-29],[-55,-4],[-22,-25],[-10,-61],[-85,17],[-67,46],[-66,67],[-17,34],[-42,53],[-75,21],[-33,20],[-103,20],[-38,1],[-42,34],[-12,92],[9,38],[37,88],[-1,42],[-27,31],[-22,-28],[-22,13],[-69,109],[-32,8],[-66,-13],[-38,-22],[-19,6],[-30,33],[-36,6],[21,64],[25,-15],[23,-48],[39,138],[-1,93],[13,18],[11,-41],[24,38],[6,41],[4,147],[12,89],[36,126],[26,4],[2,-54],[15,-27]],[[83472,35584],[-12,30],[4,58],[-8,104],[-1,179],[6,87],[16,-59],[11,-112],[-7,-163],[-9,-124]],[[81303,35997],[-29,6],[-1,38],[14,38],[24,-2],[2,-65],[-10,-15]],[[86882,35941],[-11,-14],[-20,33],[-3,137],[-8,57],[20,27],[30,-148],[-8,-92]],[[87410,36184],[22,-216],[-10,-61],[-16,30],[-42,-19],[-47,-49],[-12,6],[0,81],[16,41],[2,47],[-29,14],[-14,23],[10,41],[31,-19],[35,154],[2,39],[39,-8],[17,-59],[-4,-45]],[[86931,35988],[-32,-84],[27,214],[14,43],[33,219],[16,18],[6,-40],[-21,-176],[-22,-45],[-18,-67],[-3,-82]],[[78445,36320],[-6,-59],[-35,23],[-44,86],[20,40],[60,-70],[5,-20]],[[84342,36342],[-17,2],[-14,83],[19,-1],[13,-34],[-1,-50]],[[83895,36272],[-18,-4],[-27,84],[-15,65],[13,119],[15,32],[18,-12],[24,-112],[-2,-139],[-8,-33]],[[84092,36867],[11,-224],[-35,-81],[-13,-72],[16,-78],[-16,-105],[-15,-11],[-26,24],[-39,9],[-11,46],[18,151],[16,35],[-2,62],[-16,96],[12,67],[41,24],[23,47],[28,31],[8,-21]],[[84225,36828],[1,-89],[-23,81],[-25,-35],[-15,-136],[-3,-115],[18,-23],[47,-96],[-19,-82],[-26,-29],[-15,23],[-27,-32],[1,-87],[-28,-95],[-41,5],[-24,128],[46,182],[13,89],[20,230],[-3,117],[20,127],[40,65],[5,-59],[16,-23],[16,-59],[6,-87]],[[87102,37151],[-39,20],[-29,41],[6,36],[20,-40],[42,-57]],[[84190,37324],[32,10],[15,-53],[-1,-34],[-28,-89],[-22,0],[-30,88],[-3,50],[23,50],[14,-22]],[[85700,37606],[-36,-17],[6,75],[25,8],[15,-31],[-10,-35]],[[85648,37603],[-28,-78],[-11,63],[-58,-95],[-17,10],[-3,44],[33,75],[43,22],[30,39],[13,-12],[-2,-68]],[[85728,37675],[28,-19],[0,-50],[-25,-7],[-21,72],[18,4]],[[82331,37606],[-22,54],[12,73],[19,-4],[-9,-123]],[[85456,37792],[-36,20],[16,47],[20,-67]],[[82254,37304],[-18,0],[7,90],[-3,87],[-10,25],[-5,88],[29,217],[41,76],[-2,-112],[4,-110],[13,-167],[-4,-101],[-52,-93]],[[85494,37870],[-24,-4],[-16,22],[19,44],[23,-12],[-2,-50]],[[85275,37945],[30,-49],[-13,-39],[0,-45],[12,-29],[13,22],[32,-27],[-5,-157],[-7,-42],[-19,1],[-37,-35],[-41,-57],[-48,-39],[-52,47],[-35,43],[-39,68],[-55,135],[-7,55],[-2,120],[24,58],[32,-50],[20,48],[37,25],[89,9],[25,-11],[46,-51]],[[79691,38033],[-19,-1],[-27,41],[5,32],[20,19],[28,-40],[-7,-51]],[[86054,38116],[53,-58],[28,-9],[69,16],[17,-18],[53,-98],[11,-76],[0,-57],[12,-60],[26,0],[17,-33],[13,-100],[-11,-61],[-1,-140],[-60,60],[-16,45],[-32,51],[-35,40],[-50,40],[-40,53],[-10,66],[-19,32],[-103,27],[-3,-36],[15,-60],[-12,-29],[-59,38],[-16,4],[-39,45],[-38,-3],[1,78],[-25,26],[-31,-50],[-44,-113],[-32,-19],[-26,30],[-28,109],[-24,41],[-10,99],[-23,-33],[-10,-64],[-3,-73],[-17,-51],[-16,9],[-21,131],[35,72],[52,165],[64,-4],[46,5],[76,-7],[20,5],[42,-30],[19,-45],[23,12],[42,73],[11,38],[34,6],[68,-65],[7,-24]],[[77905,37953],[-22,-13],[-37,74],[-17,57],[-3,121],[22,7],[60,-169],[-3,-77]],[[79953,38384],[70,-51],[49,-105],[8,-67],[-24,-116],[-2,-81],[-26,-31],[-7,-47],[-26,-16],[-4,61],[-28,81],[-15,-85],[-48,-40],[-9,10],[-9,147],[9,69],[1,96],[6,17],[4,121],[51,37]],[[77815,38178],[-35,-9],[-6,59],[-8,144],[10,42],[45,-98],[14,-48],[0,-43],[-20,-47]],[[77734,38527],[-33,10],[-34,49],[-21,74],[4,69],[24,27],[17,-41],[7,-58],[36,-130]],[[85018,38427],[-18,13],[-10,37],[-4,68],[-16,69],[-9,98],[10,68],[25,-13],[-3,-136],[30,-170],[-5,-34]],[[84842,38909],[61,-14],[28,19],[82,4],[82,-21],[-24,-39],[-77,-23],[-143,-23],[-34,45],[9,70],[16,-18]],[[86164,38723],[-20,-2],[-58,45],[-49,66],[3,38],[58,55],[24,31],[78,42],[31,-115],[0,-99],[-15,-23],[-52,-38]],[[84709,38984],[16,-14],[29,21],[48,-30],[8,-41],[0,-70],[-44,9],[-29,-12],[-16,-39],[-40,35],[-19,-12],[-26,-40],[-47,-31],[-33,-3],[-21,96],[-1,45],[19,113],[38,20],[35,-1],[83,-46]],[[87858,38993],[46,-24],[98,-20],[16,-54],[-50,-22],[-40,-35],[-90,21],[-65,40],[-31,46],[-57,41],[-52,11],[-17,53],[133,-25],[79,-12],[30,-20]],[[80258,39025],[-25,-18],[-13,63],[28,32],[19,-38],[-9,-39]],[[79469,38933],[21,-114],[0,-76],[6,-80],[15,-118],[20,-87],[20,-38],[64,-30],[46,-47],[-28,-66],[-20,-137],[0,-53],[37,-39],[-7,-69],[-55,-3],[-21,87],[-45,53],[-53,47],[-26,7],[-22,78],[-5,81],[11,62],[-2,38],[-31,61],[-6,147],[-15,37],[-74,22],[-38,-18],[-57,36],[2,91],[33,37],[34,60],[4,34],[-18,42],[3,38],[30,64],[42,23],[12,-74],[2,-70],[15,-30],[28,-11],[-28,176],[49,42],[39,-61],[3,-76],[15,-66]],[[85521,39181],[64,-97],[14,-58],[-5,-29],[-23,-25],[-98,20],[-41,-37],[-46,59],[-3,33],[6,94],[16,34],[49,76],[23,-13],[44,-57]],[[85448,39303],[-35,-6],[-9,21],[26,46],[28,-29],[-10,-32]],[[84220,39274],[18,-61],[26,107],[14,7],[39,-41],[-4,-112],[-21,-50],[-26,0],[-11,60],[-13,-11],[-8,-104],[-20,-29],[-17,45],[18,34],[-5,105],[-18,13],[-21,-96],[-30,-76],[-14,7],[-15,89],[0,68],[8,61],[22,70],[76,20],[14,-49],[-12,-57]],[[86091,39337],[-27,-23],[-19,50],[28,21],[18,-48]],[[80450,39499],[25,-2],[12,-32],[6,-74],[-31,-54],[-48,-64],[-21,35],[6,51],[3,96],[12,48],[36,-4]],[[87478,39389],[-14,-1],[-20,77],[11,64],[25,-13],[17,-46],[-1,-39],[-18,-42]],[[77480,39524],[17,-114],[17,-83],[1,-33],[47,-229],[-1,-51],[7,-82],[-38,-23],[-21,22],[-44,70],[-14,49],[-10,76],[-44,155],[-11,75],[14,64],[4,89],[10,16],[26,-6],[28,33],[12,-28]],[[86358,39566],[11,-32],[29,18],[11,-44],[-1,-80],[-10,-115],[-21,-81],[-24,11],[-33,71],[-17,86],[5,22],[-13,94],[63,50]],[[86365,39639],[-7,-33],[-27,-29],[-59,-26],[-29,5],[2,51],[67,5],[22,12],[10,29],[21,-14]],[[87632,39724],[53,-12],[26,-45],[16,32],[19,-13],[49,-107],[36,-135],[20,9],[27,-32],[-7,-46],[-21,-30],[-38,-19],[-30,37],[-28,-13],[-23,41],[-13,133],[1,38],[-18,54],[-29,-36],[-28,63],[-17,-9],[-16,39],[-5,77],[26,-26]],[[85365,39636],[-38,3],[-7,30],[9,82],[18,11],[18,-126]],[[86277,39817],[-38,13],[5,53],[38,28],[21,-34],[-8,-40],[-18,-20]],[[83864,39868],[-52,-8],[4,47],[29,7],[19,-46]],[[89167,38330],[0,-1651],[0,-181]],[[89167,36498],[0,-607],[0,-239],[-10,-3],[-11,-76],[5,-41],[-23,-95],[-1,-70],[12,-91],[13,-35],[14,4],[2,-1086],[0,-520]],[[89168,33639],[-50,71],[-23,76],[-37,85],[-34,138],[-78,168],[-44,82],[-21,66],[21,65],[23,106],[-22,9],[-4,-88],[-34,-47],[-57,0],[-25,-7],[-24,-36],[-33,-21],[-24,1],[-15,23],[-16,58],[-37,-36],[-31,-58],[-16,-57],[-22,122],[19,67],[0,80],[24,42],[3,77],[14,89],[11,33],[-7,39],[-37,52],[-24,101],[-47,69],[-1,25],[74,-8],[15,-25],[13,18],[-54,43],[-26,29],[-48,110],[-3,46],[22,13],[25,-13],[40,51],[-55,75],[-3,81],[-50,125],[-16,52],[-11,69],[-9,119],[-19,93],[0,84],[-26,20],[-5,47],[10,56],[-40,-36],[-11,198],[-25,23],[-47,81],[-32,66],[-71,85],[-39,85],[-14,-16],[-59,40],[-51,17],[-6,17],[-47,56],[-75,105],[-28,-1],[-62,65],[-30,68],[-55,-1],[-85,46],[-61,-17],[-67,98],[-45,49],[-44,98],[11,123],[-18,-7],[-6,-37],[-21,-12],[-24,81],[-19,12],[-7,-68],[-10,-14],[-26,37],[-14,48],[9,46],[-18,55],[-27,-35],[-30,37],[-25,116],[-15,-64],[-20,33],[-19,119],[15,28],[-1,122],[7,47],[41,79],[0,54],[-9,33],[-27,-64],[-22,-79],[-3,-180],[-27,-36],[12,-53],[-4,-36],[-46,-95],[-1,-61],[13,-45],[-56,-149],[-56,6],[-17,-39],[-22,17],[-17,60],[-9,92],[-18,118],[9,61],[30,28],[10,28],[-12,61],[-17,13],[-7,127],[-38,-33],[-17,63],[-12,84],[-29,61],[-37,59],[-37,7],[-27,-19],[-35,134],[50,63],[17,10],[86,-15],[29,-31],[23,-50],[10,1],[30,58],[49,169],[24,36],[39,21],[16,-21],[23,-54],[33,-32],[28,19],[20,-30],[29,72],[37,66],[11,43],[-9,42],[-23,-21],[-9,44],[38,49],[-3,48],[-16,-7],[-64,-89],[-58,-1],[-39,27],[-26,-9],[-65,-52],[-38,27],[-41,-42],[-13,17],[-18,67],[-30,-19],[-22,-33],[-26,-1],[-38,81],[-32,47],[-30,147],[-1,51],[12,35],[-4,39],[-21,47],[-46,47],[-3,24],[-36,43],[-84,72],[16,-45],[-10,-34],[-24,-24],[-9,36],[-35,16],[-24,37],[29,118],[31,15],[20,95],[9,121],[-8,69],[72,63],[18,-20],[54,26],[28,24],[12,51],[52,112],[46,59],[44,28],[79,-15],[29,-40],[82,-83],[15,-2],[51,-117],[22,-24],[40,-13],[49,-2],[1,24],[65,-6],[34,-74],[-22,-95],[27,-133],[22,-55],[20,-91],[-13,-50],[-3,-96],[-37,-86],[9,-149],[7,-36],[-4,-84],[8,-193],[17,-78],[27,-55],[40,-257],[18,19],[-15,149],[3,74],[15,40],[29,-37],[4,-39],[0,-148],[11,-136],[8,-15],[38,38],[-14,-134],[18,-90],[35,-66],[32,-20],[60,-18],[44,26],[17,38],[5,45],[19,45],[35,46],[-1,46],[40,44],[8,34],[5,114],[22,62],[42,46],[19,41],[25,152],[-2,55],[22,53],[33,2],[4,-17],[33,-14],[24,5],[66,84],[55,21],[13,34],[-8,64],[-27,67],[2,47],[21,32],[42,38],[41,56],[26,48],[75,68],[21,-12],[36,-84],[85,-80],[79,-51],[26,-42],[28,-77],[26,-6],[30,-27],[100,-120],[97,-133],[36,-18],[41,13],[19,24],[18,-4],[13,-55],[31,-37],[43,17],[42,-16],[24,-21],[9,-31],[-13,-61],[7,-16],[27,19],[50,0]],[[79053,39859],[-26,-100],[-43,29],[-26,78],[20,73],[42,23],[15,-21],[18,-82]],[[83891,39910],[-26,-2],[-17,34],[25,41],[28,-19],[-10,-54]],[[85436,39976],[31,-108],[-19,-75],[-2,-44],[11,-48],[39,10],[19,-24],[10,-60],[-20,-44],[-21,-13],[-20,23],[-19,61],[-41,-31],[-15,137],[-28,76],[-4,42],[9,83],[25,-17],[45,32]],[[85328,39827],[-21,21],[-1,148],[31,27],[12,-20],[6,-69],[-8,-84],[-19,-23]],[[77361,39819],[-35,-22],[-15,37],[13,119],[22,71],[18,-83],[-3,-122]],[[78822,39961],[-41,-34],[-43,19],[15,81],[32,11],[27,-29],[10,-48]],[[86354,40194],[46,-34],[27,-7],[44,-66],[7,-76],[-20,-83],[-23,36],[-37,-16],[-25,12],[-20,67],[-23,24],[-28,99],[-18,-41],[28,-78],[53,-54],[0,-63],[-44,-32],[-14,25],[-8,82],[-25,-14],[-13,-31],[-8,81],[-24,-15],[-7,90],[-29,-19],[-4,50],[103,38],[18,1],[18,29],[26,-5]],[[77376,39990],[-17,8],[-55,202],[27,9],[15,-50],[12,-92],[18,-77]],[[79093,40111],[23,-43],[19,0],[8,-27],[3,-74],[-21,21],[-32,62],[-21,3],[-35,-42],[-27,42],[-1,23],[22,56],[5,86],[22,-13],[35,-94]],[[77453,40285],[-21,-19],[-33,-3],[-30,15],[7,55],[57,-2],[20,-46]],[[79085,40240],[-9,-9],[-23,47],[-19,57],[4,34],[47,-129]],[[78688,40591],[-28,-19],[-13,42],[12,86],[15,11],[18,-59],[-4,-61]],[[78737,40680],[-13,0],[-16,66],[-3,57],[11,44],[34,-92],[-13,-75]],[[78956,40798],[-19,-21],[-22,65],[3,49],[43,-64],[-5,-29]],[[78733,40920],[-26,11],[-9,46],[17,42],[18,-99]],[[78506,40923],[38,12],[35,-52],[40,-75],[5,-72],[-9,-29],[-30,61],[-15,11],[-45,3],[-33,-19],[-20,15],[-25,59],[24,48],[-8,73],[5,64],[14,1],[21,-64],[3,-36]],[[78621,40954],[36,-109],[-5,-34],[-18,-1],[-39,71],[-51,67],[-29,18],[12,58],[23,19],[50,-50],[21,-39]],[[78912,40919],[-15,-5],[-30,39],[-6,39],[31,59],[21,10],[17,-32],[-3,-68],[-15,-42]],[[79074,40949],[-22,-150],[-30,25],[2,45],[-33,69],[-37,2],[-2,48],[29,65],[21,16],[35,-15],[31,-55],[6,-50]],[[78443,40873],[-38,78],[-8,47],[-8,134],[1,81],[26,-2],[46,-107],[3,-28],[-9,-72],[6,-98],[-19,-33]],[[77089,41232],[5,-32],[40,-141],[28,-25],[34,-79],[8,-49],[-12,-68],[-2,-168],[-20,-65],[-32,19],[-24,171],[-61,142],[-40,177],[-37,96],[38,16],[22,52],[18,10],[24,-23],[11,-33]],[[78470,41245],[3,-121],[-12,0],[-36,94],[-16,21],[-37,9],[-13,17],[-28,99],[19,9],[37,-35],[39,-13],[40,-40],[4,-40]],[[84761,41230],[-15,-51],[-11,-101],[-16,-77],[-26,-94],[-21,-24],[-44,-96],[-31,-154],[-31,-98],[-33,-44],[-104,-41],[-48,-29],[-36,-11],[-16,13],[-65,-3],[-29,18],[-50,136],[-31,-22],[-164,14],[-49,-14],[-39,3],[-16,-25],[-28,-16],[-29,0],[-25,70],[-44,11],[-12,-44],[-46,-12],[-25,14],[-24,-17],[-11,-34],[-73,31],[-45,54],[-39,6],[-49,-45],[-36,-92],[-33,-122],[-14,-142],[-15,-38],[-5,-141],[18,-246],[11,-61],[42,-148],[21,-26],[22,21],[23,-50],[26,-107],[-5,-43],[21,-128],[9,-23],[31,39],[14,-35],[63,-25],[26,66],[12,98],[73,225],[35,53],[18,-2],[2,-54],[24,-41],[49,-11],[49,23],[10,28],[5,65],[17,28],[65,10],[36,-17],[51,-5],[42,10],[-13,48],[-32,8],[17,51],[61,13],[7,26],[44,-2],[53,-63],[12,-81],[-2,-52],[-11,-32],[-8,-91],[-15,-34],[-22,16],[-26,99],[-23,14],[-63,-21],[-13,-28],[-8,-64],[-22,-64],[-16,-73],[-19,-39],[-51,-152],[-60,-87],[-42,-14],[-18,-28],[-30,-16],[-11,-21],[-17,-103],[-12,-33],[-24,-19],[-20,6],[-25,76],[-31,35],[-11,-53],[14,-105],[23,15],[36,-125],[17,-24],[26,-1],[35,-93],[36,-162],[13,-106],[82,-163],[-13,-79],[32,-78],[27,-28],[-17,-50],[-17,10],[-15,-46],[-14,-74],[12,-50],[-8,-56],[-17,-17],[13,-71],[26,-50],[72,-112],[3,-55],[23,-134],[39,8],[20,-68],[-3,-118],[-40,-68],[-20,4],[-4,36],[-19,28],[-17,-23],[-48,-17],[-72,-55],[-17,-100],[11,-127],[-30,-12],[-76,17],[-41,64],[-20,61],[4,117],[22,177],[13,69],[-1,54],[-12,34],[-55,36],[-35,120],[-35,46],[-68,156],[-3,68],[31,125],[25,45],[3,201],[-2,120],[-14,63],[-59,40],[-37,-23],[-30,-46],[-55,-104],[-47,-77],[18,-125],[32,-55],[5,-68],[-2,-146],[9,-51],[6,-98],[-21,-100],[-7,-66],[-1,-114],[11,-41],[-7,-160],[10,-76],[8,-134],[-9,-76],[-23,-50],[0,-99],[-11,-124],[32,-137],[20,-195],[-13,8],[-16,66],[-10,6],[-63,-58],[-37,23],[-12,-6],[-22,-73],[-15,-24],[-33,9],[-10,53],[-44,40],[-31,118],[7,153],[25,103],[15,123],[-8,95],[28,126],[8,171],[1,98],[-8,156],[-42,196],[19,96],[-7,58],[-55,44],[-19,-44],[-48,-12],[-33,-50],[-25,139],[-2,220],[15,131],[-6,29],[-25,-5],[-5,62],[6,65],[12,43],[22,-23],[28,47],[39,99],[-6,82],[4,90],[20,142],[12,30],[28,28],[4,69],[-11,29],[-8,77],[7,66],[-9,145],[5,96],[10,59],[27,53],[10,97],[12,76],[42,90],[3,41],[14,26],[30,-163],[7,46],[-5,77],[-14,48],[-13,110],[5,157],[11,67],[-4,43],[-22,-7],[-15,27],[-10,64],[18,12],[24,-76],[14,-4],[15,119],[-29,110],[32,161],[41,63],[-5,113],[16,41],[36,33],[7,28],[5,96],[25,2],[-1,-80],[18,-34],[44,-27],[12,79],[22,77],[31,53],[9,111],[-1,71],[36,18],[38,-14],[42,-65],[39,10],[35,-113],[24,-27],[88,32],[16,-53],[25,28],[46,-40],[66,-5],[55,-42],[51,-91],[18,29],[14,51],[67,22],[48,-23],[48,-42],[12,10],[69,-37],[20,4],[20,31],[86,98],[20,113],[18,17],[41,-8],[10,56],[-17,10],[-6,40],[24,61],[28,-11],[30,42],[6,28],[-7,59],[41,83],[17,4],[39,-44],[1,-53],[20,-37],[-10,-49],[-19,-18]],[[77382,41375],[-23,1],[-10,58],[34,-27],[-1,-32]],[[78224,41438],[-33,14],[-13,35],[-14,102],[1,52],[14,53],[47,35],[18,-4],[25,-83],[1,-39],[-12,-39],[0,-62],[-34,-64]],[[85519,41507],[19,-8],[20,-58],[7,-140],[-13,-124],[-23,-104],[-71,-134],[-6,-25],[7,-72],[27,-50],[25,-7],[20,40],[4,95],[12,56],[18,35],[27,-1],[17,55],[-18,68],[16,66],[52,93],[48,42],[29,10],[20,-16],[-8,-328],[-9,-28],[-61,-92],[-40,-31],[-24,-62],[6,-54],[37,-66],[61,-56],[24,-6],[5,-103],[8,-57],[30,-21],[7,-43],[-86,57],[-25,55],[-49,-8],[-33,47],[-56,18],[-14,-29],[-8,-98],[8,-16],[5,-99],[-12,-48],[3,-75],[40,-267],[49,-214],[52,-135],[-33,4],[-40,92],[-32,44],[-22,126],[-23,100],[-39,57],[-16,61],[11,202],[-4,94],[-9,103],[-23,52],[-13,97],[5,121],[12,32],[8,67],[-30,23],[1,54],[-8,68],[-24,5],[1,109],[33,148],[2,74],[12,157],[34,133],[71,192],[30,1],[-2,-33],[-28,-116],[-25,-50],[4,-79]],[[77039,41686],[-5,-16],[-44,145],[33,-6],[11,-49],[5,-74]],[[85695,41685],[-33,-6],[-30,-20],[-9,56],[-4,152],[17,80],[39,110],[38,43],[32,-109],[2,-46],[-19,-139],[-15,-72],[-18,-49]],[[84838,42105],[-12,1],[-6,72],[9,42],[17,-31],[-13,-46],[5,-38]],[[76798,41908],[-14,-16],[-26,8],[-10,50],[-66,113],[-66,55],[-34,85],[1,37],[25,81],[29,-20],[32,-103],[30,-20],[26,-78],[37,-66],[24,-25],[12,-101]],[[80246,42288],[-15,-33],[-16,34],[33,65],[-2,-66]],[[79371,42248],[-9,8],[-6,115],[3,37],[41,-54],[-8,-61],[-21,-45]],[[82684,42570],[-9,-18],[-21,43],[-3,80],[30,-1],[7,-33],[-4,-71]],[[82608,42770],[35,-59],[-7,-21],[-26,27],[-42,16],[-7,43],[14,16],[33,-22]],[[84970,42638],[-29,24],[-41,193],[10,33],[29,-27],[36,-143],[-5,-80]],[[85201,43003],[-12,-51],[-20,117],[9,31],[23,-97]],[[82700,43083],[-12,-16],[-21,37],[-1,46],[18,35],[23,-48],[-7,-54]],[[82701,43207],[31,2]],[[82732,43209],[9,1]],[[82741,43210],[9,0]],[[82750,43210],[6,-88],[-21,-12],[-45,96]],[[82690,43206],[11,1]],[[80087,42854],[-38,-22],[-23,38],[29,69],[-40,43],[-18,121],[21,38],[32,86],[19,-12],[5,-55],[35,-86],[3,-80],[-25,-140]],[[85220,43100],[-26,-18],[-3,54],[12,25],[15,77],[-20,39],[-7,67],[14,130],[21,-10],[12,-29],[15,-156],[-12,-44],[-21,-135]],[[76593,44226],[42,-59],[2,-36],[45,-105],[17,-20],[63,-41],[65,-11],[31,15],[34,36],[64,-11],[25,-25],[9,-47],[26,0],[63,63],[17,-25],[38,-116],[60,-111],[18,-84],[3,-71],[11,-96],[13,4],[26,-28],[34,-71],[-4,-77],[2,-122],[78,-103],[40,-113],[4,-34],[34,-59],[66,-61],[49,-78],[89,-206],[25,-20],[30,-44],[62,-158],[1,-147],[16,7],[24,-31],[17,15],[33,-114],[22,-167],[24,-70],[34,-66],[25,-10],[36,-63],[-8,119],[13,63],[25,13],[35,-16],[3,-48],[56,-97],[15,-50],[0,-61],[11,-86],[18,-71],[32,-35],[48,14],[18,-24],[56,-127],[41,-61],[19,-131],[-3,-82],[13,-75],[53,-130],[41,-50],[39,10],[44,-9],[17,-24],[37,-115],[1,-72],[-97,-127],[51,3],[72,105],[15,56],[44,34],[27,-37],[72,-141],[5,-22],[12,-146],[-7,-51],[-46,-7],[-6,-54],[-43,-76],[20,-25],[-23,-78],[45,-46],[0,-36],[-45,-80],[-15,-90],[30,-57],[22,-63],[28,-57],[25,-34],[29,-22],[32,30],[72,-62],[35,32],[10,-14],[9,-67],[-2,-83],[12,-52],[-1,-96],[5,-89],[18,-100],[9,-103],[54,-98],[25,-25],[9,-80],[-5,-40],[-38,-131],[-3,-134],[9,-3],[11,129],[21,74],[42,-36],[8,-20],[57,18],[28,-24],[49,-14],[25,3],[5,-42],[-7,-81],[21,-75],[27,-17],[4,-119],[20,-65],[27,-1],[25,-53],[7,-140],[-3,-32],[-24,-38],[-18,-49],[-11,-56],[-16,-153],[7,-52],[29,-47],[2,-36],[-28,-142],[-10,-101],[-2,-69],[25,-115],[-1,-160],[-9,-85],[6,-66],[-19,-470],[5,-40],[-16,-171],[-14,-45],[-29,56],[-78,220],[-23,47],[-24,-100],[11,-128],[-20,-21],[-99,137],[-25,64],[-20,16],[-22,-11],[2,-66],[22,-79],[17,-80],[6,-73],[-42,-5],[-9,72],[-52,118],[-21,83],[-47,87],[-24,71],[-2,43],[-27,105],[-52,118],[-44,35],[-33,37],[-87,191],[-71,126],[-56,122],[-94,173],[-12,34],[-13,201],[-10,33],[-59,93],[-101,186],[-40,140],[-46,232],[-39,61],[-25,51],[-51,185],[-19,95],[0,38],[12,48],[0,49],[-10,82],[-53,187],[-26,216],[-34,61],[-16,93],[0,48],[-13,123],[-11,49],[-33,79],[-24,97],[-27,79],[-50,106],[-17,105],[5,50],[-7,39],[-30,80],[-79,111],[-30,-12],[-30,35],[-7,59],[7,49],[-9,123],[-19,138],[-20,116],[-35,269],[-32,150],[11,11],[17,63],[0,34],[-14,57],[-93,172],[-55,71],[-42,77],[-39,53],[-21,-20],[-32,21],[-28,94],[-2,162],[-13,168],[-51,50],[-32,113],[-5,68],[-11,37],[-20,14],[-27,108],[-20,98],[-35,101],[-25,47],[-43,6],[-19,-9],[-21,18],[-27,69],[-35,129],[-23,62],[-47,68],[-20,46],[-32,99],[-45,110],[-37,78],[-30,118],[-39,196],[4,40],[-18,78],[6,89],[-9,53],[3,65],[14,-1],[36,60],[53,-17],[37,-31]],[[76494,44389],[-26,-16],[-20,72],[34,3],[12,-59]],[[82664,43207],[-28,-32],[-25,19],[-3,-31],[22,-23],[42,-93],[-1,-51],[23,-4],[36,-114],[-21,-54],[-67,-16],[-44,16],[-42,-17],[0,-53],[9,-36],[24,-39],[34,-8],[-3,-44],[-22,-62],[-22,-41],[19,-30],[32,-15],[44,-49],[19,-87],[-4,-120],[25,-19],[11,-91],[10,-42],[44,-108],[27,-95],[-9,-61],[-54,-133],[-1,-91],[15,-63],[37,-67],[23,-61],[80,-121],[8,-57],[40,-29],[50,-112],[18,-75],[45,-39],[0,-56],[-17,-46],[-35,-69],[-34,25],[-52,-9],[-45,10],[-43,21],[-33,36],[-21,104],[-28,18],[39,-176],[-15,-41],[-12,30],[-28,-10],[-26,-56],[-6,-66],[-27,-152],[-15,-28],[-13,-72],[-15,-140],[17,-98],[-13,-46],[-13,-103],[9,-71],[-6,-133],[41,70],[11,-4],[-16,-156],[12,-97],[-46,-56],[-54,-5],[-32,-98],[-32,-138],[-29,-42],[-28,-15],[-10,17],[-12,-88],[-36,-32],[-21,-39],[7,-69],[-11,-47],[-34,-32],[-49,-72],[16,-23],[30,32],[15,-12],[4,-94],[-1,-98],[-36,-70],[22,-46],[33,31],[22,-16],[-2,-60],[-14,-150],[-10,-55],[-25,46],[-31,-17],[-1,-68],[16,-38],[3,-115],[-8,-62],[-28,-74],[-26,136],[-11,-70],[3,-38],[25,-79],[-31,-129],[-26,-127],[-5,-101],[-11,-24],[-33,-15],[-24,-57],[-54,-60],[-73,-68],[-97,-105],[-63,-98],[-20,-7],[-8,40],[0,323],[-8,47],[-28,84],[-75,81],[-30,21],[-19,-4],[-49,-64],[-50,-19],[-18,31],[8,128],[-10,60],[-40,-11],[-5,-36],[-21,-16],[-34,56],[-50,136],[-8,3],[-24,-67],[1,-90],[-33,-49],[-52,-102],[-32,-19],[-32,65],[-47,29],[-24,-23],[-59,-148],[-23,-12],[-17,26],[11,90],[-8,187],[3,87],[-20,87],[-56,-84],[-24,62],[-36,10],[-30,-32],[-45,-71],[-42,-23],[-44,54],[-22,-41],[-22,142],[-31,0],[-35,-49],[-22,-46],[-13,26],[-7,60],[10,54],[-14,224],[-15,151],[-12,40],[8,140],[-12,76],[-39,53],[-9,62],[23,38],[12,61],[9,128],[-7,111],[-35,93],[-13,66],[-39,99],[-15,-22],[-17,20],[-11,48],[-42,28],[-11,-48],[-28,32],[-10,118],[1,23],[61,-49],[12,13],[-27,82],[-17,22],[-26,-9],[-27,26],[-12,37],[-6,78],[-15,98],[4,32],[37,13],[-8,220],[-12,73],[-19,55],[-36,18],[6,70],[-4,146],[-12,107],[-12,43],[32,67],[7,38],[-7,66],[-1,87],[28,128],[0,100],[5,38],[44,73],[27,103],[2,70],[28,48],[38,24],[20,57]],[[84227,32432],[-62,-36],[-41,-51],[-6,9],[-5,93],[74,77],[51,114],[37,56],[3,-109],[-3,-63],[-34,-34],[-14,-56]],[[82741,43210],[2,0]],[[85282,33962],[-36,-34]],[[85246,33928],[-53,-27]],[[85193,33901],[-12,-6]],[[85181,33895],[-32,-55]],[[85149,33840],[-2,-9]],[[85147,33831],[-1,-12]],[[85146,33819],[-2,-14]],[[85144,33805],[-15,-38],[-40,-16]],[[85089,33751],[-18,-5]],[[85071,33746],[-37,-16]],[[85034,33730],[-3,-6]],[[85031,33724],[-48,-82],[-27,-3]],[[84956,33639],[-17,-12]],[[84939,33627],[-105,-87]],[[84834,33540],[-3,-3]],[[84831,33537],[-18,-27]],[[84813,33510],[-12,-27]],[[84801,33483],[-18,-48],[-20,-14]],[[84763,33421],[-7,-2]],[[84456,33489],[29,27],[9,29],[66,54]],[[84560,33599],[12,2]],[[84708,33769],[5,11]],[[84713,33780],[34,126]],[[84747,33906],[4,53]],[[84751,33959],[10,35]],[[84761,33994],[78,47],[79,30]],[[84918,34071],[5,3]],[[84923,34074],[35,33],[24,-5],[23,-24]],[[85005,34078],[6,-3]],[[85011,34075],[53,18],[29,37]],[[85093,34130],[5,14]],[[85098,34144],[17,2],[41,-43],[57,44],[25,29]],[[85238,34176],[5,7]],[[85243,34183],[6,10]],[[85249,34193],[29,26]],[[85278,34219],[54,-6],[30,-51],[0,-18],[-67,-149]],[[85295,33995],[-13,-33]],[[84887,34235],[-27,22],[32,95],[9,-4],[-14,-113]],[[82743,43210],[7,0]],[[84493,33432],[-16,-10]],[[84462,33444],[-6,45]],[[84560,33599],[12,2]],[[84572,33601],[-4,-71]],[[84525,33400],[-9,26]],[[85282,33962],[-36,-34]],[[85193,33901],[-12,-6]],[[85149,33840],[-2,-9]],[[85146,33819],[-2,-14]],[[85089,33751],[-18,-5]],[[85034,33730],[-3,-6]],[[84956,33639],[-17,-12]],[[84834,33540],[-3,-3]],[[84813,33510],[-12,-27]],[[84763,33421],[-24,48]],[[84739,33469],[-12,22]],[[84727,33491],[-14,45]],[[84727,33612],[14,1]],[[84741,33613],[19,12]],[[84767,33655],[-1,29]],[[84727,33708],[-15,-2]],[[84712,33706],[-6,21]],[[84706,33727],[2,42]],[[84713,33780],[34,126]],[[84751,33959],[10,35]],[[84918,34071],[5,3]],[[85005,34078],[6,-3]],[[85093,34130],[5,14]],[[85238,34176],[5,7]],[[85249,34193],[29,26]],[[85295,33995],[-13,-33]],[[90256,10912],[-16,37],[16,39],[25,-56],[-25,-20]],[[91209,11205],[32,-89],[-37,-46],[-13,49],[-62,-14],[-20,23],[19,53],[38,-9],[43,33]],[[90933,8987],[-13,-79],[-39,5],[-14,57],[48,113],[18,-96]],[[90952,9095],[-19,-10],[-19,76],[29,27],[9,-93]],[[91122,9466],[-7,78],[31,25],[-24,-103]],[[90299,10849],[54,5],[17,-28],[57,-36],[92,-108],[89,-82],[49,-10],[59,14],[22,45],[35,4],[22,39],[42,38],[43,-24],[51,24],[17,-30],[20,23],[28,95],[24,16],[36,-44],[27,21],[14,73],[17,11],[58,-74],[29,-105],[-17,-124],[13,-66],[1,-54],[-12,-86],[11,-114],[-13,-145],[9,-159],[17,-53],[1,-82],[-24,-24],[9,83],[-32,140],[-32,-123],[-21,-292],[-16,-65],[3,-75],[-20,-39],[7,-50],[18,-20],[9,-78],[-15,-75],[15,-64],[-30,-9],[-30,-46],[-26,60],[-22,105],[28,11],[25,-38],[25,20],[-20,69],[-65,75],[-25,-24],[14,-85],[-35,-45],[-5,109],[-17,-11],[-6,-74],[-16,-38],[-8,-68],[2,-82],[-42,-14],[-26,-96],[-18,-128],[-34,-13],[-36,11],[-24,34],[-84,15],[-18,33],[-34,-19],[-20,12],[-29,88],[16,22],[67,-33],[1,48],[-31,-6],[-74,18],[-73,237],[-23,9],[-25,86],[-19,135],[-26,34],[-17,215],[14,27],[49,-71],[9,-95],[26,112],[-26,17],[-49,105],[-9,105],[-18,70],[-36,65],[-28,96],[-74,358],[-5,101],[-14,104],[22,40],[1,84],[17,22],[62,-15],[26,-44]],[[89987,11353],[-19,-5],[-1,105],[-13,28],[5,158],[24,41],[11,57],[36,-66],[10,-188],[-11,-77],[-42,-53]],[[91961,23340],[39,-59],[23,-103],[4,-56],[-22,-25],[-24,89],[-19,40],[-13,107],[12,7]],[[82071,25260],[-16,-57],[-18,3],[-6,38],[25,82],[13,9],[2,-75]],[[92625,20262],[-17,16],[4,131],[8,76],[29,-6],[-18,-137],[-6,-80]],[[81451,21425],[-14,-10],[-41,146],[-21,98],[-13,112],[3,68],[20,-27],[32,-220],[23,-90],[11,-77]],[[92523,21654],[-25,42],[-15,125],[14,83],[20,75],[-3,75],[10,59],[34,69],[7,103],[-18,93],[30,61],[4,-160],[17,-38],[3,-40],[-67,-364],[-11,-87],[0,-96]],[[92614,20606],[-15,37],[1,100],[27,-4],[-13,-133]],[[90377,12563],[-21,13],[4,80],[43,-19],[-26,-74]],[[88217,14561],[4,-69],[26,-8],[38,-39],[23,59],[32,-13],[24,-50],[0,-38],[-20,-38],[-33,34],[-45,7],[-39,-39],[-2,-64],[-44,-55],[-27,58],[-37,15],[-21,-43],[-33,6],[-88,-15],[-9,31],[-40,69],[12,106],[102,64],[48,14],[55,51],[58,-10],[16,-33]],[[88792,14157],[-64,182],[15,-1],[37,-119],[12,-62]],[[91159,11247],[-37,12],[-7,72],[-32,119],[-39,70],[33,89],[25,15],[60,-152],[26,-15],[15,-163],[-9,-34],[-35,-13]],[[89538,32872],[-15,-48],[-27,43],[11,42],[15,7],[16,-44]],[[90644,26915],[-25,1],[-7,65],[-24,101],[42,-45],[22,-83],[-8,-39]],[[85832,29510],[25,-21],[27,-58],[-3,-131],[23,42],[-11,175],[32,-5],[43,-59],[50,-148],[-15,150],[17,130],[-20,66],[-3,77],[-38,46],[-27,65],[3,57],[34,138],[62,93],[9,35],[11,158],[-1,33],[13,131],[19,51],[13,-59],[27,13],[34,58],[28,75],[-20,87],[-22,40],[3,128],[16,45],[12,-28],[28,38],[7,40],[1,119],[43,49],[12,-42],[16,170],[12,27],[32,-29],[35,-128],[16,51],[-38,66],[9,52],[21,17],[29,-7],[-1,150],[25,-3],[27,-45],[37,-5],[19,-39],[22,-14],[122,21],[36,-29],[45,78],[38,-2],[23,38],[54,51],[-3,33],[-1,161],[3,46],[16,63],[-42,80],[-14,50],[-33,28],[-39,-16],[-35,-47],[-12,11],[-20,58],[-5,47],[-30,40],[-26,4],[29,91],[30,36],[30,-74],[21,-127],[19,37],[-12,96],[-3,65],[26,-23],[18,24],[33,-63],[15,-66],[38,-130],[22,-21],[12,25],[29,109],[12,-3],[37,-119],[26,-133],[29,-36],[30,26],[14,-53],[39,-42],[19,-1],[40,48],[11,36],[30,-13],[-19,-85],[28,-42],[30,49],[38,-73],[6,-83],[45,17],[35,-22],[29,8],[20,40],[28,4],[27,-98],[35,-46],[24,-51],[40,-6],[11,74],[32,59],[16,-18],[41,12],[-4,47],[6,54],[44,17],[36,72],[10,-13],[-48,-102],[12,-35],[-32,-84],[4,-56],[13,-31],[42,93],[38,28],[-23,-75],[9,-37],[26,3],[-23,-82],[14,-66],[34,23],[24,-12],[14,29],[20,126],[-7,24],[-27,-8],[-18,36],[29,73],[47,80],[31,14],[-6,-54],[17,-125],[20,-73],[12,1],[16,80],[28,-36],[29,-98],[-49,-86],[-16,-47],[-28,-116],[-7,-87],[-35,33],[-3,-48],[18,-80],[-5,-138],[-15,-45],[-30,-25],[1,128],[-13,5],[-11,-75],[-23,-52],[-29,39],[-29,-29],[-28,-82],[12,-42],[-20,-68],[-5,-81],[12,-90],[37,-24],[-9,-75],[-18,-68],[-8,-131],[-7,-37],[-27,-39],[-42,-136],[-23,-97],[0,-53],[-35,-60],[-11,1],[17,-125],[30,-84],[35,-33],[59,-95],[17,-45],[75,-97],[8,-17],[7,-88],[15,-45],[69,-83],[28,-59],[27,-75],[73,-7],[30,-39],[64,-114],[33,-35],[16,1],[54,-56],[33,-134],[9,-15]],[[88302,28367],[49,-112],[36,-66],[26,-26],[62,-33],[35,7],[57,-70],[40,-10],[12,-18],[30,-114],[6,-93],[28,-100],[49,-27],[27,-45],[22,-57],[55,-39],[46,-88],[43,-15],[67,28],[33,28],[35,44],[39,73],[20,19],[15,66],[16,150],[4,108],[61,199],[30,159],[8,105],[31,204],[-7,121],[10,181],[10,108],[45,255],[9,89],[-17,95],[-11,94],[-13,203],[5,59],[16,103],[1,81],[-6,56],[-28,84],[-2,87],[8,106],[12,106],[40,181],[-2,51],[-13,37],[-13,124],[6,38],[29,45],[16,56],[8,74],[12,13],[-31,115],[0,41],[-18,3],[7,86],[24,85],[-4,25],[12,92],[13,45],[11,-4],[7,-68],[32,33],[-22,56],[5,113],[43,313],[10,161],[-6,126],[13,37],[44,20],[16,52],[12,81],[21,2],[26,-31],[-27,-78],[26,-10],[37,-82],[13,-68],[21,-223],[-7,-86],[8,-148],[-3,-84],[31,-68],[45,9],[19,-52],[-27,-110],[-7,-140],[23,-4],[32,-52],[1,-75],[42,-72],[-15,-90],[-4,-77],[42,-21],[-4,-158],[8,-174],[19,-66],[-3,-68],[-15,-166],[19,-129],[24,-63],[3,-116],[11,-96],[13,-68],[29,-53],[34,-1],[40,78],[78,90],[11,66],[11,-6],[18,-66],[-3,-69],[13,-91],[17,-52],[42,-40],[19,-4],[18,-97],[68,-78],[31,-60],[-2,-42],[-19,-73],[-1,-63],[14,-99],[-11,-83],[16,-78],[15,-129],[-2,-109],[27,-110],[3,-32],[-4,-147],[-11,-37],[-1,-74],[17,-44],[42,-141],[15,-28],[29,-106],[44,10],[6,-20],[-16,-72],[-4,-53],[20,-84],[22,-126],[14,-136],[6,-100],[-5,-68],[2,-122],[-26,-134],[6,-91],[53,-160],[33,-32],[-2,-80],[-10,-46],[-6,-102],[19,-77],[24,-47],[7,-33],[57,-81],[31,-2],[34,-84],[51,-28],[19,-44],[32,-16],[49,10],[8,30],[27,-119],[11,-138],[20,-70],[28,-1],[-2,83],[25,-21],[3,-80],[22,-44],[43,-1],[34,-24],[22,-65],[-6,-28],[38,-94],[15,16],[-4,87],[19,-18],[42,-92],[27,-11],[9,-32],[9,-81],[17,-47],[-11,-39],[-18,37],[-14,-13],[-20,-62],[17,-112],[33,-86],[20,-33],[30,-26],[37,-70],[15,-46],[-3,-54],[10,-89],[13,-29],[11,-86],[16,-67],[16,-37],[-4,-137],[26,-219],[19,-112],[29,-84],[5,-92],[28,68],[43,-118],[5,52],[-18,90],[11,102],[11,35],[22,-2],[21,-79],[8,-74],[38,-45],[66,-100],[-7,139],[8,38],[20,-9],[20,-70],[-6,-81],[37,-129],[-13,-175],[-4,-111],[15,-78],[-3,-102],[19,-90],[43,-37],[8,-43],[19,-35],[13,-91],[42,-48],[29,-86],[33,-45],[39,37],[29,-79],[44,-98],[16,-124],[36,-144],[40,-74],[32,-24],[15,-29],[15,-67],[0,-68],[7,-46],[41,-150],[38,-27],[27,-5],[11,-106],[-3,-64],[-12,-27],[8,-124],[18,-26],[15,-86],[40,-42],[-23,-165],[-8,-93],[5,-47],[7,-213],[8,-44],[4,-253],[-17,-13],[-17,-55],[8,-98],[31,-55],[22,-65],[18,-138],[23,-76],[8,-51],[-6,-96],[11,-67],[21,-73]],[[92645,19938],[14,-22]],[[92659,19916],[4,-48],[-8,-157],[5,-82],[12,-40],[-5,-145],[-43,-130],[-31,-205],[8,-50],[-6,-94],[-25,-305],[-14,-117],[-48,-287],[-7,-149],[0,-82],[19,-82],[-28,-212],[-6,-83],[-35,-248],[-19,-77],[-56,-157],[-13,-73],[9,-96],[-4,-100],[-56,-108],[-13,-35],[-42,-58],[4,-63],[-53,-41],[-39,-44],[-40,-131],[-26,-142],[-33,-35],[9,-55],[-9,-78],[-32,-92],[-12,-193],[-7,-52],[-26,-13],[5,-50],[-23,-78],[-25,-40],[-25,-79],[-26,-163],[11,-24],[-13,-140],[-24,-66],[8,-97],[-25,-21],[5,-61],[-15,-38],[-26,-24],[-19,-71],[-22,-156],[-14,-48],[-54,-249],[-7,-123],[-1,-156],[-16,-43],[-15,-172],[-12,-96],[-21,-117],[1,-105],[28,-66],[3,-50],[-20,-37],[4,-111]],[[91655,13276],[4,-52],[-21,-31],[-32,-6],[-31,-98],[-60,-62],[-41,-9],[-134,-2],[-47,-13],[-97,-4],[-96,-58],[-57,-58],[-60,-94],[-91,-179],[-68,-160],[-27,-48],[-62,-16],[-61,-31],[-21,14],[-37,-13],[-10,-30],[31,-115],[48,80],[4,-195],[-26,-50],[-20,35],[-14,83],[-16,58],[-40,59],[-18,-31],[-27,4],[-22,93],[-2,54],[-25,8],[-19,-25],[-26,8],[-42,86],[5,67],[24,21],[10,35],[-19,91],[-12,15],[-52,-7],[-12,-80],[-51,-107],[-36,-6],[-17,88],[41,31],[40,146],[-9,68],[-34,108],[-16,17],[-26,-24],[-37,-73],[-46,-70],[-39,-9],[3,-41],[33,-8],[34,34],[19,-11],[1,-52],[-21,-56],[-24,12],[-42,-19],[-93,-126],[-61,-152],[-30,-17],[-17,-46],[-36,-54],[-43,65],[-58,38],[-36,56],[-68,44],[-75,118],[-43,35],[-61,-26],[-54,78],[-40,17],[-40,-11],[-16,-28],[8,-56],[-22,-12],[-32,32],[-24,59],[-49,93],[-46,56],[-49,20],[-42,-12]],[[89082,12819],[-6,2]],[[89076,12821],[-41,50],[-48,99],[-33,137],[-32,101],[-36,28],[-50,138],[-17,72],[8,67],[-13,67],[5,66],[29,69],[1,119],[-10,77],[-47,246]],[[88792,14157],[-14,123],[-43,113],[-97,195],[-1,64],[18,14],[21,-38],[-3,-90],[31,-6],[10,158],[-5,70],[-40,41],[-21,-45],[-46,-21],[-3,-48],[21,-25],[-12,-34],[-60,15],[-35,-19],[-32,-65],[-92,-13],[-31,37],[10,48],[44,53],[42,98],[8,95],[0,71],[13,63],[-9,117],[4,96],[-17,62],[-40,102],[-20,134],[-18,77],[-24,49],[-17,-85],[4,-62],[-27,-59],[-9,-72],[-4,-133],[-35,-244],[-1,-60],[-20,-35],[-60,49],[-62,-46],[-19,-51],[-39,13],[-37,-53],[-17,38],[29,75],[11,135],[13,41],[24,-19],[48,16],[29,-39],[19,46],[12,172],[-5,134],[4,133],[-12,91],[18,12],[22,135],[2,52],[49,134],[47,99],[-9,85],[-28,118],[8,54],[31,38],[25,15],[-10,72],[-15,14],[-16,160],[-15,71],[-8,87],[-17,12],[0,-104],[13,-33],[2,-77],[-9,-104],[-50,-27],[-30,-70],[-28,-124],[-7,-93],[-42,-170],[-19,-35],[-34,-2],[-19,26],[-24,-91],[-79,-90],[-46,-78],[-44,-170],[-14,-40],[-22,-21],[-24,-88],[-29,-38],[-17,-73],[-20,-127],[60,14],[-4,-141],[-21,18],[-31,69],[-26,2],[-14,-63],[-55,147],[-41,91],[-31,43],[-29,-22],[11,66],[17,4],[51,-105],[-1,107],[-12,148],[-21,122],[-3,82],[-19,62],[-45,109],[-53,94],[8,69],[-17,136],[-28,126],[-32,27],[-51,-18],[-22,-27],[-17,59],[-20,119],[-34,169],[22,-4],[20,-42],[20,77],[-6,64],[-20,61],[-25,36],[-44,-31],[-29,-33],[9,99],[19,5],[-35,106],[-36,50],[-6,47],[-19,13],[-11,-49],[-23,-32],[-19,-2],[-78,20],[-19,47],[-26,20],[-39,82],[-19,19],[-50,11],[-26,-12],[-21,-42],[-24,-19],[-37,8],[-47,104],[-58,97],[-42,55],[-84,92],[-53,46],[-16,1],[-29,-51],[-46,-41],[-23,-5],[-139,26],[-91,-12],[-27,-16],[-168,-31],[-80,-35]],[[85817,17398],[-42,-45],[-66,-86],[-104,-103],[-47,-41],[-76,-33],[-112,-95],[-58,-23],[-122,-12],[-80,17],[-53,37],[-45,-32],[-21,13],[-46,-55],[-81,-146],[-59,-38],[-85,-103],[-32,-63],[-37,-49],[-96,-34],[-33,-29],[-26,-46],[-27,-81],[-25,-166],[-10,-105],[-54,-112],[-22,-91],[-42,-61],[-55,1],[-17,-48],[-31,-34],[-19,95],[-23,21],[-48,-36],[-70,7],[-45,-20],[-21,9],[-26,-38],[-3,-37],[-37,-8],[-13,97],[-16,45],[-27,-4],[-38,-45],[-72,56],[-51,4],[-79,-30],[-53,0],[-20,-22],[-69,-21],[-35,-41],[-52,26],[-56,9],[-59,-38],[-30,-62],[-25,-26],[-38,-122],[-3,-44],[-40,-83],[-32,-42],[-36,28],[-40,12],[-48,-60],[-3,-53],[-32,-53],[-54,-46],[-15,-69],[-30,-47],[-55,-64],[-125,-54],[-6,-50],[-22,36],[-55,50],[-107,3],[-21,-30],[-41,29],[-34,-12],[-40,24],[-53,81],[-25,24],[-57,25],[-17,83],[-73,170],[-43,60],[-50,57],[-41,-6],[-12,-36],[-32,73],[0,62],[-14,223],[-1,125],[12,121],[29,-63],[33,-30],[26,5],[32,29],[79,261],[-12,188],[-14,126],[27,65],[12,103],[-8,181],[6,93],[-4,70],[0,163],[-16,149],[-68,274],[-35,211],[-40,155],[-33,192],[-7,166],[-10,92],[-14,62],[1,232],[11,179],[-26,203],[-14,79],[-60,162],[-8,53],[-2,118],[-22,105],[-55,185],[-21,30],[-21,70],[-17,172],[13,104],[-19,185],[-38,181],[-38,166],[-31,110],[-52,157],[-61,142],[-16,115],[14,80],[17,-108],[9,115],[41,-119],[6,-39],[3,-122],[6,-44],[21,-61],[27,43],[12,-7],[20,69],[1,123],[-20,62],[-38,59],[-28,68],[-16,155],[-25,87],[2,79],[24,49],[26,-110],[30,-59],[10,-68],[-14,-166],[8,-55],[24,20],[22,101],[22,-215],[31,-97],[35,64],[7,58],[-13,79],[9,139],[14,14],[1,88],[-63,154],[-33,145],[-30,180],[-29,43],[-14,77],[-13,123],[3,65],[-18,67],[-35,97],[-10,69],[-1,143],[11,70],[6,88],[24,183],[19,91],[39,74],[11,145],[-6,95],[16,118],[-3,70],[-11,82],[-27,95],[-4,59],[40,195],[27,200],[32,143],[22,33],[24,-8],[-14,-63],[-14,-190],[18,-92],[-9,-133],[13,-30],[60,62],[5,56],[20,125],[46,192],[3,46],[85,123],[30,5],[54,65],[57,53],[47,134],[46,60],[39,129],[65,74],[7,46],[80,69],[37,55],[28,58],[22,-12],[25,-37],[53,69],[36,-48],[33,-29],[25,-1],[78,38],[40,42],[66,150],[31,44],[15,-18],[86,35],[32,-4],[45,41],[36,113],[8,54],[28,52],[25,9],[73,-43],[33,-36],[14,0],[51,68],[66,28],[60,17],[27,22],[151,154],[41,52],[57,111],[28,76],[43,151],[42,222],[38,128],[-3,58],[16,70],[18,-11],[39,70],[11,42],[17,21],[51,95],[16,85],[-11,42],[-22,16],[-11,46],[-3,136],[-15,88],[-1,158],[9,86],[22,97],[34,81],[19,30],[36,1],[-14,78],[11,39],[21,-7],[31,27],[-4,47],[6,69],[23,30],[14,41],[8,63],[20,18],[19,-47],[-20,-15],[-9,-80],[17,-60],[22,-33],[5,-55],[53,-248],[48,-195],[21,-76],[2,106],[16,116],[-13,96],[5,54],[18,2],[35,-107],[21,-45],[-17,149],[27,76],[-31,-4],[-18,79],[-30,83],[1,79],[-31,-2],[-2,50],[41,-23],[19,71],[-1,65],[-31,15],[-10,22],[0,63],[12,32],[35,13],[22,-44],[-21,-43],[30,-78],[15,20],[20,68],[34,-12],[22,-29],[17,-73],[29,-4],[14,41],[26,-31],[28,-7],[42,15],[-9,27],[-37,16],[-40,-17],[-12,91],[15,86],[11,6],[14,-50],[20,35],[-2,66],[8,75],[31,79],[-30,5],[-23,-97],[-13,0],[-24,52],[-8,141],[24,137],[8,9],[26,-37],[26,44],[-3,139],[12,7],[57,-74],[23,-55],[23,1],[5,93],[-23,1],[-28,-26],[-3,41],[10,37],[19,0],[2,53],[-36,-60],[-16,55],[21,44],[16,-13],[21,31],[12,54],[19,-109],[8,23],[-4,61],[33,-48],[12,-39],[19,61],[-31,54],[-27,34],[17,33],[-30,112],[30,107],[26,54],[14,-16],[56,-3],[3,88],[-6,85],[11,62],[31,-36],[-6,-48],[4,-47],[34,-43],[-5,-78],[23,-52],[36,94],[8,123],[21,109],[1,45],[-22,154],[42,-33],[-3,-55],[-14,-15],[9,-79],[25,-34],[15,119],[27,54],[20,8],[-13,-82],[31,-102],[9,-7],[29,76],[23,110],[-12,126],[59,49],[33,-87],[-5,-27],[20,-61],[7,51],[24,3],[51,-42],[27,-95],[38,-64],[28,-90],[32,-124],[23,-78],[12,15],[47,-102],[5,-71],[-13,-48],[-20,-168],[3,-75],[14,-6],[43,-48],[-17,65],[-9,90],[32,110],[13,-95],[26,-2],[3,33],[-14,69],[-6,76],[42,30],[101,-59],[27,-22]],[[88764,27955],[5,-50],[-48,9],[29,66],[14,-25]],[[88815,28352],[-31,-40],[-12,24],[-22,-48],[-16,-68],[-32,-33],[-40,-18],[-13,18],[6,75],[17,59],[25,44],[46,14],[16,21],[54,-26],[2,-22]],[[88080,28850],[-8,-30],[-34,79],[4,52],[13,37],[15,-37],[10,-101]],[[87940,28960],[-25,1],[6,60],[25,5],[-6,-66]],[[84618,29121],[-29,-25],[-17,55],[9,60],[16,18],[21,-108]],[[84763,29693],[-18,3],[8,90],[14,31],[12,-33],[-6,-79],[-10,-12]],[[87975,30253],[26,-12],[12,67],[19,-35],[-42,-95],[-17,-96],[1,-67],[8,-17],[37,-14],[27,43],[-10,-94],[-51,15],[-32,-12],[-71,45],[10,123],[-2,53],[14,95],[37,18],[1,63],[23,49],[9,-37],[-9,-29],[10,-63]],[[87857,30330],[-13,-83],[-16,50],[-19,32],[24,48],[24,-47]],[[86287,31738],[-6,-35],[-34,-12],[-46,45],[-64,-41],[-22,44],[17,71],[22,-21],[11,34],[-6,122],[22,102],[25,13],[15,-83],[26,-178],[19,-13],[21,-48]],[[87851,31824],[4,59],[26,-15],[-30,-44]],[[86269,32043],[37,-29],[30,15],[24,44],[29,-32],[33,64],[23,15],[18,37],[41,-41],[31,-104],[2,-54],[-22,-66],[-49,-123],[-43,-60],[-45,-89],[-23,48],[-56,62],[-52,103],[-20,139],[-15,140],[7,65],[39,-86],[11,-48]],[[89498,32473],[-22,28],[1,44],[27,30],[13,-53],[-19,-49]],[[87927,31969],[-9,31],[38,139],[24,126],[12,10],[-13,-126],[-52,-180]],[[86839,32096],[-16,-27],[-15,122],[-3,66],[22,21],[13,-112],[-1,-70]],[[91655,13276],[-16,3],[-118,167],[-275,255],[-89,86],[-24,10],[-24,54],[-13,126],[-25,75],[-13,97],[14,45],[3,121],[-20,30],[-59,27],[-44,-25],[-29,49],[-40,-33],[-34,-42],[-17,10],[-18,-40],[-53,16],[-39,27],[-31,3],[-9,26],[-38,38],[-44,3],[-10,-38],[-69,-24],[-41,11],[-43,48],[-27,66],[-38,33],[-33,-26],[-77,2],[-34,-35],[-18,-72],[-24,-59],[-20,-22],[-26,24],[-26,84],[-49,56],[-10,48],[-35,43],[-32,78],[-68,54],[-50,83],[-34,32],[-20,48],[-18,135],[4,150],[-10,70],[-48,69],[-48,27],[0,33],[-39,32],[-6,-46],[14,-56],[-31,-11],[0,-80],[-25,32],[-4,64],[-25,59],[-31,22],[-12,80],[-4,134],[-29,81],[-63,53],[-14,-16],[-33,16],[-31,-10],[-54,-54],[-60,27],[-31,-27],[-46,70],[-6,32],[-46,52]],[[89120,15776],[50,3512]],[[89170,19288],[2218,19],[7,83],[23,51],[12,59],[57,43],[48,75],[38,13],[99,16],[52,-5],[52,5],[37,17],[20,-33],[25,-69],[36,8],[49,-6],[22,-13],[38,-54],[18,-94],[30,-43],[-3,-56],[13,-75],[29,5],[12,81],[26,40],[53,35],[59,11],[1,142],[-5,32],[10,54],[42,37],[62,110],[20,19],[23,-16],[34,13],[39,-18],[28,8],[20,29],[18,62],[20,29],[37,11],[16,-13],[54,16]],[[85832,29510],[-15,-12112]],[[88302,28367],[24,-6958],[854,16],[-10,-2137]],[[89120,15776],[-44,-2955]],[[89082,12819],[-6,2]],[[92645,19938],[14,-22]],[[92714,31858],[-58,-26],[-24,50],[-28,4],[3,46],[-33,32],[-22,64],[2,35],[56,-60],[44,-63],[36,-25],[24,-57]],[[92860,32012],[-3,-14],[-42,8],[-21,-22],[-16,33],[24,51],[37,-3],[21,-53]],[[92448,32561],[8,-47],[-28,-16],[-15,39],[35,24]],[[91916,32613],[-4,-67],[-27,9],[1,69],[30,-11]],[[91964,32996],[34,61],[19,15],[9,-29],[-21,-152],[-54,41],[-20,4],[-11,75],[-25,119],[-18,25],[1,69],[48,-104],[38,-124]],[[91853,33417],[24,25],[35,-85],[12,-93],[-24,-24],[-12,19],[-39,-3],[-40,29],[-25,134],[0,43],[15,28],[33,-34],[21,-39]],[[91760,33356],[-8,-1],[-37,60],[-19,51],[4,79],[30,39],[28,-48],[13,-81],[-11,-99]],[[92447,33754],[34,-53],[24,-56],[-8,-36],[-44,-41],[-51,116],[-34,57],[26,20],[53,-7]],[[91978,34003],[-19,52],[-16,13],[17,74],[18,6],[0,-145]],[[89903,33954],[-46,46],[-59,111],[53,-38],[50,-100],[2,-19]],[[89882,34098],[-21,9],[-41,45],[-2,43],[64,-13],[10,-68],[-10,-16]],[[91115,36003],[-13,39],[-29,31],[-27,95],[-2,65],[24,24],[46,-64],[14,-34],[4,-50],[-5,-61],[-12,-45]],[[93075,36207],[25,-123],[15,-98],[16,-13],[35,-80],[8,-84],[18,-51],[33,-25],[61,-128],[23,-88],[14,-139],[-6,-49],[-35,2],[-31,-73],[-41,20],[-32,31],[-29,49],[-41,130],[11,88],[-1,60],[-13,49],[-22,7],[-32,46],[-28,98],[-38,92],[-14,127],[15,183],[11,27],[25,-45],[53,-13]],[[90895,36302],[-27,-13],[-33,68],[2,82],[32,33],[22,-55],[4,-115]],[[92940,36363],[-16,156]],[[92924,36519],[20,72]],[[92944,36591],[19,-5],[16,-125],[-10,-157],[-15,-23],[-14,82]],[[90553,36794],[-27,5],[-7,49],[12,67],[16,34],[23,-50],[-4,-81],[-13,-24]],[[92287,37178],[-19,-23],[7,-52],[45,-20],[13,-197],[-4,-123],[-15,-64],[-27,-79],[-21,-14],[-46,25],[-7,-15],[2,-122],[41,-100],[6,-49],[-14,-63],[-71,-101],[-18,10],[-20,38],[-59,2],[-10,-8],[-20,-193],[-60,-108],[-46,-47],[-41,-13],[-22,-72],[-31,-19],[-8,13],[-45,-89],[-19,-15],[-52,8],[-9,19],[-48,-31],[-10,19],[-23,-14],[-72,-11],[-17,32],[-24,101],[-41,45],[-13,-2],[-59,-53],[-7,66],[-48,46],[-1,26],[-31,57],[-49,27],[-17,0],[-46,54],[-13,90],[12,97],[19,30],[26,-37],[101,4],[30,16],[37,-36],[26,-58],[57,28],[52,35],[27,-32],[47,19],[29,74],[-18,59],[24,131],[4,84],[20,32],[25,-22],[-6,-55],[-27,-43],[-5,-96],[22,-149],[16,-31],[29,-9],[37,82],[19,7],[25,-22],[10,-48],[18,-5],[66,44],[18,33],[12,54],[1,64],[19,99],[47,113],[26,28],[43,6],[27,-22],[22,75],[-9,179],[-8,82],[-22,102],[-13,92],[10,36],[68,-17],[16,-14],[18,-68],[23,-7],[42,92],[9,39],[18,-46]],[[92407,37937],[-6,-49],[-19,34],[-11,57],[30,37],[6,-79]],[[91927,38106],[16,-45],[-45,17],[11,36],[18,-8]],[[91106,34414],[19,-5]],[[91125,34409],[23,-4]],[[91148,34405],[17,-139],[7,-198],[22,-55],[13,-1],[27,-46],[9,-43],[5,-94],[11,-100],[15,-46],[29,-23],[24,0],[80,44],[19,24],[34,6],[15,-15],[7,-79],[-44,-163],[14,-98],[33,-21],[29,-59],[80,1],[38,-29],[36,8],[13,-62],[-18,-24],[-62,-29],[-12,-42],[42,-120],[17,-33],[70,-23],[33,-71],[76,-35],[41,-51],[-36,-27],[-50,35],[-17,-23],[-1,-44],[84,-62],[6,-70],[-32,-32],[-19,2],[-19,-50],[-60,-8],[-29,27],[-26,66],[-43,14],[6,32],[31,-8],[25,40],[-59,46],[-40,43],[-43,-2],[-9,-14],[-123,91],[-44,-23],[-39,20],[-32,63],[-11,-26],[-48,-12],[-38,23],[-7,30],[-41,39],[-20,-43],[-37,-7],[-26,74],[-24,-8],[-43,48],[-31,84],[-5,73],[-53,169],[-14,20],[-28,4],[-5,41],[-19,-19],[-37,135],[-10,71],[9,58],[-23,5],[-59,49],[-13,25],[-10,67],[6,67],[-37,139],[-23,40],[-21,83],[-14,125],[-31,76],[-6,52],[-29,29],[-42,16],[-33,44],[-28,21],[-50,-7],[-53,57],[-102,62],[-26,66],[-53,23],[-50,67],[15,-128],[-30,0],[0,44],[-13,46],[-19,-35],[7,-77],[-15,-15],[-26,17],[-60,57],[-22,57],[-16,76],[-29,29],[48,-179],[4,-68],[29,-124],[-19,-41],[-39,4],[-36,35],[-20,-15],[-19,16],[-11,53],[-22,-2],[51,-102],[25,-108],[-6,-28],[-76,-7],[-74,-41],[-28,-24],[-35,41],[-41,14],[11,-39],[47,-73],[57,-34],[48,-106],[31,-114],[3,-138],[-23,-45],[-21,4],[-57,-49],[-39,-75],[-75,-99],[-15,4],[-42,73],[-61,45],[-73,-30],[-62,-5],[-30,-16],[-25,11],[-21,40],[-34,11],[-29,-51],[-29,-5],[-30,70]],[[89167,38330],[9,14],[48,-21],[44,-71],[18,-10],[49,-58],[79,-114],[30,11],[34,-74],[119,-115],[135,-104],[43,3],[13,-18],[56,-20],[23,-20],[24,-76],[33,-42],[18,-7],[45,-91],[17,-51],[65,-43],[8,46],[26,3],[39,-14],[10,-41],[0,-64],[17,-33],[43,-23],[31,-49],[29,-83],[15,-77],[16,-26],[67,-13],[33,-78],[45,-147],[33,-71],[13,-90],[9,-102],[-8,-117],[-13,-53],[-4,-88],[18,-45],[50,11],[89,-82],[50,-13],[54,-107],[32,-30],[5,-27],[22,7],[24,-52],[40,-49],[35,-4],[13,25],[54,-27],[28,-58],[71,-207],[10,-88],[0,-144],[-14,-36],[-69,-27],[-42,13],[-60,-8],[-31,22],[-35,-23],[-5,-49],[2,-110],[22,-52],[28,-118],[2,-65],[11,-122],[10,-19],[31,-10],[37,-67],[65,-168],[3,-54],[15,-30],[29,8],[31,-43],[3,-41]],[[91968,38229],[28,-54],[26,-33],[39,-21],[61,-106],[50,-107],[10,7],[55,-48],[0,-18],[42,-129],[42,-63],[15,-63],[23,-14],[16,-71],[7,-52],[22,-14],[31,-41],[42,-75],[24,-64],[35,-124],[-1,-91],[-25,-72],[11,-74],[-28,-121],[-21,-43],[-45,113],[-21,142],[9,77],[-1,126],[-31,159],[-12,47],[-46,124],[-5,53],[-19,56],[-40,63],[-58,31],[-49,87],[-39,108],[-36,34],[-20,55],[-56,78],[-28,66],[-31,45],[-21,14],[-28,-14],[-20,13],[-1,36],[37,8],[-3,41],[-22,25],[12,32],[36,-83],[34,-45]],[[91793,38301],[-24,-25],[-8,16],[-43,-16],[-61,135],[-4,23],[71,64],[65,-73],[7,-53],[-3,-71]],[[90916,38751],[37,-29],[-44,-40],[-19,-49],[-63,-7],[-71,27],[-43,-53],[-14,63],[17,107],[16,14],[64,22],[69,-15],[51,-40]],[[91587,39179],[21,-107],[-17,-18],[-17,16],[-31,58],[-8,30],[14,75],[13,-4],[25,-50]],[[91125,34409],[23,-4]],[[89167,36498],[867,-675],[900,-1382],[172,-27]],[[96995,2384],[-44,13],[-7,34],[57,49],[5,-87],[-11,-9]],[[96140,3622],[-4,-48],[-33,13],[-13,36],[50,-1]],[[96179,3640],[-99,-12],[3,58],[52,73],[11,100],[44,-25],[-41,-98],[25,-41],[5,-55]],[[96726,6344],[-19,-30],[-41,-7],[-32,-48],[-29,20],[-29,-71],[-39,-13],[-2,56],[59,143],[20,71],[-16,69],[5,76],[41,15],[21,-26],[16,-53],[36,-54],[21,-98],[-12,-50]],[[1006,8735],[-37,0],[-6,-25],[23,-123],[27,-42],[-7,-31],[-39,-47],[-23,1],[-14,77],[36,55],[-16,82],[-70,-14],[-4,23],[80,67],[50,-23]],[[98657,13711],[-22,-1],[-21,46],[49,29],[-6,-74]],[[98766,14080],[-27,-1],[-29,65],[1,104],[14,12],[32,-79],[9,-101]],[[98311,10809],[-33,-45],[6,120],[38,34],[-11,-109]],[[98330,14211],[37,-91],[15,-12],[5,-67],[-31,-27],[-18,98],[-54,174],[-119,338],[14,88],[26,7],[32,81],[-26,29],[1,-64],[-35,-7],[-14,-33],[-2,-74],[-82,224],[17,17],[13,65],[-2,63],[-14,59],[-91,260],[-25,53],[5,43],[47,15],[14,-38],[-13,-57],[17,-25],[23,-66],[22,-113],[30,-39],[7,-95],[27,32],[17,109],[20,-35],[-27,-29],[11,-46],[28,-11],[13,43],[70,-54],[72,-84],[-22,-31],[-1,-44],[22,-1],[13,-73],[21,4],[28,64],[18,-75],[53,-194],[-27,-28],[12,-58],[-8,-31],[-37,33],[-3,-81],[37,9],[4,-120],[37,-57],[-3,-22],[45,-120],[-20,-194],[2,-45],[26,-148],[24,-52],[34,4],[40,-60],[18,12],[27,-50],[-1,-101],[18,-55],[54,-14],[3,54],[-13,126],[-30,92],[21,65],[-13,111],[-24,37],[-6,62],[51,-24],[18,-76],[7,-63],[37,-2],[22,-29],[-30,-37],[31,-27],[20,-166],[-9,-71],[11,-60],[14,-142],[-9,-52],[14,-81],[69,-51],[7,24],[72,-69],[36,-60],[119,-81],[21,-33],[71,22],[52,77],[38,141],[37,19],[52,80],[62,-13],[19,-48],[40,-14],[19,-50],[-40,-124],[-20,-91],[8,-57],[-16,-119],[1,-100],[-6,-97],[-64,-132],[-39,-4],[3,-51],[-12,-183],[27,-52],[-25,-102],[-22,54],[-1,60],[-39,20],[-71,8],[-103,-101],[-34,-106],[-9,-65],[13,-160],[47,-5],[-26,-72],[-36,-189],[0,-37],[-25,-97],[-32,-72],[-17,-73],[-24,-52],[-52,-141],[-32,-157],[-27,-48],[-16,-106],[-36,-95],[-59,-100],[-117,-159],[-26,-2],[-12,65],[2,72],[-39,35],[-38,-50],[-13,16],[-1,59],[8,85],[-19,4],[-22,-91],[-26,12],[-11,69],[29,27],[36,112],[28,50],[19,88],[27,79],[17,93],[18,202],[-11,117],[-12,51],[-50,126],[-39,41],[-25,-2],[-53,32],[-38,72],[-18,61],[-38,42],[-69,25],[-49,92],[-11,105],[9,59],[15,33],[48,50],[55,69],[50,1],[19,25],[37,80],[5,48],[21,276],[12,139],[35,22],[25,39],[-18,27],[4,65],[-30,-2],[2,86],[24,37],[-8,25],[-42,307],[-33,164],[20,11],[19,-37],[45,45],[-24,48],[8,58],[-46,-6],[-16,-52],[-28,-9],[-23,180],[-32,113],[-26,66],[-8,52],[20,15],[33,-135],[24,-13],[3,84],[-7,84],[-39,15],[-1,56],[40,105],[-13,15],[-15,-58],[-17,79],[-26,-37],[28,-28],[-7,-44],[-75,97]],[[96396,7619],[-31,18],[-3,46],[16,36],[18,-100]],[[96309,7301],[-58,18],[18,55],[42,15],[7,-36],[-9,-52]],[[97998,11061],[-17,-2],[-22,-97],[13,-68],[44,-76],[20,39],[21,5],[12,-56],[2,-74],[-8,-39],[13,-192],[35,-11],[48,94],[63,90],[34,-3],[-8,41],[81,75],[11,-30],[-27,-39],[-30,-1],[7,-108],[-11,-105],[81,66],[-26,15],[-30,-13],[1,46],[36,95],[60,-33],[-10,-110],[-44,-40],[66,-17],[-14,-35],[-25,14],[-27,-85],[9,-73],[26,-40],[4,-75],[27,-41],[-15,-68],[-71,-161],[-7,-76],[-107,-223],[-68,-310],[-11,-36],[-53,-75],[-44,-26],[-27,-36],[-22,-68],[-9,-127],[13,-139],[79,-29],[12,-34],[3,-93],[-15,-30],[-38,-1],[-16,-22],[-42,68],[-61,61],[-29,-29],[0,-68],[-56,-36],[-168,-176],[-63,-95],[-17,-42],[-5,-63],[-23,-93],[6,-131],[-5,-130],[-13,-53],[-52,-122],[-25,-141],[-4,-92],[-30,-93],[-37,-158],[44,40],[1,-70],[-99,-42],[-31,-39],[-14,-42],[-6,-71],[-48,-69],[-61,-103],[0,-54],[-41,-67],[-67,-47],[-54,-24],[-71,-17],[-36,11],[-11,74],[-63,-35],[-33,-2],[-29,53],[-5,87],[-34,13],[-11,34],[-26,7],[-80,-38],[-21,45],[7,36],[-21,54],[-29,31],[-42,4],[-25,-67],[-21,-14],[-88,35],[-37,-5],[-30,14],[-15,39],[19,28],[-33,45],[2,64],[-40,-29],[-5,121],[20,29],[46,0],[51,15],[-30,83],[26,53],[38,13],[-5,37],[-56,-37],[-25,15],[34,165],[15,30],[46,-56],[15,63],[-25,49],[-2,40],[66,158],[23,38],[23,8],[17,-95],[14,5],[-16,144],[41,74],[39,52],[29,85],[31,68],[47,59],[12,52],[34,54],[24,95],[84,31],[23,-10],[27,24],[61,91],[40,76],[74,72],[65,52],[42,121],[41,38],[7,31],[66,143],[141,149],[99,245],[44,200],[14,154],[42,219],[42,4],[62,92],[50,163],[16,91],[-5,89],[2,194],[30,72],[36,41],[36,81],[26,-2],[16,33],[0,44],[46,-4]],[[96464,23827],[-8,-34],[-27,5],[-17,52],[-7,94],[11,79],[30,-5],[26,-50],[1,-92],[-9,-49]],[[96555,24849],[37,13],[7,-42],[25,-39],[-3,-66],[-46,-86],[-20,-3],[-3,66],[-17,23],[-9,61],[-4,89],[14,47],[19,-63]],[[96391,25409],[35,-13],[11,-26],[-5,-102],[-9,-58],[37,-52],[25,-74],[-4,-70],[-13,-26],[-51,23],[-29,58],[-40,57],[-9,53],[0,159],[37,66],[15,5]],[[96271,25480],[-8,-50],[-26,8],[-23,60],[-6,52],[4,71],[19,68],[11,-5],[30,-65],[7,-42],[-8,-97]],[[95651,25812],[10,-47],[17,2],[12,90],[16,26],[23,0],[12,-26],[8,-142],[28,-146],[0,-58],[18,-105],[23,-26],[26,-52],[54,-16],[21,-63],[58,-110],[20,-20],[39,-137],[29,-89],[34,-47],[24,-10],[28,-79],[0,-47],[20,-37],[61,-178],[47,-20],[16,-32],[4,-131],[-8,-63],[-37,-68],[-18,-21],[-28,0],[-35,47],[0,21],[-38,21],[-38,47],[-7,121],[-10,63],[-36,47],[-69,146],[-18,21],[-38,74],[-45,36],[-8,32],[-34,63],[-18,68],[-25,10],[-32,89],[-18,26],[-47,121],[-24,141],[-38,110],[-11,157],[-18,16],[-26,68],[-12,105],[18,146],[45,-31],[8,-58],[17,-55]],[[96354,31796],[-23,11],[-8,71],[27,-6],[19,-60],[-15,-16]],[[94466,31936],[99,-131],[22,-51],[3,-41],[-15,-24],[-25,43],[-6,46],[-23,55],[-35,-7],[-36,33],[-17,57],[10,40],[23,-20]],[[96150,32468],[-23,-26],[-29,11],[-20,-68],[-22,17],[-7,62],[35,65],[39,6],[31,-9],[-4,-58]],[[94873,32815],[41,-62],[8,-29],[32,-33],[47,-23],[19,24],[16,-19],[44,-184],[-8,-40],[12,-41],[-52,10],[-66,43],[-29,34],[-39,69],[-27,67],[-11,118],[-36,27],[-24,-2],[4,87],[41,-7],[28,-39]],[[94425,33423],[55,0],[7,11],[56,0],[62,-96],[66,-202],[-9,-42],[-38,-30],[-44,28],[-41,47],[-30,10],[-46,-12],[-66,21],[-28,63],[-32,125],[-4,157],[34,47],[14,-20],[44,-107]],[[94525,33702],[-8,-64],[-20,32],[-22,-4],[-10,35],[31,34],[29,-33]],[[94533,33690],[10,-42],[-2,-52],[-22,26],[14,68]],[[94207,33655],[-14,-8],[-18,36],[17,52],[26,-22],[-11,-58]],[[93786,33914],[3,-33],[-42,26],[18,47],[21,-40]],[[93898,33905],[-24,3],[-21,54],[6,81],[29,44],[26,-12],[13,-33],[-10,-92],[-19,-45]],[[93724,34095],[-20,-56],[-8,-86],[-30,80],[3,32],[39,91],[16,-61]],[[94706,33865],[21,-18],[40,-92],[16,-91],[-4,-28],[23,-160],[21,-90],[4,-107],[-24,46],[-28,123],[-75,148],[-11,5],[-21,87],[-24,185],[-9,36],[-9,107],[15,60],[-34,100],[-2,36],[37,20],[27,-46],[13,-71],[35,-87],[6,-47],[-16,-39],[-1,-77]],[[94831,33381],[6,70],[39,-177],[4,-98],[-35,31],[-14,48],[0,126]],[[93786,34281],[27,11],[13,-18],[36,-169],[-8,-60],[-21,-16],[-20,54],[-31,21],[-11,34],[14,36],[-27,95],[-47,-14],[-19,-47],[-16,20],[0,82],[25,51],[16,68],[30,47],[25,-31],[8,-36],[6,-128]],[[93504,34336],[-24,54],[-1,95],[21,-67],[4,-82]],[[93661,34367],[-9,-22],[-32,19],[-19,55],[-6,54],[10,54],[13,22],[26,5],[16,-48],[7,-96],[-6,-43]],[[93528,34488],[-39,139],[-18,47],[5,64],[30,10],[51,-100],[-10,-61],[-13,-21],[-6,-78]],[[94361,34082],[-17,-18],[-26,43],[-3,52],[28,12],[18,-89]],[[94023,34731],[-35,-20],[2,52],[33,-32]],[[94402,34214],[5,-136],[-17,-3],[-30,82],[-21,36],[-27,15],[-90,112],[-52,70],[-48,83],[-5,35],[-41,84],[-20,26],[-8,77],[-15,28],[-10,50],[44,-10],[33,-41],[44,-94],[44,-107],[86,-64],[40,-81],[88,-162]],[[93285,35099],[-17,-20],[-27,27],[18,89],[33,-51],[-7,-45]],[[93699,34968],[32,-30],[18,17],[10,-41],[-26,-43],[-82,63],[-60,82],[-69,227],[-34,53],[-26,65],[-7,70],[26,22],[32,-36],[17,-52],[19,-34],[57,-63],[36,-78],[9,-108],[11,-38],[37,-76]],[[99581,26552],[-8,-37],[-35,-12],[-10,37],[-32,-35],[-15,-65],[-35,-17],[-11,41],[27,28],[30,53],[46,47],[36,-21],[7,-19]],[[99823,27194],[-5,-21],[-29,63],[-2,45],[18,18],[15,-49],[3,-56]],[[99671,27444],[-13,-9],[-8,59],[24,33],[6,-60],[-9,-23]],[[99521,27699],[7,-31],[81,-150],[0,-104],[7,-79],[20,-94],[-4,-37],[-25,-43],[-16,31],[-23,-42],[-14,34],[-35,-31],[-30,-75],[-40,-12],[-43,3],[-70,62],[-39,11],[-39,32],[-23,114],[2,63],[32,43],[17,45],[-13,77],[36,98],[30,44],[56,58],[35,-33],[61,49],[28,-3],[2,-30]],[[99986,27978],[-19,24],[19,62],[13,67],[0,-128],[-13,-25]],[[3,28014],[-3,117],[18,53],[21,20],[11,-69],[-47,-121]],[[99987,28555],[-29,-67],[-29,-114],[-43,-65],[-31,-113],[3,-47],[20,1],[80,181],[20,-18],[-14,-74],[20,-78],[-13,-18],[-33,31],[-33,-9],[-25,-44],[-67,-1],[7,42],[-24,38],[-28,-24],[-33,-58],[-8,-87],[-42,47],[-16,-42],[-5,-49],[-28,-7],[-19,116],[-37,23],[-4,28],[33,88],[29,-22],[21,52],[33,36],[24,58],[69,49],[48,-3],[0,41],[28,54],[74,51],[64,35],[-12,-31]],[[8957,23056],[-30,10],[10,37],[20,-47]],[[11935,23579],[-1,-89],[-31,32],[8,62],[24,-5]],[[7971,24176],[-10,-37],[-29,11],[18,52],[21,-26]],[[11438,24448],[-51,-10],[6,110],[17,0],[32,-47],[-4,-53]],[[10965,24600],[-22,-26],[-29,21],[0,63],[31,47],[20,-105]],[[12364,24637],[-32,0],[-7,68],[15,31],[34,-5],[-10,-94]],[[12133,24700],[-38,42],[-2,68],[28,-58],[12,-52]],[[11359,25249],[-28,11],[16,47],[12,-58]],[[11523,25307],[-6,-58],[-22,11],[14,68],[14,-21]],[[11478,26234],[-22,-26],[-14,36],[22,26],[14,-36]],[[12180,26820],[-69,-5],[4,110],[31,-5],[20,-21],[14,-79]],[[11939,27082],[69,-126],[-79,58],[-12,31],[22,37]],[[10935,26983],[-45,-6],[-30,53],[-47,146],[12,53],[35,26],[30,-68],[12,-74],[33,-130]],[[10512,27134],[-16,-10],[-8,89],[-29,47],[15,58],[20,-6],[18,-178]],[[8516,27510],[1,-34],[40,-16],[5,-71],[-29,3],[-10,49],[-49,29],[-30,6],[-11,62],[4,42],[17,32],[28,8],[32,-71],[2,-39]],[[8391,27637],[-11,-54],[-12,-8],[-19,47],[42,15]],[[11579,27736],[-32,-5],[12,47],[24,11],[-4,-53]],[[10279,27935],[-30,-26],[-36,53],[-18,52],[20,73],[40,-73],[24,-79]],[[9845,28072],[-12,-21],[-61,57],[-20,58],[30,-5],[28,-27],[35,-62]],[[7947,28063],[-21,29],[-1,45],[30,-45],[-8,-29]],[[7937,28239],[-24,-8],[0,68],[23,-10],[1,-50]],[[10182,28229],[-36,0],[-40,68],[-47,47],[-46,68],[22,37],[24,-42],[41,-47],[38,-27],[46,-52],[-2,-52]],[[10247,28475],[-21,46],[5,39],[16,6],[18,-49],[-18,-42]],[[9635,28417],[-21,-63],[-26,11],[-34,36],[-12,32],[-15,120],[-22,68],[35,89],[18,-42],[18,-68],[59,-183]],[[11104,28705],[-32,-42],[-4,63],[32,58],[4,-79]],[[10474,28653],[-49,-63],[8,131],[18,68],[19,-47],[4,-89]],[[10900,28805],[-34,-16],[10,68],[16,16],[8,-68]],[[9491,28846],[14,-94],[-73,0],[-3,126],[62,-32]],[[9333,28878],[-20,-37],[-42,26],[-41,0],[-26,95],[30,52],[35,-68],[64,-68]],[[9404,29150],[-59,-78],[-26,42],[4,78],[10,52],[33,0],[38,-94]],[[9263,29150],[-19,-21],[-30,32],[-4,57],[24,21],[-14,53],[28,15],[17,-36],[14,-68],[-16,-53]],[[9113,29213],[-57,-16],[-81,68],[-44,74],[2,62],[26,58],[43,-21],[20,-52],[10,-79],[87,-42],[-6,-52]],[[8887,29475],[-29,-84],[-18,26],[4,50],[22,23],[21,-15]],[[11363,32993],[-2,63],[21,-27],[-19,-36]],[[11384,33205],[48,-60],[-17,-26],[-24,24],[-14,-45],[-16,42],[23,42],[0,23]],[[11124,33407],[-14,-31],[-20,39],[-1,29],[20,36],[13,-23],[2,-50]],[[11123,33847],[7,-42],[-37,-55],[-25,-5],[-4,94],[41,-3],[18,11]],[[55191,71309],[-51,112],[-60,169],[-89,151],[-30,19],[-47,-13],[-33,-78],[-63,0],[-35,-48],[-32,-112]],[[51526,45464],[-24,-21],[-26,7],[-14,-22],[-26,-84],[15,-67],[4,-81],[-33,-85],[-12,-81],[11,-100],[-6,-64],[-19,-74],[-3,-62],[14,-29],[16,-67],[-4,-98],[-31,-114]],[[50765,46575],[24,6],[154,3],[39,55],[76,75],[12,54],[34,29],[15,-13],[7,-48],[36,-57],[19,-18],[26,13],[5,-76],[-22,-18],[-24,-137],[12,-37],[35,-197],[29,-70],[49,-88],[66,0],[16,23],[16,-19],[11,-41],[24,-14],[14,-38],[18,-14],[16,28],[22,5],[23,-70],[6,-116],[0,-187],[3,-144]],[[51526,45464],[4,-38],[45,-14],[32,70],[38,-9],[2,-51],[23,-103],[24,-14],[30,38],[41,32],[31,-21],[41,28],[111,-7],[138,5],[137,-4],[137,3],[200,-4],[221,1],[95,0]],[[63606,48298],[1,0]],[[58478,29505],[-52,156],[-3,74],[19,29],[64,193],[-85,216],[-42,74],[-23,59],[-34,109],[-11,19],[-33,98]],[[63167,50029],[-3,-4]],[[89816,75664],[-14,-7]],[[89795,75653],[-20,-18]],[[89742,75594],[-11,-23]],[[89731,75571],[-5,-14]],[[89726,75557],[-8,-30]],[[89683,75249],[-22,-112]],[[89656,75113],[-4,-27]],[[89611,74466],[5,-19]],[[89616,74447],[3,-13]],[[89619,74434],[23,-66]],[[89642,74368],[21,-44]],[[89749,73903],[-4,-16]],[[89889,73576],[-4,-23]],[[89859,73448],[-5,-11]],[[89851,73399],[2,-26]],[[89820,73703],[-52,21]],[[89768,73724],[-9,3]],[[89753,73723],[-9,-4]],[[89724,73724],[-36,6]],[[89667,73727],[-7,3]],[[89651,73767],[-4,25]],[[89647,73792],[-1,25]],[[89646,73817],[-3,17]],[[89643,73834],[-33,-22]],[[89590,73791],[-10,-13]],[[89499,73316],[-31,-94]],[[89468,73222],[-10,17]],[[89426,73360],[-10,134]],[[89412,73523],[-10,51]],[[89402,73574],[-5,30]],[[89392,73725],[45,219]],[[89450,74002],[2,13]],[[89452,74186],[-4,15]],[[89448,74201],[-6,12]],[[89467,74623],[5,18]],[[89472,74641],[7,15]],[[89419,75180],[-6,31]],[[89413,75211],[-4,20]],[[89407,75302],[14,34]],[[89421,75336],[9,12]],[[89430,75348],[4,12]],[[89463,75636],[-2,16]],[[89472,75754],[5,34]],[[89481,75836],[2,20]],[[90012,76104],[5,-38]],[[90194,75293],[-3,-19]],[[90205,75203],[-17,1]],[[90154,75381],[-6,15]],[[90148,75396],[-25,54]],[[90070,75542],[-30,60]],[[89977,75658],[-14,3]],[[89821,75746],[-19,-2]],[[89809,75685],[8,-1]],[[89823,75685],[11,2]],[[89898,75687],[7,-8]],[[89840,75674],[-24,-10]],[[78182,43503],[-30,-23],[15,-205],[24,-25],[5,-37],[-4,-97],[42,-134]],[[78234,42982],[-19,-59],[-21,3],[-13,-27],[-44,11],[-19,-64],[-28,26],[-17,55],[-39,10],[-6,30],[-26,-28]],[[78281,42593],[-5,-20],[-2,-174],[-7,-107],[-31,-38],[-33,3],[8,-123],[-4,-16]],[[78234,42982],[29,-103],[14,-71],[2,-57],[-5,-131],[7,-27]],[[78534,42257],[-51,53],[-62,105],[-116,116],[-24,62]],[[92940,36363],[-16,156]],[[92924,36519],[20,72]]],"transform":{"scale":[0.0036000360003600037,0.0013900574405744058],"translate":[-180,-55.891045000000005]},"objects":{"cshapes":{"type":"GeometryCollection","geometries":[{"arcs":[[[0]],[[1]],[[2]],[[3]],[[4]],[[5]],[[6]],[[7]],[[8]],[[9]],[[10]],[[13]],[[14]],[[15,16,17,18,19,20]],[[21]],[[22]],[[23]],[[24]],[[25]],[[26]]],"type":"MultiPolygon","properties":{"n":"United States of America","s":18860101,"e":19590102}},{"arcs":[[[15,16,17,18,19,20]],[[22]],[[23]],[[24]],[[26]],[[25]],[[13]],[[14]],[[21]],[[0]],[[1]],[[5]],[[2]],[[6]],[[4]],[[3]],[[7]],[[8]],[[10]],[[9]],[[27]],[[28]],[[29]],[[30]],[[31]],[[32]],[[33]],[[34]],[[35]],[[36]],[[37]],[[38]],[[39]],[[40]],[[41]],[[42]],[[43]],[[44]],[[45]],[[46]],[[47]],[[48]],[[49]],[[50]],[[51]],[[52]],[[53]],[[54]],[[55]],[[56]],[[57]],[[58]],[[59]],[[60]],[[61]],[[62]],[[63]],[[64]],[[65]],[[66]],[[67]],[[68]],[[69]],[[70]],[[71]],[[72]],[[73]],[[74]],[[75]],[[76]],[[77]],[[78]],[[79]],[[80]],[[81]],[[82]],[[83]],[[84]],[[85]],[[86]],[[87]],[[88]],[[89]],[[90]],[[91]],[[92]],[[93]],[[94]],[[95]],[[96]],[[97]],[[98]],[[99]],[[100]],[[101]],[[102]],[[103,104]],[[105,106]]],"type":"MultiPolygon","properties":{"n":"United States of America","s":19590103,"e":19590820}},{"arcs":[[[107]],[[108]],[[109]],[[110]],[[111]],[[112]],[[113]],[[0]],[[1]],[[24]],[[22]],[[26]],[[23]],[[5]],[[3]],[[4]],[[2]],[[6]],[[13]],[[21]],[[25]],[[14]],[[27]],[[30]],[[31]],[[28]],[[34]],[[40]],[[29]],[[41]],[[42]],[[43]],[[32]],[[33]],[[37]],[[38]],[[39]],[[36]],[[35]],[[15,16,17,18,19,20]],[[10]],[[7]],[[8]],[[9]],[[87]],[[101]],[[44]],[[47]],[[48]],[[49]],[[50]],[[45]],[[46]],[[51]],[[53]],[[52]],[[54]],[[57]],[[59]],[[55]],[[58]],[[56]],[[60]],[[67]],[[74]],[[75]],[[77]],[[78]],[[68]],[[66]],[[70]],[[71]],[[72]],[[69]],[[73]],[[76]],[[63]],[[81]],[[61]],[[62]],[[64]],[[79]],[[65]],[[80]],[[82]],[[83]],[[93]],[[84]],[[92]],[[94]],[[95]],[[98]],[[97]],[[96]],[[85]],[[88]],[[99]],[[86]],[[89]],[[91]],[[100]],[[102]],[[90]],[[103,104]],[[105,106]]],"type":"MultiPolygon","properties":{"n":"United States of America","s":19590821,"e":20191231}},{"arcs":[[[27]],[[32]],[[42]],[[43]],[[41]],[[30]],[[31]],[[28]],[[40]],[[29]],[[33]],[[35]],[[38]],[[39]],[[37]],[[34]],[[36]],[[75]],[[74]],[[77]],[[63]],[[53]],[[52]],[[54]],[[51]],[[57]],[[59]],[[58]],[[56]],[[55]],[[60]],[[67]],[[61]],[[78]],[[79]],[[62]],[[64]],[[65]],[[80]],[[81]],[[82]],[[93]],[[83]],[[68]],[[66]],[[70]],[[44]],[[47]],[[48]],[[71]],[[49]],[[72]],[[50]],[[87]],[[101]],[[84]],[[92]],[[98]],[[95]],[[94]],[[97]],[[96]],[[88]],[[99]],[[90]],[[85]],[[89]],[[86]],[[91]],[[100]],[[102]],[[45]],[[46]],[[73]],[[69]],[[103,104]],[[76]],[[105,106]]],"type":"MultiPolygon","properties":{"n":"Alaska","s":18860101,"e":19590102}},{"arcs":[[[107]],[[110]],[[108]],[[111]],[[109]],[[112]],[[113]]],"type":"MultiPolygon","properties":{"n":"Hawaii","s":18980706,"e":19590820}},{"arcs":[[[114]],[[115]]],"type":"MultiPolygon","properties":{"n":"Puerto Rico","s":18860101,"e":18981209}},{"arcs":[[[114]],[[115]]],"type":"MultiPolygon","properties":{"n":"Puerto Rico","s":18981210,"e":20191231}},{"arcs":[[[116]],[[117]],[[118]],[[119]],[[120,121,122]],[[123]],[[124]],[[125]],[[126]],[[127]],[[128]],[[129]],[[130]],[[131]],[[132]],[[133]],[[134]],[[135]],[[136]],[[137]],[[138]],[[139]],[[140]],[[141]],[[142]],[[143]],[[144]],[[145]],[[146]],[[147]],[[148]],[[149]],[[150]],[[151]],[[152]],[[153]],[[154]],[[155]],[[156]],[[157]],[[158]],[[159]],[[160]],[[161]],[[162]],[[163]],[[164]],[[165]],[[166]],[[167]],[[168]],[[169]],[[170]],[[171]],[[172]],[[173]],[[174]],[[175]],[[176]],[[177]],[[178]],[[179]],[[180]],[[181]],[[182]],[[183]],[[184]],[[185]],[[186]],[[187]],[[188]],[[189]],[[190]],[[191]],[[192]],[[193]],[[194]],[[195]],[[196]],[[197]],[[198]],[[199]],[[200]],[[201]],[[202]],[[203]],[[204]],[[205]],[[206]],[[207]],[[208]],[[209]],[[210]],[[211]],[[212]],[[213]],[[214]],[[215]],[[216]],[[217]],[[218]],[[219]],[[220]],[[221]],[[222]],[[223]],[[224]],[[225]],[[226]],[[227]],[[228]],[[229]],[[230]],[[231]],[[232]],[[233]],[[234]],[[235]],[[236]],[[237]],[[238]],[[239]],[[240]],[[241]],[[242]],[[243]],[[244]],[[245]],[[246]],[[247]],[[248]],[[249]],[[250]],[[251]],[[252]],[[253]],[[254,255,256,257,-20,258,-12,259,-104,260,-106,261]],[[262]],[[263]],[[264]],[[265]],[[266]],[[267]],[[268]],[[269]],[[270]],[[271]],[[272]],[[273]],[[274]],[[275]],[[276]],[[277]],[[278]],[[279]],[[280]],[[281]],[[282]],[[283]],[[284]],[[285]],[[286]],[[287]],[[288]],[[289]],[[290]],[[291]],[[292]],[[293]],[[294]],[[295]],[[296]],[[297]],[[298]],[[299]],[[300]],[[301]],[[302]],[[303]],[[304]],[[305]],[[306]],[[307]],[[308]],[[309]],[[310]],[[311]],[[312]]],"type":"MultiPolygon","properties":{"n":"Canada","s":18860101,"e":19480721}},{"arcs":[[[313]],[[314]],[[315]],[[316]],[[317]],[[318]],[[319]],[[117]],[[125]],[[320]],[[130]],[[116]],[[321]],[[322]],[[127]],[[128]],[[323]],[[324]],[[325]],[[129]],[[118]],[[326]],[[327,328,122]],[[123]],[[119]],[[124]],[[163]],[[164]],[[168]],[[169]],[[165]],[[167]],[[166]],[[170]],[[204]],[[178]],[[179]],[[177]],[[180]],[[181]],[[182]],[[203]],[[173]],[[171]],[[175]],[[174]],[[176]],[[172]],[[329]],[[205]],[[202]],[[184]],[[185]],[[188]],[[330]],[[131]],[[132]],[[133]],[[187]],[[206]],[[207]],[[209]],[[208]],[[210]],[[192]],[[195]],[[197]],[[189]],[[196]],[[193]],[[194]],[[198]],[[199]],[[200]],[[190]],[[201]],[[186]],[[191]],[[331]],[[183]],[[126]],[[230]],[[233]],[[232]],[[231]],[[234]],[[238]],[[239]],[[240]],[[241]],[[242]],[[226]],[[214]],[[215]],[[213]],[[217]],[[216]],[[229]],[[218]],[[219]],[[220]],[[221]],[[235]],[[243]],[[246]],[[247]],[[245]],[[244]],[[223]],[[222]],[[227]],[[228]],[[225]],[[224]],[[248]],[[211]],[[212]],[[236]],[[237]],[[283]],[[284]],[[276]],[[279]],[[282]],[[280]],[[285]],[[135]],[[136]],[[134]],[[138]],[[142]],[[140]],[[141]],[[139]],[[150]],[[161]],[[160]],[[151]],[[153]],[[154]],[[152]],[[158]],[[155]],[[137]],[[156]],[[157]],[[159]],[[332,333,334,257,-20,258,-12,259,-104,260,-106,261]],[[262]],[[250]],[[249]],[[162]],[[146]],[[145]],[[148]],[[143]],[[147]],[[149]],[[144]],[[267]],[[268]],[[270]],[[271]],[[277]],[[264]],[[263]],[[251]],[[265]],[[252]],[[253]],[[266]],[[286]],[[299]],[[300]],[[269]],[[311]],[[272]],[[273]],[[274]],[[278]],[[275]],[[292]],[[287]],[[290]],[[288]],[[293]],[[294]],[[296]],[[295]],[[297]],[[289]],[[291]],[[298]],[[301]],[[302]],[[304]],[[305]],[[303]],[[306]],[[307]],[[308]],[[310]],[[309]],[[312]],[[281]]],"type":"MultiPolygon","properties":{"n":"Canada","s":19480722,"e":20191231}},{"arcs":[[[313]],[[314]],[[315]],[[329]],[[320]],[[325]],[[330]],[[331]],[[-121,327,335]],[[-257,334]],[[323]],[[324]],[[321]],[[322]],[[316]],[[317]],[[326]],[[-256,336,333]],[[318]],[[319]]],"type":"MultiPolygon","properties":{"n":"Newfoundland","s":18860101,"e":19480721}},{"arcs":[[[337]],[[338]],[[339]],[[340]],[[341]],[[342]],[[343]],[[344]],[[345]],[[346]],[[347]],[[348]],[[349]],[[350]]],"type":"MultiPolygon","properties":{"n":"Bahamas","s":18860101,"e":19730709}},{"arcs":[[[337]],[[338]],[[339]],[[340]],[[341]],[[342]],[[343]],[[344]],[[345]],[[346]],[[347]],[[348]],[[349]],[[350]]],"type":"MultiPolygon","properties":{"n":"Bahamas","s":19730710,"e":20191231}},{"arcs":[[[351]],[[352]],[[353]],[[354]],[[355]],[[356]]],"type":"MultiPolygon","properties":{"n":"Cuba","s":18860101,"e":18981209}},{"arcs":[[[351]],[[352]],[[353]],[[354]],[[355]],[[356]]],"type":"MultiPolygon","properties":{"n":"Cuba","s":18981210,"e":19020519}},{"arcs":[[[351]],[[352]],[[353]],[[354]],[[355]],[[356]]],"type":"MultiPolygon","properties":{"n":"Cuba","s":19020520,"e":20191231}},{"arcs":[[[357]],[[358,359]],[[360]]],"type":"MultiPolygon","properties":{"n":"Haiti","s":18860101,"e":19150704}},{"arcs":[[[357]],[[358,359]],[[360]]],"type":"MultiPolygon","properties":{"n":"Haiti","s":19150705,"e":19340814}},{"arcs":[[[357]],[[358,359]],[[360]]],"type":"MultiPolygon","properties":{"n":"Haiti","s":19340815,"e":20191231}},{"arcs":[[[361]],[[-359,362]]],"type":"MultiPolygon","properties":{"n":"Dominican Republic","s":18860101,"e":20191231}},{"arcs":[[363]],"type":"Polygon","properties":{"n":"Jamaica","s":18860101,"e":19620805}},{"arcs":[[363]],"type":"Polygon","properties":{"n":"Jamaica","s":19620806,"e":20191231}},{"arcs":[[[364]],[[365]]],"type":"MultiPolygon","properties":{"n":"Trinidad and Tobago","s":18860101,"e":19620830}},{"arcs":[[[364]],[[365]]],"type":"MultiPolygon","properties":{"n":"Trinidad and Tobago","s":19620831,"e":20191231}},{"arcs":[[366]],"type":"Polygon","properties":{"n":"Barbados","s":18860101,"e":19661129}},{"arcs":[[366]],"type":"Polygon","properties":{"n":"Barbados","s":19661130,"e":20191231}},{"arcs":[[[367]],[[368]]],"type":"MultiPolygon","properties":{"n":"Guadeloupe","s":18860101,"e":20191231}},{"arcs":[[369]],"type":"Polygon","properties":{"n":"Martinique","s":18860101,"e":20191231}},{"arcs":[[[370]],[[371]],[[372]],[[373]],[[374]],[[375]],[[376]],[[377]],[[-18,378,379,380,381]],[[382]],[[383]],[[384]],[[385]],[[386]],[[387]],[[388]]],"type":"MultiPolygon","properties":{"n":"Mexico","s":18860101,"e":20191231}},{"arcs":[[[389,390,-380]],[[391]],[[392]]],"type":"MultiPolygon","properties":{"n":"Belize","s":18860101,"e":19700802}},{"arcs":[[[389,390,-380]],[[391]],[[392]]],"type":"MultiPolygon","properties":{"n":"Belize","s":19700803,"e":19810920}},{"arcs":[[[389,390,-380]],[[391]],[[392]]],"type":"MultiPolygon","properties":{"n":"Belize","s":19810921,"e":20191231}},{"arcs":[[-391,393,394,395,396,-381]],"type":"Polygon","properties":{"n":"Guatemala","s":18860101,"e":20191231}},{"arcs":[[[397,398,399,-395,400]],[[401]]],"type":"MultiPolygon","properties":{"n":"Honduras","s":18860101,"e":20191231}},{"arcs":[[402,-396,-400]],"type":"Polygon","properties":{"n":"El Salvador","s":18860101,"e":20191231}},{"arcs":[[403,404,405,-398]],"type":"Polygon","properties":{"n":"Nicaragua","s":18860101,"e":20191231}},{"arcs":[[406,-405,407,408]],"type":"Polygon","properties":{"n":"Costa Rica","s":18860101,"e":20191231}},{"arcs":[[[409]],[[410]],[[411,412,-409,413]]],"type":"MultiPolygon","properties":{"n":"Panama","s":19031103,"e":20191231}},{"arcs":[[[414]],[[415]],[[409]],[[410]],[[412,-409,413,416,417,418,419,420,421,422]]],"type":"MultiPolygon","properties":{"n":"Colombia","s":18860101,"e":19031102}},{"arcs":[[[414]],[[415]],[[-412,416,417,418,419,420,421,422]]],"type":"MultiPolygon","properties":{"n":"Colombia","s":19031103,"e":19220323}},{"arcs":[[[414]],[[415]],[[-412,416,417,418,423,424,420,421,422]]],"type":"MultiPolygon","properties":{"n":"Colombia","s":19220324,"e":20191231}},{"arcs":[[[425]],[[426,427,-418,428,429]],[[430]],[[431]],[[432]],[[433]],[[434]],[[435]],[[436]]],"type":"MultiPolygon","properties":{"n":"Venezuela","s":18860101,"e":20191231}},{"arcs":[[[437,438,439,-427]],[[-430,440]]],"type":"MultiPolygon","properties":{"n":"Guyana","s":18860101,"e":19660525}},{"arcs":[[[437,438,439,-427]],[[-430,440]]],"type":"MultiPolygon","properties":{"n":"Guyana","s":19660526,"e":20191231}},{"arcs":[[441,442,443,-439,444]],"type":"Polygon","properties":{"n":"Surinam","s":18860101,"e":19541214}},{"arcs":[[441,442,443,-439,444]],"type":"Polygon","properties":{"n":"Surinam","s":19541215,"e":19751124}},{"arcs":[[441,442,443,-439,444]],"type":"Polygon","properties":{"n":"Surinam","s":19751125,"e":20191231}},{"arcs":[[445,446,-443,-442,447]],"type":"Polygon","properties":{"n":"French Guyana","s":18860101,"e":19300705}},{"arcs":[[448,-442,447]],"type":"Polygon","properties":{"n":"French Guyana","s":19300706,"e":19460318}},{"arcs":[[445,446,-443,-442,447]],"type":"Polygon","properties":{"n":"French Guyana","s":19460319,"e":20191231}},{"arcs":[[[-422,-421,449,450,451]],[[452]],[[453]],[[454]],[[455]],[[456]],[[457]],[[458]]],"type":"MultiPolygon","properties":{"n":"Ecuador","s":18860101,"e":19420128}},{"arcs":[[[-422,459,450,451]],[[452]],[[453]],[[454]],[[455]],[[456]],[[457]],[[458]]],"type":"MultiPolygon","properties":{"n":"Ecuador","s":19420129,"e":20191231}},{"arcs":[[423,460,461,462,463,464,465,466,467,468,469,470,471,472,-451,-450,-420]],"type":"Polygon","properties":{"n":"Peru","s":18860101,"e":19090708}},{"arcs":[[423,460,473,474,475,476,477,466,478,468,479,471,472,-451,-450,-420]],"type":"Polygon","properties":{"n":"Peru","s":19090709,"e":19220323}},{"arcs":[[460,473,474,475,476,477,466,478,468,479,471,472,-451,-450,-425]],"type":"Polygon","properties":{"n":"Peru","s":19220324,"e":19420128}},{"arcs":[[-425,460,473,474,475,476,477,466,478,468,479,471,472,-451,-460,-421]],"type":"Polygon","properties":{"n":"Peru","s":19420129,"e":20191231}},{"arcs":[[[480,481,482,483,484,485,486,-462,-461,-424,-419,-428,-440,-444,-447,487]],[[488]],[[489]],[[490]],[[491]],[[492]],[[493]],[[494]],[[495]],[[496]],[[497]],[[498]],[[499]],[[500]],[[501]],[[502]],[[503]],[[504]],[[505]],[[506]],[[507]],[[508]],[[509]],[[510]],[[511]],[[512]],[[513]],[[514]],[[515]],[[516]],[[517]],[[518]],[[519]],[[520]],[[521]],[[522]],[[523]],[[524]],[[525]],[[526]]],"type":"MultiPolygon","properties":{"n":"Brazil","s":18860101,"e":19031116}},{"arcs":[[[480,481,482,483,484,527,528,-477,-465,-464,-463,-462,-461,-424,-419,-428,-440,-444,-447,487]],[[488]],[[489]],[[490]],[[491]],[[492]],[[493]],[[494]],[[495]],[[496]],[[497]],[[498]],[[499]],[[500]],[[501]],[[502]],[[503]],[[504]],[[505]],[[506]],[[507]],[[508]],[[509]],[[510]],[[511]],[[512]],[[513]],[[514]],[[515]],[[516]],[[517]],[[518]],[[519]],[[520]],[[521]],[[522]],[[523]],[[524]],[[525]],[[526]]],"type":"MultiPolygon","properties":{"n":"Brazil","s":19031117,"e":19090708}},{"arcs":[[[480,481,482,483,484,527,528,-477,-476,-475,-474,-461,-424,-419,-428,-440,-444,-447,487]],[[488]],[[489]],[[490]],[[491]],[[492]],[[493]],[[494]],[[495]],[[496]],[[497]],[[498]],[[499]],[[500]],[[501]],[[502]],[[503]],[[504]],[[505]],[[506]],[[507]],[[508]],[[509]],[[510]],[[511]],[[512]],[[513]],[[514]],[[515]],[[516]],[[517]],[[518]],[[519]],[[520]],[[521]],[[522]],[[523]],[[524]],[[525]],[[526]]],"type":"MultiPolygon","properties":{"n":"Brazil","s":19090709,"e":19600420}},{"arcs":[[[480,481,482,483,484,527,528,-477,-476,-475,-474,-461,-424,-419,-428,-440,-444,-447,487]],[[488]],[[489]],[[490]],[[491]],[[492]],[[493]],[[494]],[[495]],[[496]],[[497]],[[498]],[[499]],[[500]],[[501]],[[502]],[[503]],[[504]],[[505]],[[506]],[[507]],[[508]],[[509]],[[510]],[[511]],[[512]],[[513]],[[514]],[[515]],[[516]],[[517]],[[518]],[[519]],[[520]],[[521]],[[522]],[[523]],[[524]],[[525]],[[526]]],"type":"MultiPolygon","properties":{"n":"Brazil","s":19600421,"e":20191231}},{"arcs":[[-484,529,530,531,532,-470,-469,-468,-467,-466,-465,-464,-463,-487,-486,-485]],"type":"Polygon","properties":{"n":"Bolivia","s":18860101,"e":19031116}},{"arcs":[[-485,-484,529,530,531,532,-470,-469,-468,-467,-466,476,-529,-528]],"type":"Polygon","properties":{"n":"Bolivia","s":19031117,"e":19090708}},{"arcs":[[-485,-484,529,530,531,532,470,-480,-469,-479,-467,-478,-529,-528]],"type":"Polygon","properties":{"n":"Bolivia","s":19090709,"e":19380720}},{"arcs":[[-485,533,531,532,470,-480,-469,-479,-467,-478,-529,-528]],"type":"Polygon","properties":{"n":"Bolivia","s":19380721,"e":20191231}},{"arcs":[[534,-530,-483]],"type":"Polygon","properties":{"n":"Paraguay","s":18860101,"e":19380720}},{"arcs":[[-483,534,530,-534,-484]],"type":"Polygon","properties":{"n":"Paraguay","s":19380721,"e":20191231}},{"arcs":[[[535]],[[536]],[[537]],[[538]],[[539]],[[540]],[[541]],[[542]],[[543]],[[544]],[[545]],[[546]],[[547]],[[548]],[[549]],[[550]],[[551]],[[552]],[[553]],[[554]],[[555]],[[556]],[[557]],[[558]],[[559]],[[560]],[[561]],[[562]],[[563]],[[564]],[[565]],[[566]],[[567]],[[568]],[[569]],[[570]],[[571]],[[572]],[[573]],[[574]],[[575]],[[576]],[[577]],[[578]],[[579]],[[580]],[[581]],[[582]],[[583]],[[584]],[[585]],[[586]],[[587]],[[588]],[[589]],[[590]],[[591]],[[592]],[[593]],[[594]],[[595]],[[596]],[[597]],[[598]],[[599]],[[600]],[[601]],[[602]],[[603]],[[604]],[[605]],[[606]],[[607]],[[608]],[[609]],[[610]],[[611]],[[612,613,614,615]],[[616,-472,-471,-533,617,618,619,620,621]],[[622]],[[623]],[[624]],[[627]],[[628]],[[629]],[[630]],[[631]],[[632]],[[633]],[[634]],[[635]],[[636]],[[637]],[[638]],[[639]],[[640]],[[641]],[[642]],[[643]],[[644]],[[645]],[[646]],[[647]],[[648]],[[649]],[[650]],[[651]],[[652]],[[653]],[[654]],[[655]],[[656]],[[657]],[[658]],[[659]]],"type":"MultiPolygon","properties":{"n":"Chile","s":18860101,"e":18990323}},{"arcs":[[[535]],[[536]],[[537]],[[538]],[[539]],[[540]],[[541]],[[542]],[[543]],[[544]],[[545]],[[546]],[[547]],[[548]],[[549]],[[550]],[[551]],[[552]],[[553]],[[554]],[[555]],[[556]],[[557]],[[558]],[[559]],[[560]],[[561]],[[562]],[[563]],[[564]],[[565]],[[566]],[[567]],[[568]],[[569]],[[570]],[[571]],[[572]],[[573]],[[574]],[[575]],[[576]],[[577]],[[578]],[[579]],[[580]],[[581]],[[582]],[[583]],[[584]],[[585]],[[586]],[[587]],[[588]],[[589]],[[590]],[[591]],[[592]],[[593]],[[594]],[[595]],[[596]],[[597]],[[598]],[[599]],[[600]],[[601]],[[602]],[[603]],[[604]],[[605]],[[606]],[[607]],[[608]],[[609]],[[610]],[[611]],[[612,613,614,615]],[[616,-472,-471,-533,617,660,619,620,621]],[[622]],[[623]],[[624]],[[627]],[[628]],[[629]],[[630]],[[631]],[[632]],[[633]],[[634]],[[635]],[[636]],[[637]],[[638]],[[639]],[[640]],[[641]],[[642]],[[643]],[[644]],[[645]],[[646]],[[647]],[[648]],[[649]],[[650]],[[651]],[[652]],[[653]],[[654]],[[655]],[[656]],[[657]],[[658]],[[659]]],"type":"MultiPolygon","properties":{"n":"Chile","s":18990324,"e":19021119}},{"arcs":[[[535]],[[536]],[[537]],[[538]],[[539]],[[540]],[[541]],[[542]],[[543]],[[544]],[[545]],[[546]],[[547]],[[548]],[[549]],[[550]],[[551]],[[552]],[[553]],[[554]],[[555]],[[556]],[[557]],[[558]],[[559]],[[560]],[[561]],[[562]],[[563]],[[564]],[[565]],[[566]],[[567]],[[568]],[[569]],[[570]],[[571]],[[572]],[[573]],[[574]],[[575]],[[576]],[[577]],[[578]],[[579]],[[580]],[[581]],[[582]],[[583]],[[584]],[[585]],[[586]],[[587]],[[588]],[[589]],[[590]],[[591]],[[592]],[[593]],[[594]],[[595]],[[596]],[[597]],[[598]],[[599]],[[600]],[[601]],[[602]],[[603]],[[604]],[[605]],[[606]],[[607]],[[608]],[[609]],[[610]],[[611]],[[612,613,614,615]],[[616,-472,-471,-533,617,660,619,661,621]],[[622]],[[623]],[[624]],[[627]],[[628]],[[629]],[[630]],[[631]],[[632]],[[633]],[[634]],[[635]],[[636]],[[637]],[[638]],[[639]],[[640]],[[641]],[[642]],[[643]],[[644]],[[645]],[[646]],[[647]],[[648]],[[649]],[[650]],[[651]],[[652]],[[653]],[[654]],[[655]],[[656]],[[657]],[[658]],[[659]]],"type":"MultiPolygon","properties":{"n":"Chile","s":19021120,"e":20191231}},{"arcs":[[[662]],[[-613,664]],[[-626,-622,-621,-620,-619,-618,-532,-531,-535,-482,665,666]],[[667]]],"type":"MultiPolygon","properties":{"n":"Argentina","s":18860101,"e":18990323}},{"arcs":[[[662]],[[-613,664]],[[-626,-622,-621,-620,-661,-618,-532,-531,-535,-482,665,666]],[[667]]],"type":"MultiPolygon","properties":{"n":"Argentina","s":18990324,"e":19021119}},{"arcs":[[[662]],[[-613,664]],[[-626,-622,-662,-620,-661,-618,-532,-531,-535,-482,665,666]],[[667]]],"type":"MultiPolygon","properties":{"n":"Argentina","s":19021120,"e":20191231}},{"arcs":[[668,-666,-481]],"type":"Polygon","properties":{"n":"Uruguay","s":18860101,"e":20191231}},{"arcs":[[[669,670]],[[671]],[[672]],[[673]],[[674]],[[675]],[[676]],[[677]],[[678]],[[679]],[[680]],[[681]],[[682]],[[683]],[[684]],[[685]],[[686]],[[687]],[[688]],[[689]],[[690]],[[691]],[[692]],[[693]]],"type":"MultiPolygon","properties":{"n":"United Kingdom","s":18860101,"e":19211205}},{"arcs":[[[672]],[[694,669]],[[673]],[[674]],[[675]],[[676]],[[677]],[[678]],[[679]],[[680]],[[681]],[[682]],[[683]],[[684]],[[685]],[[686]],[[687]],[[688]],[[689]],[[690]],[[691]],[[692]],[[693]]],"type":"MultiPolygon","properties":{"n":"United Kingdom","s":19211206,"e":20191231}},{"arcs":[[[-695,670]],[[671]]],"type":"MultiPolygon","properties":{"n":"Ireland","s":19211206,"e":20191231}},{"arcs":[[[695,696,697]],[[698]],[[699,700]],[[701]],[[702]],[[703]]],"type":"MultiPolygon","properties":{"n":"Netherlands","s":18860101,"e":20191231}},{"arcs":[[704,705,706,707,-700,708,-697]],"type":"Polygon","properties":{"n":"Belgium","s":18860101,"e":20191231}},{"arcs":[[709,710,-706]],"type":"Polygon","properties":{"n":"Luxembourg","s":18860101,"e":20191231}},{"arcs":[[[711]],[[712]],[[-707,713,714,715,716,717,718,719,720]],[[721]],[[722]]],"type":"MultiPolygon","properties":{"n":"France","s":18860101,"e":19190627}},{"arcs":[[[711]],[[712]],[[-707,-711,723,724,714,715,716,717,718,719,720]],[[721]],[[722]]],"type":"MultiPolygon","properties":{"n":"France","s":19190628,"e":20191231}},{"arcs":[[725,726,727,728,729,-715,-725,730]],"type":"Polygon","properties":{"n":"Switzerland","s":18860101,"e":20191231}},{"arcs":[[[731]],[[732]],[[733]],[[734]],[[735]],[[736]],[[737]],[[738]],[[739]],[[740]],[[-720,741,-718,742,743,744]]],"type":"MultiPolygon","properties":{"n":"Spain","s":18860101,"e":20191231}},{"arcs":[[[745]],[[746]],[[-744,747]],[[748]],[[749]],[[750]],[[751]],[[752]],[[753]]],"type":"MultiPolygon","properties":{"n":"Portugal","s":18860101,"e":20191231}},{"arcs":[[[754,755,756,757,758,759,760,761,762,763,764,765,766,767,768,769,770,771,772,773,774,775,776,777,778,779,780,781,782,783,784,785,786,787,788,789,790,791,792,793,794,795,796,797,798,799,800,801,802,803,804,805,806,807,808,809,810,811,812,813,814,815,816,817,818,819,820,821,822,823,824,825,826,827,828,829,830,-731,724,-714,-711,-710,-705,-696,831,832,833,834,835,836,837,838,839,840,841,842]],[[843,844,845,846,847,848,849,850,851,852,853,854,855,856,857,858,859,860,861,862,863,864]],[[865]]],"type":"MultiPolygon","properties":{"n":"Germany (Prussia)","s":18860101,"e":19190627}},{"arcs":[[[754,755,756,757,758,759,760,761,762,763,764,765,766,767,768,769,770,771,772,773,774,775,776,777,778,779,780,781,782,783,784,785,786,787,788,789,790,791,792,793,794,866,820,867,824,825,826,827,828,829,830,-731,-724,-710,-705,-696,831,832,833,834,835,836,837,838,839,840,841,842]],[[818,868,869,809,810,811,812,813,814,815,816,817]],[[843,844,845,846,847,848,849,850,851,852,853,854,855,856,857,858,859,860,861,862,863,864]],[[865]]],"type":"MultiPolygon","properties":{"n":"Germany (Prussia)","s":19190628,"e":19200209}},{"arcs":[[[754,755,756,757,758,759,760,761,762,763,764,765,766,767,768,769,770,771,772,773,774,775,776,777,778,779,780,781,782,783,784,785,786,787,788,789,790,791,792,793,794,866,820,867,824,825,826,827,828,829,830,-731,-724,-710,-705,-696,831,832,871,872,873,840,841,842]],[[818,868,869,809,810,811,812,813,814,815,816,817]],[[843,844,845,846,847,848,849,850,851,852,853,854,855,856,857,858,859,860,861,862,863,864]],[[874,875,876]]],"type":"MultiPolygon","properties":{"n":"Germany (Prussia)","s":19200210,"e":19380929}},{"arcs":[[[808,809,810,811,812,813,814,877,816,817,818,868,878,798,799,800,801,802,803,804,879,806,807]],[[754,755,756,757,758,759,760,761,762,763,764,765,766,767,768,769,770,771,772,773,774,775,776,777,778,779,780,781,782,783,784,785,786,787,788,789,790,791,792,793,794,866,820,867,824,880,826,881,882,830,-731,-724,-710,-705,-696,831,832,871,883,873,840,841,842]],[[884,844,885,846,847,848,886,850,851,852,887,854,888,856,889,858,890,860,891,862,892,864]],[[874,875,876]]],"type":"MultiPolygon","properties":{"n":"Germany (Prussia)","s":19380930,"e":19450507}},{"arcs":[[[871,883,873,840,893,894,829,830,-731,-724,-710,-705,-696,831,832]],[[874,875,876]]],"type":"MultiPolygon","properties":{"n":"German Federal Republic","s":19450508,"e":19490920}},{"arcs":[[[871,883,873,840,893,894,829,830,-731,-724,-710,-705,-696,831,832]],[[874,875,876]]],"type":"MultiPolygon","properties":{"n":"German Federal Republic","s":19490921,"e":19901002}},{"arcs":[[[895,896,761]],[[754,755,756,897,828,829,830,-731,-724,-710,-705,-696,831,832,871,872,873,840,841,842]],[[843,844,845,846,898,848,849,850,899,852,853,854,855,856,857,858,859,860,861,862,863,864]],[[874,875,876]]],"type":"MultiPolygon","properties":{"n":"German Federal Republic","s":19901003,"e":20191231}},{"arcs":[[[895,896,761]],[[754,900,756,897,828,-895,901,842]],[[843,844,845,846,847,848,849,850,851,852,853,854,855,856,857,858,859,860,861,862,863,864]]],"type":"MultiPolygon","properties":{"n":"German Democratic Republic","s":19450508,"e":19491004}},{"arcs":[[[895,896,761]],[[754,900,756,897,828,-895,901,842]],[[843,844,845,846,847,848,849,850,851,852,853,854,855,856,857,858,859,860,861,862,863,864]]],"type":"MultiPolygon","properties":{"n":"German Democratic Republic","s":19491005,"e":19901002}},{"arcs":[[902,903,904,905,906,907,908,-822,-821,-820,-819,909,910]],"type":"Polygon","properties":{"n":"Poland","s":19181111,"e":19190627}},{"arcs":[[911,797,-879,-869,-819,909,910,902,903,904,905,906,907,908,822,823,-868,-821,-867,795]],"type":"Polygon","properties":{"n":"Poland","s":19190628,"e":19190909}},{"arcs":[[911,797,-879,-869,-819,909,910,902,903,904,905,906,912,913,914,915,916,917,918,919,920,823,-868,-821,-867,795]],"type":"Polygon","properties":{"n":"Poland","s":19190910,"e":19201006}},{"arcs":[[911,797,-879,-869,-819,909,910,921,922,923,924,925,926,927,928,903,904,905,906,912,913,914,915,916,917,918,919,920,823,-868,-821,-867,795]],"type":"Polygon","properties":{"n":"Poland","s":19201007,"e":19210317}},{"arcs":[[911,797,-879,-869,-819,909,910,921,922,923,924,925,926,927,929,930,931,913,914,915,916,917,918,919,920,823,-868,-821,-867,795]],"type":"Polygon","properties":{"n":"Poland","s":19210318,"e":19450507}},{"arcs":[[807,932,933,934,812,935,936,909,937,904,905,938,939,918,919,920,823,824,825,826,827,-898,940,758,941,760,-897,942,762,943,944,765,945,946,947,769,948,771,949,950,951,775,952,953,778,954,955,781,956,783,957,785,958,959,788,960,961,791,962,793,963,795,911,797,798,964,800,965,966,967,804,879,968]],"type":"Polygon","properties":{"n":"Poland","s":19450508,"e":20191231}},{"arcs":[[965,966,967,804,805,968,807,808,-870,878,798,964,800]],"type":"Polygon","properties":{"n":"Danzig","s":19190628,"e":19380831}},{"arcs":[[[969]],[[970,971,972,973]],[[974]],[[975]],[[976]],[[977,978,979,980,981,982,983]],[[984]],[[985]],[[986]],[[987,988,989,990,991,992,993,994,995,996,997,998,999,1000,1001,1002,-729,-728,1003,-726,-831,-830,-829,-828,-827,-826,-825,-824,-823,-909,-908,912,913,914,1004,1005,1006,1007,1008,1009,1010,1011,1012,1013,1014,1015,1016]]],"type":"MultiPolygon","properties":{"n":"Austria-Hungary","s":18860101,"e":19081006}},{"arcs":[[[970,971,972,973]],[[975]],[[974]],[[969]],[[984]],[[976]],[[985]],[[986]],[[1017,1018,1015,1016,987,988,989,990,991,992,993,994,995,996,997,998,999,1000,1001,1002,-729,-728,1003,-726,-831,-830,-829,-828,-827,-826,-825,-824,-823,-909,-908,912,913,914,1004,1005,1006,1007,1008,1009,1019,1020,1021,1022,1023,980,1024,982,983]]],"type":"MultiPolygon","properties":{"n":"Austria-Hungary","s":19081007,"e":19181102}},{"arcs":[[[969]],[[984]],[[977,978,979,980,981,982,983]],[[976]],[[985]],[[986]],[[1012,1013,1014,1015,1025]],[[1026,1027,1028,1029,1030,1031,1032,988,989,990,991,992,993,994,995,996,997,998,999,1000,1001,1002,-729,-728,1003,-726,-831,-883,1033]],[[-908,912,913,914,915,916,917,918,919,920,-823,-909]]],"type":"MultiPolygon","properties":{"n":"Austria","s":19181103,"e":19190909}},{"arcs":[[1026,1027,1028,1034,1035,1001,1036,-728,1003,-726,-831,-883,1033]],"type":"Polygon","properties":{"n":"Austria","s":19190910,"e":20191231}},{"arcs":[[[1037,973,1038,971]],[[974]],[[975]],[[1039,-1032,-1031,-1030,-1029,-1028,1040,1041,1042,1043,-917,-916,1004,1005,1006,1007,1008,1009,1019,1020,1021,1022,1023,-980,-979,1044,1018,-1015,-1014,-1013,-1026,1016]]],"type":"MultiPolygon","properties":{"n":"Hungary","s":19181103,"e":19181130}},{"arcs":[[1004,1005,1006,1007,1008,1009,1010,1011,-1026,1016,1039,-1032,-1031,-1030,-1029,-1028,1040,1041,1042,1043,-917,-916]],"type":"Polygon","properties":{"n":"Hungary","s":19181201,"e":19190909}},{"arcs":[[1042,1043,-917,1045,1046,1047,1007,1008,1009,1010,1011,-1026,1016,1039,-1032,-1031,-1030,-1029,-1028,1040,1041]],"type":"Polygon","properties":{"n":"Hungary","s":19190910,"e":19200603}},{"arcs":[[1042,1048,1049,1050,1051,-1028,1040,1041]],"type":"Polygon","properties":{"n":"Hungary","s":19200604,"e":19381101}},{"arcs":[[1052,1042,1048,1049,1050,1051,-1028,1040,1053]],"type":"Polygon","properties":{"n":"Hungary","s":19381102,"e":19470209}},{"arcs":[[1042,1048,1049,1050,1051,-1028,1040,1041]],"type":"Polygon","properties":{"n":"Hungary","s":19470210,"e":20191231}},{"arcs":[[-828,-827,-826,-825,-824,-921,-920,-919,-918,-1044,-1043,-1042,-1041,-1027,-1034,882,-830,-829]],"type":"Polygon","properties":{"n":"Czechoslovakia","s":19181111,"e":19380929}},{"arcs":[[-827,-881,-825,-824,-921,-920,-919,-918,-1044,-1043,-1042,-1041,-1027,-1034,-882]],"type":"Polygon","properties":{"n":"Czechoslovakia","s":19380930,"e":19381101}},{"arcs":[[-827,-881,-825,-824,-921,-920,-919,-918,-1044,-1043,-1053,-1054,-1041,-1027,-1034,-882]],"type":"Polygon","properties":{"n":"Czechoslovakia","s":19381102,"e":19450507}},{"arcs":[[-828,-827,-826,-825,-824,-921,-920,1054,-1054,-1041,-1027,-1034,882,-830,-829]],"type":"Polygon","properties":{"n":"Czechoslovakia","s":19450508,"e":19470209}},{"arcs":[[-828,-827,-826,-825,-824,-921,-920,1054,1052,-1042,-1041,-1027,-1034,882,-830,-829]],"type":"Polygon","properties":{"n":"Czechoslovakia","s":19470210,"e":19921231}},{"arcs":[[-828,-827,-826,-825,-824,-921,1055,-1034,882,-830,-829]],"type":"Polygon","properties":{"n":"Czech Republic","s":19930101,"e":20191231}},{"arcs":[[1054,1052,-1042,-1041,-1027,-1056,-920]],"type":"Polygon","properties":{"n":"Slovakia","s":19930101,"e":20191231}},{"arcs":[[[1056]],[[1057]],[[1058]],[[-1001,-1000,-999,1059,-716,-730,-1003,-1002]]],"type":"MultiPolygon","properties":{"n":"Italy/Sardinia","s":18860101,"e":19190909}},{"arcs":[[[1056]],[[1057]],[[1058]],[[-1002,-1036,1060,-1000,1061,1062,1063,1064,993,1065,995,1066,997,1059,-716,-730,-729,-1037]]],"type":"MultiPolygon","properties":{"n":"Italy/Sardinia","s":19190910,"e":20191231}},{"arcs":[[1067]],"type":"Polygon","properties":{"n":"Malta","s":18860101,"e":19640920}},{"arcs":[[1067]],"type":"Polygon","properties":{"n":"Malta","s":19640921,"e":20191231}},{"arcs":[[1068,1069,1070,1071,1072,1073,1074,1075,1076,1077,1078,1079,1080,1081,1082,1083,1084,1085,1086,1087,1088,1089,1090,1091,1092,1093,1094,1095,1096,1097,1098,1099,1100,1101,1102,1103,1104]],"type":"Polygon","properties":{"n":"Albania","s":19130101,"e":19140306}},{"arcs":[[1068,1069,1070,1071,1072,1073,1074,1075,1076,1077,1078,1079,1080,1081,1082,1083,1084,1085,1086,1087,1088,1089,1090,1091,1092,1093,1094,1095,1096,1097,1098,1099,1100,1101,1102,1103,1104]],"type":"Polygon","properties":{"n":"Albania","s":19140307,"e":19200210}},{"arcs":[[1068,1069,1070,1071,1072,1073,1074,1075,1076,1077,1078,1079,1080,1081,1082,1083,1084,1085,1086,1087,1088,1089,1090,1091,1092,1093,1094,1095,1096,1097,1098,1099,1100,1101,1102,1103,1104]],"type":"Polygon","properties":{"n":"Albania","s":19200211,"e":20191231}},{"arcs":[[-1009,1105,1106,1107,1108,1109,1110,1111,1112,1113,1114,-1020,-1010]],"type":"Polygon","properties":{"n":"Serbia","s":18860101,"e":19130809}},{"arcs":[[-1009,1105,1106,1115,1116,1117,-1072,-1071,1118,1119,1120,-1021,-1020,-1010]],"type":"Polygon","properties":{"n":"Serbia","s":19130810,"e":19151001}},{"arcs":[[-1009,1105,1106,1115,1116,1117,-1072,-1071,1118,1119,1120,-1021,-1020,-1010]],"type":"Polygon","properties":{"n":"Serbia","s":19151002,"e":19181130}},{"arcs":[[1121,-1009,1105,1106,1115,1122,1123,-1071,-1070,1124,1125,1120,-1021,-1020,1010,1126,-1050]],"type":"Polygon","properties":{"n":"Serbia","s":20060606,"e":20080216}},{"arcs":[[1121,-1009,1105,1106,1115,1122,1127,-1109,1128,1110,1129,1130,-1114,1131,1132,1125,1120,-1021,-1020,1010,1126,-1050]],"type":"Polygon","properties":{"n":"Serbia","s":20080217,"e":20191231}},{"arcs":[[1133,-1105,1134,-983,-982,-981,-1024,-1023]],"type":"Polygon","properties":{"n":"Montenegro","s":18860101,"e":19130809}},{"arcs":[[-1120,-1119,-1070,-1069,-1105,1134,-983,-982,-981,-1024,-1023,-1022,-1121]],"type":"Polygon","properties":{"n":"Montenegro","s":19130810,"e":19150701}},{"arcs":[[-1120,-1119,-1070,-1069,-1105,1134,-983,-982,-981,-1024,-1023,-1022,-1121]],"type":"Polygon","properties":{"n":"Montenegro","s":19150702,"e":19181130}},{"arcs":[[-1126,-1125,-1069,-1105,1134,-983,-982,-981,-1024,-1023,-1022,-1121]],"type":"Polygon","properties":{"n":"Montenegro","s":20060612,"e":20191231}},{"arcs":[[1116,1117,-1072,-1124,-1123]],"type":"Polygon","properties":{"n":"Macedonia (FYROM/North Macedonia)","s":19911120,"e":20191231}},{"arcs":[[[969]],[[970,971,972,973]],[[974]],[[975]],[[976]],[[977,978,979,980,981,982,983]],[[984]],[[985]],[[986]],[[987,988,1135,-1031,1136,-1051,-1127,1011,1012,1013,1014,1015,1016]]],"type":"MultiPolygon","properties":{"n":"Croatia","s":19920427,"e":20191231}},{"arcs":[[-1011,-1010,-1009,1105,1106,1115,1116,1117,-1072,-1071,-1070,-1069,-1105,1134,-983,-982,-981,-980,1137,-1014,-1013,-1012]],"type":"Polygon","properties":{"n":"Yugoslavia","s":19181201,"e":19190909}},{"arcs":[[[969]],[[984]],[[976]],[[985]],[[986]],[[1017,1018,1015,1025,-1012,-1011,-1010,-1009,1105,1106,1115,1116,1117,-1072,-1071,-1070,-1069,-1105,1134,983]],[[1030,1031,1032,988,989,-1062,999,-1061,-1035,1029]]],"type":"MultiPolygon","properties":{"n":"Yugoslavia","s":19190910,"e":19200603}},{"arcs":[[[986]],[[969]],[[984]],[[976]],[[985]],[[970,971,972,973]],[[1017,1018,1015,1016,987,988,989,-1062,999,-1061,-1035,-1029,-1052,-1051,-1050,1121,-1009,1105,1106,1115,1116,1117,-1072,-1071,-1070,-1069,-1105,1134,983]],[[974]],[[975]]],"type":"MultiPolygon","properties":{"n":"Yugoslavia","s":19200604,"e":19911119}},{"arcs":[[[970,971,972,973]],[[974]],[[975]],[[969]],[[984]],[[976]],[[985]],[[986]],[[1017,1018,1015,1016,987,988,989,-1062,999,-1061,-1035,-1029,-1052,-1051,-1050,1121,-1009,1105,1106,1115,1122,1123,-1071,-1070,-1069,-1105,1134,983]]],"type":"MultiPolygon","properties":{"n":"Yugoslavia","s":19911120,"e":19920426}},{"arcs":[[1121,-1009,1105,1106,1115,1122,1123,-1071,-1070,-1069,-1105,1134,-983,-982,-981,-1024,-1023,-1022,-1021,-1020,1010,1126,-1050]],"type":"Polygon","properties":{"n":"Yugoslavia","s":19920427,"e":20060602}},{"arcs":[[-1011,1019,1020,1021,1022,1023,-980,-979,1044,1018,-1015,-1014,-1013,-1012]],"type":"Polygon","properties":{"n":"Bosnia-Herzegovina","s":19920427,"e":20191231}},{"arcs":[[-1130,-1111,-1129,1108,-1128,1123,-1071,-1070,1124,-1133,-1132,1113,-1131]],"type":"Polygon","properties":{"n":"Kosovo","s":20080220,"e":20191231}},{"arcs":[[-1137,1030,-1136,989,-1062,999,-1061,-1035,-1029,-1052]],"type":"Polygon","properties":{"n":"Slovenia","s":19920427,"e":20191231}},{"arcs":[[[1138]],[[1139]],[[1140]],[[1141]],[[1142]],[[1143]],[[1144]],[[1145]],[[1146]],[[1147]],[[1148]],[[1149]],[[1150]],[[1151]],[[1152]],[[1153]],[[1154]],[[1155]],[[1156,1157]]],"type":"MultiPolygon","properties":{"n":"Greece","s":18860101,"e":19130809}},{"arcs":[[[1158]],[[1159]],[[1160]],[[1138]],[[1161]],[[1149]],[[1150]],[[1151]],[[1162]],[[1152]],[[1154]],[[1155]],[[1163]],[[1164]],[[1165]],[[1146]],[[1147]],[[1148]],[[1153]],[[1166]],[[1139]],[[1167]],[[1140]],[[1168]],[[1141]],[[1142]],[[1143]],[[1169]],[[1144]],[[1145]],[[1170]],[[1171,-1073,-1118,1172,1173,1174,1157]]],"type":"MultiPolygon","properties":{"n":"Greece","s":19130810,"e":19191126}},{"arcs":[[[1158]],[[1159]],[[1160]],[[1138]],[[1161]],[[1149]],[[1150]],[[1151]],[[1162]],[[1152]],[[1154]],[[1155]],[[1163]],[[1164]],[[1165]],[[1146]],[[1147]],[[1148]],[[1153]],[[1166]],[[1139]],[[1167]],[[1140]],[[1168]],[[1141]],[[1142]],[[1143]],[[1169]],[[1144]],[[1145]],[[1170]],[[1171,-1073,-1118,1172,1175,1176,1177,1178,1179,1180,1181,1182,1183,1184,1185,1186,1174,1157]]],"type":"MultiPolygon","properties":{"n":"Greece","s":19191127,"e":20191231}},{"arcs":[[1187,1188,1189,1190,1191,1192,1193,1194,1195,1196,1197,1198,1199,1200,1201,1202,1203,1204,1205,1206,1207,1208,1209,1210,1211,1212,1213,1214,1215,1216,1217,1218,1219,1220,1221,1222,1223,1224,1225,1226,1227,1228,1229,1230,1231,1232,1233,1234,1235,1236,1237,1238,1239,1240,1241,1242,1243,1244,1245,1246,1247]],"type":"Polygon","properties":{"n":"Cyprus","s":19141105,"e":19600815}},{"arcs":[[1187,1188,1189,1190,1191,1192,1193,1194,1195,1196,1197,1198,1199,1200,1201,1202,1203,1204,1205,1206,1207,1208,1209,1210,1211,1212,1213,1214,1215,1216,1217,1218,1219,1220,1221,1222,1223,1224,1225,1226,1227,1228,1229,1230,1231,1232,1233,1234,1235,1236,1237,1238,1239,1240,1241,1242,1243,1244,1245,1246,1247]],"type":"Polygon","properties":{"n":"Cyprus","s":19600816,"e":20191231}},{"arcs":[[1248,1249,1250,1251,1252,1253,1254,-1107,1255]],"type":"Polygon","properties":{"n":"Bulgaria","s":18860101,"e":19130809}},{"arcs":[[1256,1250,1257,1258,1259,1260,1253,1261,1176,1177,1262,1179,1263,1264,1265,1183,1266,1267,1186,-1174,-1173,-1117,-1116,-1107,1255]],"type":"Polygon","properties":{"n":"Bulgaria","s":19130810,"e":19180506}},{"arcs":[[1248,1249,1250,1257,1258,1259,1260,1253,1261,1176,1177,1262,1179,1263,1264,1265,1183,1266,1267,1186,-1174,-1173,-1117,-1116,-1107,1255]],"type":"Polygon","properties":{"n":"Bulgaria","s":19180507,"e":19191126}},{"arcs":[[1256,1250,1257,1258,1259,1260,1253,1261,-1176,-1173,-1117,-1116,-1107,1255]],"type":"Polygon","properties":{"n":"Bulgaria","s":19191127,"e":19400906}},{"arcs":[[1248,1249,1250,1257,1258,1259,1260,1253,1261,-1176,-1173,-1117,-1116,-1107,1255]],"type":"Polygon","properties":{"n":"Bulgaria","s":19400907,"e":20191231}},{"arcs":[[1268,1269,1270,1271,1272,1273,1274,1275,1276,1277,1278,1279,1280]],"type":"Polygon","properties":{"n":"Moldova","s":19910825,"e":20191231}},{"arcs":[[-1249,-1256,-1106,-1008,-1007,-1006,1281,1282,-1277,1283,1284]],"type":"Polygon","properties":{"n":"Rumania","s":18860101,"e":19130809}},{"arcs":[[1249,-1257,-1256,-1106,-1008,-1007,-1006,1281,1282,-1277,1283,1284]],"type":"Polygon","properties":{"n":"Rumania","s":19130810,"e":19161205}},{"arcs":[[1249,-1257,-1256,-1106,-1008,-1007,-1006,1281,1282,-1277,1283,1284]],"type":"Polygon","properties":{"n":"Rumania","s":19161206,"e":19180506}},{"arcs":[[-1249,-1256,-1106,-1008,-1007,-1006,1281,1282,-1277,1283,1284]],"type":"Polygon","properties":{"n":"Rumania","s":19180507,"e":19181031}},{"arcs":[[-1249,-1256,-1106,-1008,-1007,-1006,1281,1282,-1277,1283,1284]],"type":"Polygon","properties":{"n":"Rumania","s":19181101,"e":19190909}},{"arcs":[[-1249,-1256,-1106,-1008,-1048,-1047,-1046,-916,1004,1281,1282,-1277,1283,1284]],"type":"Polygon","properties":{"n":"Rumania","s":19190910,"e":19191126}},{"arcs":[[1249,-1257,-1256,-1106,-1008,-1048,-1047,-1046,-916,1004,1281,1282,-1277,1283,1284]],"type":"Polygon","properties":{"n":"Rumania","s":19191127,"e":19200603}},{"arcs":[[1249,-1257,-1256,-1106,1008,-1122,-1049,1043,-917,-916,1004,1281,1282,-1277,1283,1284]],"type":"Polygon","properties":{"n":"Rumania","s":19200604,"e":19201027}},{"arcs":[[1249,-1257,-1256,-1106,1008,-1122,-1049,1043,-917,-916,-915,1285,1278,1286,1280,1287,1288,1289,1290,1291,1292,1274,1293,1294,1295,1296,1297,1298,1299,1300,1284]],"type":"Polygon","properties":{"n":"Rumania","s":19201028,"e":19400627}},{"arcs":[[1249,-1257,-1256,-1106,1008,-1122,-1049,1043,-917,1045,1301,1302,1303,1282,-1277,1283,1284]],"type":"Polygon","properties":{"n":"Rumania","s":19400628,"e":19400906}},{"arcs":[[-1249,-1256,-1106,1008,-1122,-1049,1043,-917,1045,1301,1302,1303,1282,-1277,1283,1284]],"type":"Polygon","properties":{"n":"Rumania","s":19400907,"e":20191231}},{"arcs":[[[-816,1304,1305,1306,1307]],[[1308,1309,1310,1311,1312,1313,1314,1315,1316,1317,1318,1319,1320,1321,1322,1323,1324,1325,1326,1327,1328,1329,1330,1331,1332,1333,1334]],[[1335]],[[1336,1337,1338,1339]],[[1340]],[[1341]],[[1342]],[[1343]],[[1344]],[[1345]],[[1346]],[[1347]],[[1348,1349,1350,1351,1352,1353,1354,1355,1356,1357,1358,1359,1360,1361,1362,1363,1364,1365,1366,1367,1368,1369,1370,1371,1372,1373,1374,1375,1376,1377,1378,1379,1380,1381,1382,1383,1384,1385,1386,1387,1388,1389,1390,1391,1392,1393,1394,1395,1396,1397,1398,1399,1400,1401,1402,1403,1404,1405,1406,1407,1408,1409,1410,1411,1412,1413,1414,1415,1416,1417,1418,1419,1420,1421,1422,1423,1424,1425,1426,1427,1428,1429,1430,1431,1432,1433,1434,1435,1436,1437,1438,1439,1440,1441,1442]],[[1443]],[[1444]],[[1445]],[[1446]],[[1447,1448,1449,1450,1451,1452,1453,1454,1455,1456,1457,1458,1459,1460,1461,1462,1463]],[[1464]],[[1465]],[[1466]],[[1467]],[[1468]],[[1469]],[[1470]],[[1471]],[[1472]],[[1473]],[[1474,1475,1476]],[[1477]],[[1478]],[[1479]],[[1480]],[[1481]],[[1482]],[[1483]],[[1484]],[[1485]],[[1486]],[[1487]],[[1488]],[[1489]],[[1490]],[[1491]],[[1492]],[[1493]],[[1494]],[[1495,1496,1497,1498,1499,1500,1501,1502,1503,1504,1505,1506,1507,1508,1509,1510,1511,1512,1513,1514,1515,1516,1517,1518,1519,1520,1521,1522,1523,1524,1525,1526,1527,1528,1529,1530,1531,1532,1533,1534,1535,1536,1537,1538,1539,1540,1541,1542,1543,1544,1545,1546,1547,1548,1549,1550,1551,1552,1553,1554,1555,1556,1557,1558,1559,1560,1561,1562,1563,1564,1565,1566,1567,1568,1569,1570,1571,1572,1573,1574,1575,1576,1577,1578,1579,1580,1581,1582,1583,1584,1585,1586,1587,1588,1589,1590,1591,1592,1593,1594,1595,1596,1597,1598,1599,1600,1601,1602,1603,1604,1605,1606,1607,1608,1609,1610,1611,1612,1613,1614,1615,1616,1617,1618,1619,1620,1621,1622,1623,1624,1625,1626,1627,1628,1629,1630,1631,1632,1633,1634,1635,1636,1637,1638,1639,1640,1641,1642,1643,1644,1645,1646,1647,1648,1649,1650,1651,1652,1294,1653,1296,1654,1298,1655,1300,-1284,1276,-1283,-1282,-1005,-915,-914,-913,907,908,-822,-821,-820,-819,-818,1656,1657,1658,1659,1660,1661,1662,1663,1664,1665,1666,1667,1668,1669,1670,1671,1672,1673,1674,1675,1676,1677,1678,1679,1680,1681,1682,1683,1684,1685,1686,1687,1688,1689,1690,1691,1692,1693,1694,1695,1696,1697,1698,1699,1700,1701,1702,1703,1704,1705,1706,1707,1708,1709,1710,1711,1712,1713,1714,1715,1716,1717,1718,1719,1720,1721,1722,1723,1724,1725,1726,1727,1728,1729,1730,1731,1732,1733,1734,1735,1736,1737,1738,1739,1740,1741,1742,1743,1744,1745,1746,1747,1748,1749,1750,1751,1752,1753,1754,1755,1756,1757,1758,1759,1760,1761,1762,1763,1764,1765,1766,1767,1768,1769,1770,1771,1772,1773,1774,1775,1776,1777,1778,1779,1780,1781,1782,1783,1784,1785,1786,1787,1788,1789,1790,1791,1792,1793,1794,1795,1796,1797,1798,1799,1800,1801,1802,1803,1804,1805,1806,1807,1808,1809,1810,1811,1812,1813,1814,1815,1816,1817,1818,1819,1820,1821,1822,1823,1824,1825,1826,1827,1828,1829,1830,1831,1832,1833,1834,1835,1836,1837,1838,1839,1840,1841,1842,1843,1844,1845,1846,1847,1848,1849,1850,1851,1852,1853,1854,1855,1856,1857,1858,1859,1860,1861,1862,1863,1864,1865,1866,1867,1868,1869,1870,1871,1872,1873,1874,1875,1876,1877,1878,1879,1880,1881,1882,1883,1884,1885,1886,1887,1888,1889,1890,1891,1892,1893,1894,1895,1896,1897,1898,1899,1900,1901,1902,1903,1904,1905,1906,1907,1908,1909,1910,1911,1912,1913,1914,1915,1916,1917,1918,1919,1920,1921,1922,1923,1924,1925,1926,1927,1928,1929,1930,1931,1932,1933,1934,1935,1936,1937,1938,1939,1940,1941,1942,1943,1944,1945,1946,1947,1948,1949,1950,1951,1952,1953,1954,1955,1956,1957,1958,1959,1960,1961,1962,1963,1964,1965,1966,1967,1968,1969,1970,1971,1972,1973,1974,1975,1976,1977,1978,1979,1980,1981,1982,1983,1984,1985,1986,1987,1988,1989,1990,1991,1992,1993,1994,1995,1996,1997,1998,1999,2000,2001,2002,2003,2004,2005,2006,2007,2008,2009,2010,2011,2012,2013,2014,2015,2016,2017,2018,2019,2020,2021,2022,2023,2024,2025,2026,2027,2028,2029,2030,2031,2032,2033,2034,2035,2036,2037,2038,2039,2040,2041,2042,2043,2044,2045,2046,2047,2048,2049,2050,2051,2052,2053,2054,2055,2056,2057,2058,2059,2060,2061,2062,2063,2064,2065,2066,2067,2068,2069,2070,2071,2072,2073,2074,2075,2076,2077,2078,2079,2080,2081,2082,2083,2084,2085,2086,2087,2088,2089,2090,2091,2092,2093,2094,2095]],[[2096]],[[2097]],[[2098]],[[2099]],[[2100]],[[2101]],[[2102]],[[2103]],[[2104]],[[2105]],[[2106]],[[2107]],[[2108]],[[2109]],[[2110]],[[2111]],[[2112]],[[2113]],[[2114]],[[2115]],[[2116]],[[2117]],[[2118]],[[2119]],[[2120]],[[2121,2122]],[[2123]],[[2124]],[[2125]],[[2126]],[[2127]],[[2128]],[[2129]],[[2130]],[[2131]],[[2132]],[[2133]],[[2134]]],"type":"MultiPolygon","properties":{"n":"Russia (Soviet Union)","s":18860101,"e":19050904}},{"arcs":[[[-816,1304,1305,1306,1307]],[[1341]],[[1308,1309,1310,1311,1312,1313,1314,1315,1316,1317,1318,1319,1320,1321,1322,1323,1324,1325,1326,1327,1328,1329,1330,1331,1332,1333,1334]],[[1335]],[[1336,1337,1338,1339]],[[1466]],[[1447,1448,1449,1450,1451,1452,1453,1454,1455,1456,1457,1458,1459,1460,1461,1462,1463]],[[1465]],[[1347]],[[1444]],[[1443]],[[1445]],[[1340]],[[1344]],[[1346]],[[1345]],[[2135,1421]],[[1343]],[[1342]],[[1446]],[[1464]],[[1470]],[[1469]],[[1468]],[[1467]],[[1474,1475,1476]],[[1477]],[[1479]],[[1480]],[[1471]],[[1472]],[[1473]],[[1478]],[[1491]],[[1492]],[[1481]],[[1483]],[[1482]],[[1484]],[[1486]],[[1487]],[[1485]],[[1490]],[[1489]],[[1488]],[[1493]],[[1494]],[[1495,1496,1497,1498,1499,1500,1501,1502,1503,1504,1505,1506,1507,1508,1509,1510,1511,1512,1513,1514,1515,1516,1517,1518,1519,1520,1521,1522,1523,1524,1525,1526,1527,1528,1529,1530,1531,1532,1533,1534,1535,1536,1537,1538,1539,1540,1541,1542,1543,1544,1545,1546,1547,1548,1549,1550,1551,1552,1553,1554,1555,1556,1557,1558,1559,1560,1561,1562,1563,1564,1565,1566,1567,1568,1569,1570,1571,1572,1573,1574,1575,1576,1577,1578,1579,1580,1581,1582,1583,1584,1585,1586,1587,1588,1589,1590,1591,1592,1593,1594,1595,1596,1597,1598,1599,1600,1601,1602,1603,1604,1605,1606,1607,1608,1609,1610,1611,1612,1613,1614,1615,1616,1617,1618,1619,1620,1621,1622,1623,1624,1625,1626,1627,1628,1629,1630,1631,1632,1633,1634,1635,1636,1637,1638,1639,1640,1641,1642,1643,1644,1645,1646,1647,1648,1649,1650,1651,1652,1294,1653,1296,1654,1298,1655,1300,-1284,1276,-1283,-1282,-1005,-915,-914,-913,907,908,-822,-821,-820,-819,-818,1656,1657,1658,1659,1660,1661,1662,1663,1664,1665,1666,1667,1668,1669,1670,1671,1672,1673,1674,1675,1676,1677,1678,1679,1680,1681,1682,1683,1684,1685,1686,1687,1688,1689,1690,1691,1692,1693,1694,1695,1696,1697,1698,1699,1700,1701,1702,1703,1704,1705,1706,1707,1708,1709,1710,1711,1712,1713,1714,1715,1716,1717,1718,1719,1720,1721,1722,1723,1724,1725,1726,1727,1728,1729,1730,1731,1732,1733,1734,1735,1736,1737,1738,1739,1740,1741,1742,1743,1744,1745,1746,1747,1748,1749,1750,1751,1752,1753,1754,1755,1756,1757,1758,1759,1760,1761,1762,1763,1764,1765,1766,1767,1768,1769,1770,1771,1772,1773,1774,1775,1776,1777,1778,1779,1780,1781,1782,1783,1784,1785,1786,1787,1788,1789,1790,1791,1792,1793,1794,1795,1796,1797,1798,1799,1800,1801,1802,1803,1804,1805,1806,1807,1808,1809,1810,1811,1812,1813,1814,1815,1816,1817,1818,1819,1820,1821,1822,1823,1824,1825,1826,1827,1828,1829,1830,1831,1832,1833,1834,1835,1836,1837,1838,1839,1840,1841,1842,1843,1844,1845,1846,1847,1848,1849,1850,1851,1852,1853,1854,1855,1856,1857,1858,1859,1860,1861,1862,1863,1864,1865,1866,1867,1868,1869,1870,1871,1872,1873,1874,1875,1876,1877,1878,1879,1880,1881,1882,1883,1884,1885,1886,1887,1888,1889,1890,1891,1892,1893,1894,1895,1896,1897,1898,1899,1900,1901,1902,1903,1904,1905,1906,1907,1908,1909,1910,1911,1912,1913,1914,1915,1916,1917,1918,1919,1920,1921,1922,1923,1924,1925,1926,1927,1928,1929,1930,1931,1932,1933,1934,1935,1936,1937,1938,1939,1940,1941,1942,1943,1944,1945,1946,1947,1948,1949,1950,1951,1952,1953,1954,1955,1956,1957,1958,1959,1960,1961,1962,1963,1964,1965,1966,1967,1968,1969,1970,1971,1972,1973,1974,1975,1976,1977,1978,1979,1980,1981,1982,1983,1984,1985,1986,1987,1988,1989,1990,1991,1992,1993,1994,1995,1996,1997,1998,1999,2000,2001,2002,2003,2004,2005,2006,2007,2008,2009,2010,2011,2012,2013,2014,2015,2016,2017,2018,2019,2020,2021,2022,2023,2024,2025,2026,2027,2028,2029,2030,2031,2032,2033,2034,2035,2036,2037,2038,2039,2040,2041,2042,2043,2044,2045,2046,2047,2048,2049,2050,2051,2052,2053,2054,2055,2056,2057,2058,2059,2060,2061,2062,2063,2064,2065,2066,2067,2068,2069,2070,2071,2072,2073,2074,2075,2076,2077,2078,2079,2080,2081,2082,2083,2084,2085,2086,2087,2088,2089,2090,2091,2092,2093,2094,2095]],[[2102]],[[2100]],[[2098]],[[2099]],[[2101]],[[2096]],[[2097]],[[2103]],[[2104]],[[2105]],[[2106]],[[2109]],[[2107]],[[2119]],[[2123]],[[2124]],[[2108]],[[2126]],[[2125]],[[2120]],[[2121,2122]],[[2127]],[[2130]],[[2129]],[[2128]],[[2131]],[[2114]],[[2115]],[[2116]],[[2133]],[[2134]],[[2132]],[[2113]],[[2117]],[[2118]],[[2110]],[[2112]],[[2111]]],"type":"MultiPolygon","properties":{"n":"Russia (Soviet Union)","s":19050905,"e":19140416}},{"arcs":[[[-816,1304,1305,1306,1307]],[[1341]],[[1308,1309,1310,1311,1312,1313,1314,1315,1316,1317,1318,1319,1320,1321,1322,1323,1324,1325,1326,1327,1328,1329,1330,1331,1332,1333,1334]],[[1335]],[[1336,1337,1338,1339]],[[1466]],[[1447,1448,1449,1450,1451,1452,1453,1454,1455,1456,1457,1458,1459,1460,1461,1462,1463]],[[1465]],[[1347]],[[1444]],[[1443]],[[1445]],[[1340]],[[1344]],[[1346]],[[1345]],[[2135,1421]],[[1343]],[[1342]],[[1446]],[[1464]],[[1470]],[[1469]],[[1468]],[[1467]],[[1474,1475,1476]],[[1477]],[[1479]],[[1480]],[[1471]],[[1472]],[[1473]],[[1478]],[[1491]],[[1492]],[[1481]],[[1483]],[[1482]],[[1484]],[[1486]],[[1487]],[[1485]],[[1490]],[[1489]],[[1488]],[[1493]],[[1494]],[[1495,1496,1497,1498,1499,1500,1501,1502,1503,1504,1505,1506,1507,1508,1509,1510,1511,1512,1513,1514,1515,1516,1517,1518,1519,1520,1521,1522,1523,1524,1525,1526,1527,1528,1529,1530,1531,1532,1533,1534,1535,1536,1537,1538,1539,1540,1541,1542,1543,1544,1545,1546,1547,1548,1549,1550,1551,1552,1553,1554,1555,1556,1557,1558,1559,1560,1561,1562,1563,1564,1565,1566,1567,1568,1569,1570,1571,1572,1573,1574,1575,1576,1577,1578,1579,1580,1581,1582,1583,1584,1585,1586,1587,1588,1589,1590,1591,1592,1593,1594,1595,1596,1597,1598,1599,1600,1601,1602,1603,1604,1605,1606,1607,1608,1609,1610,1611,1612,1613,1614,1615,1616,1617,1618,1619,1620,1621,1622,1623,1624,1625,1626,1627,1628,1629,1630,1631,1632,1633,1634,1635,1636,1637,1638,1639,1640,1641,1642,1643,1644,1645,1646,1647,1648,1649,1650,1651,1652,1294,1653,1296,1654,1298,1655,1300,-1284,1276,-1283,-1282,-1005,-915,-914,-913,907,908,-822,-821,-820,-819,-818,1656,1657,1658,1659,1660,1661,1662,1663,1664,1665,1666,1667,1668,1669,1670,1671,1672,1673,1674,1675,1676,1677,1678,1679,1680,1681,1682,1683,1684,1685,1686,1687,1688,1689,1690,1691,1692,1693,1694,1695,1696,1697,1698,1699,1700,1701,1702,1703,1704,1705,1706,1707,1708,1709,1710,1711,1712,1713,1714,1715,1716,1717,1718,1719,1720,1721,1722,1723,1724,1725,1726,1727,1728,1729,1730,1731,1732,1733,1734,1735,1736,1737,1738,1739,1740,1741,1742,1743,1744,1745,1746,1747,1748,1749,1750,1751,1752,1753,1754,1755,1756,1757,1758,2136,1760,1761,1762,1763,1764,1765,1766,1767,1768,1769,1770,1771,1772,1773,1774,1775,1776,1777,1778,1779,1780,1781,1782,1783,1784,1785,1786,1787,1788,1789,1790,1791,1792,1793,1794,1795,1796,1797,1798,1799,1800,1801,1802,1803,1804,1805,1806,1807,1808,1809,1810,1811,1812,1813,1814,1815,1816,1817,1818,1819,1820,1821,1822,1823,1824,1825,1826,1827,1828,1829,1830,1831,1832,1833,1834,1835,1836,1837,1838,1839,1840,1841,1842,1843,1844,1845,1846,1847,1848,1849,1850,1851,1852,1853,1854,1855,1856,1857,1858,1859,1860,1861,1862,1863,1864,1865,1866,1867,1868,1869,1870,1871,1872,1873,1874,1875,1876,1877,1878,1879,1880,1881,1882,1883,1884,1885,1886,1887,1888,1889,1890,1891,1892,1893,1894,1895,1896,1897,1898,1899,1900,1901,1902,1903,1904,1905,1906,1907,1908,1909,1910,1911,1912,1913,1914,1915,1916,1917,1918,1919,1920,1921,1922,1923,1924,1925,1926,1927,1928,1929,1930,1931,1932,1933,1934,1935,1936,1937,1938,1939,1940,1941,1942,1943,1944,1945,1946,1947,1948,1949,1950,1951,1952,1953,1954,1955,1956,1957,1958,1959,1960,1961,1962,1963,1964,1965,1966,1967,1968,1969,1970,1971,1972,1973,1974,1975,1976,1977,1978,1979,1980,1981,1982,1983,1984,1985,1986,1987,1988,1989,1990,1991,1992,1993,1994,1995,1996,1997,1998,1999,2000,2001,2002,2003,2004,2005,2006,2007,2008,2009,2010,2011,2012,2013,2014,2015,2016,2017,2018,2019,2020,2021,2022,2023,2024,2025,2026,2027,2028,2029,2030,2031,2032,2033,2034,2035,2036,2037,2038,2039,2040,2041,2042,2043,2044,2045,2046,2047,2048,2049,2050,2051,2052,2053,2054,2055,2056,2057,2058,2059,2060,2061,2062,2063,2064,2065,2066,2067,2068,2069,2070,2071,2072,2073,2074,2075,2076,2077,2078,2079,2080,2081,2082,2083,2084,2085,2086,2087,2088,2089,2090,2091,2092,2093,2094,2095]],[[2102]],[[2100]],[[2098]],[[2099]],[[2101]],[[2096]],[[2097]],[[2103]],[[2104]],[[2105]],[[2106]],[[2109]],[[2107]],[[2119]],[[2123]],[[2124]],[[2108]],[[2126]],[[2125]],[[2120]],[[2121,2122]],[[2127]],[[2130]],[[2129]],[[2128]],[[2131]],[[2114]],[[2115]],[[2116]],[[2133]],[[2134]],[[2132]],[[2113]],[[2117]],[[2118]],[[2110]],[[2112]],[[2111]]],"type":"MultiPolygon","properties":{"n":"Russia (Soviet Union)","s":19140417,"e":19171205}},{"arcs":[[[-816,1304,1305,1306,1307]],[[1341]],[[1308,1309,1310,1311,1312,1313,1314,1315,1316,1317,1318,1319,1320,1321,1322,1323,1324,1325,1326,1327,1328,1329,1330,1331,1332,1333,1334]],[[1335]],[[1336,1337,1338,1339]],[[1447,1448,1449,1450,1451,1452,1453,1454,1455,1456,1457,1458,1459,1460,1461,1462,1463]],[[1465]],[[1466]],[[1347]],[[1444]],[[1443]],[[1445]],[[1340]],[[1344]],[[1346]],[[1345]],[[2135,1421]],[[1342]],[[1343]],[[1479]],[[1480]],[[1473]],[[1471]],[[1446]],[[1478]],[[1481]],[[1491]],[[1493]],[[1494]],[[1492]],[[1483]],[[1482]],[[1484]],[[1486]],[[1487]],[[1485]],[[1488]],[[1490]],[[1489]],[[1495,1496,1497,1498,1499,1500,1501,1502,1503,1504,1505,1506,1507,1508,1509,1510,1511,1512,1513,1514,1515,1516,1517,1518,1519,1520,1521,1522,1523,1524,1525,1526,1527,1528,1529,1530,1531,1532,1533,1534,1535,1536,1537,1538,1539,1540,1541,1542,1543,1544,1545,1546,1547,1548,1549,1550,1551,1552,1553,1554,1555,1556,1557,1558,1559,1560,1561,1562,1563,1564,1565,1566,1567,1568,1569,1570,1571,1572,1573,1574,1575,1576,1577,1578,1579,1580,1581,1582,1583,1584,1585,1586,1587,1588,1589,1590,1591,1592,1593,1594,1595,1596,1597,1598,1599,1600,1601,1602,1603,1604,1605,1606,1607,1608,1609,1610,1611,1612,1613,1614,1615,1616,1617,1618,1619,1620,1621,1622,1623,1624,1625,1626,1627,1628,1629,1630,1631,1632,1633,1634,1635,1636,1637,1638,1639,1640,1641,1642,1643,1644,1645,1646,1647,1648,1649,1650,1651,1652,1294,1653,1296,1654,1298,1655,1300,-1284,1276,-1283,-1282,-1005,-915,-914,-913,907,908,-822,-821,-820,-819,-818,1656,1657,1658,1659,1660,1661,1662,1663,1664,1665,1666,1667,1668,1669,1670,1671,1672,1673,1674,1675,1676,1677,1678,1679,1680,1681,1682,1683,1684,1685,1686,1687,1688,1689,1690,1691,1692,1693,1694,1695,1696,1697,1698,1699,1700,1701,1702,1703,1704,1705,1706,1707,1708,1709,1710,1711,1712,1713,1714,1715,1716,1717,1718,1719,1720,1721,1722,1723,1724,1725,1726,1727,1728,1729,1730,1731,1732,1733,1734,1735,1736,1737,1738,1739,1740,1741,1742,1743,1744,1745,1746,1747,1748,2137,2138,2139,2140,2141,1755,1756,1757,1758,2136,1760,1761,1762,1763,1764,1765,1766,1767,1768,1769,1770,1771,1772,1773,1774,1775,1776,1777,1778,1779,1780,1781,1782,1783,1784,1785,1786,1787,1788,1789,1790,1791,1792,1793,1794,1795,1796,1797,1798,1799,1800,1801,1802,1803,1804,1805,1806,1807,1808,1809,1810,1811,1812,1813,1814,1815,1816,1817,1818,1819,1820,1821,1822,1823,1824,1825,1826,1827,1828,1829,1830,1831,1832,1833,1834,1835,1836,1837,1838,1839,1840,1841,1842,1843,1844,1845,1846,1847,1848,1849,1850,1851,1852,1853,1854,1855,1856,1857,1858,1859,1860,1861,1862,1863,1864,1865,1866,1867,1868,1869,1870,1871,1872,1873,1874,1875,1876,1877,1878,1879,1880,1881,1882,1883,1884,1885,1886,1887,1888,1889,1890,1891,1892,1893,1894,1895,1896,1897,1898,1899,1900,1901,1902,1903,1904,1905,1906,1907,1908,1909,1910,1911,1912,1913,1914,1915,1916,1917,1918,1919,1920,1921,1922,1923,1924,1925,1926,1927,1928,1929,1930,1931,1932,1933,1934,1935,1936,1937,1938,1939,1940,1941,1942,1943,1944,1945,1946,1947,1948,1949,1950,1951,1952,1953,1954,1955,1956,1957,1958,1959,1960,1961,1962,1963,1964,1965,1966,1967,1968,1969,1970,1971,1972,1973,1974,1975,1976,1977,1978,1979,1980,1981,1982,1983,1984,1985,1986,1987,1988,1989,1990,1991,1992,1993,1994,1995,1996,1997,1998,1999,2000,2001,2002,2003,2004,2005,2006,2007,2008,2009,2010,2011,2012,2013,2014,2015,2016,2017,2018,2019,2020,2021,2022,2023,2024,2025,2026,2027,2028,2029,2030,2031,2032,2033,2034,2035,2036,2037,2038,2039,2040,2041,2042,2043,2044,2045,2046,2047,2048,2049,2050,2051,2052,2053,2054,2055,2056,2057,2058,2059,2060,2061,2062,2063,2064,2065,2066,2067,2068,2069,2070,2071,2072,2073,2074,2075,2076,2077,2078,2079,2080,2081,2082,2083,2084,2085,2086,2087,2088,2089,2090,2091,2092,2093,2094,2095]],[[2097]],[[2105]],[[2098]],[[2104]],[[2102]],[[2099]],[[2101]],[[2100]],[[2103]],[[2133]],[[2134]],[[2096]],[[2106]],[[2109]],[[2107]],[[2108]],[[2119]],[[2123]],[[2125]],[[2126]],[[2120]],[[2121,2122]],[[2127]],[[2128]],[[2130]],[[2129]],[[2131]],[[2132]],[[2117]],[[2114]],[[2115]],[[2116]],[[2113]],[[2118]],[[2110]],[[2111]],[[2112]],[[2124]]],"type":"MultiPolygon","properties":{"n":"Russia (Soviet Union)","s":19171206,"e":19180215}},{"arcs":[[[1308,1309,1310,1311,1312,1313,1314,1315,1316,1317,1318,1319,1320,1321,1322,1323,1324,1325,1326,1327,1328,1329,1330,1331,1332,1333,1334]],[[1335]],[[1336,1337,1338,1339]],[[1447,1448,1449,1450,1451,1452,1453,1454,1455,1456,1457,1458,1459,1460,1461,1462,1463]],[[1466]],[[1465]],[[1471]],[[1473]],[[1446]],[[1445]],[[1347]],[[1443]],[[1444]],[[1340]],[[1341]],[[1342]],[[1343]],[[1344]],[[1346]],[[1345]],[[2135,1421]],[[1479]],[[1480]],[[1478]],[[1481]],[[1482]],[[1483]],[[1484]],[[1491]],[[1492]],[[1494]],[[1493]],[[1485]],[[1488]],[[2100]],[[2098]],[[2099]],[[2101]],[[2097]],[[2102]],[[2103]],[[2104]],[[2105]],[[1490]],[[1489]],[[1486]],[[1487]],[[1495,1496,1497,1498,1499,1500,1501,1502,1503,1504,1505,1506,1507,1508,1509,1510,1511,1512,1513,1514,1515,1516,1517,1518,1519,1520,1521,1522,1523,1524,1525,1526,1527,1528,1529,1530,1531,1532,1533,1534,1535,1536,1537,1538,1539,1540,1541,1542,1543,1544,1545,1546,1547,1548,1549,1550,1551,1552,1553,1554,1555,1556,1557,1558,1559,1560,1561,1562,1563,1564,1565,1566,1567,1568,1569,1570,1571,1572,1573,1574,1575,1576,1577,1578,1579,1580,1581,1582,1583,1584,1585,1586,1587,1588,1589,1590,1591,1592,1593,1594,1595,1596,1597,1598,1599,1600,1601,1602,1603,1604,1605,1606,1607,1608,1609,1610,1611,1612,1613,1614,1615,1616,1617,1618,1619,1620,1621,1622,1623,1624,1625,1626,1627,1628,1629,1630,1631,1632,1633,1634,1635,1636,1637,1638,1639,1640,1641,1642,1643,1644,1645,1646,1647,1648,1649,1650,1651,1652,1294,1653,1296,1654,1298,1655,1300,-1284,1276,-1283,-1282,-1005,-915,-914,-913,907,908,-822,-821,-820,-819,909,910,902,-929,-928,-927,-926,-925,-924,2142,1659,1660,1661,1662,1663,1664,1665,1666,1667,1668,1669,1670,1671,1672,1673,1674,1675,1676,1677,1678,1679,1680,1681,1682,1683,1684,1685,1686,1687,1688,1689,1690,1691,1692,1693,1694,1695,1696,1697,1698,1699,1700,1701,1702,1703,1704,1705,1706,1707,1708,1709,1710,1711,1712,1713,1714,1715,1716,1717,1718,1719,1720,1721,1722,1723,1724,1725,1726,1727,1728,1729,1730,1731,1732,1733,1734,1735,1736,1737,1738,1739,1740,1741,1742,1743,1744,1745,1746,1747,1748,2137,2138,2139,2140,2141,1755,1756,1757,1758,2136,1760,1761,1762,1763,1764,1765,1766,1767,1768,1769,1770,1771,1772,1773,1774,1775,1776,1777,1778,1779,1780,1781,1782,1783,1784,1785,1786,1787,1788,1789,1790,1791,1792,1793,1794,1795,1796,1797,1798,1799,1800,1801,1802,1803,1804,1805,1806,1807,1808,1809,1810,1811,1812,1813,1814,1815,1816,1817,1818,1819,1820,1821,1822,1823,1824,1825,1826,1827,1828,1829,1830,1831,1832,1833,1834,1835,1836,1837,1838,1839,1840,1841,1842,1843,1844,1845,1846,1847,1848,1849,1850,1851,1852,1853,1854,1855,1856,1857,1858,1859,1860,1861,1862,1863,1864,1865,1866,1867,1868,1869,1870,1871,1872,1873,1874,1875,1876,1877,1878,1879,1880,1881,1882,1883,1884,1885,1886,1887,1888,1889,1890,1891,1892,1893,1894,1895,1896,1897,1898,1899,1900,1901,1902,1903,1904,1905,1906,1907,1908,1909,1910,1911,1912,1913,1914,1915,1916,1917,1918,1919,1920,1921,1922,1923,1924,1925,1926,1927,1928,1929,1930,1931,1932,1933,1934,1935,1936,1937,1938,1939,1940,1941,1942,1943,1944,1945,1946,1947,1948,1949,1950,1951,1952,1953,1954,1955,1956,1957,1958,1959,1960,1961,1962,1963,1964,1965,1966,1967,1968,1969,1970,1971,1972,1973,1974,1975,1976,1977,1978,1979,1980,1981,1982,1983,1984,1985,1986,1987,1988,1989,1990,1991,1992,1993,1994,1995,1996,1997,1998,1999,2000,2001,2002,2003,2004,2005,2006,2007,2008,2009,2010,2011,2012,2013,2014,2015,2016,2017,2018,2019,2020,2021,2022,2023,2024,2025,2026,2027,2028,2029,2030,2031,2032,2033,2034,2035,2036,2037,2038,2039,2040,2041,2042,2043,2044,2045,2046,2047,2048,2049,2050,2051,2052,2053,2054,2055,2056,2057,2058,2059,2060,2061,2062,2063,2064,2065,2066,2067,2068,2069,2070,2071,2072,2073,2074,2075,2076,2077,2078,2079,2080,2081,2082,2083,2084,2085,2086,2087,2088,2089,2090,2091,2092,2093,2094,2095]],[[2131]],[[2132]],[[2133]],[[2134]],[[2096]],[[2106]],[[2109]],[[2107]],[[2108]],[[2119]],[[2123]],[[2126]],[[2125]],[[2127]],[[2129]],[[2128]],[[2120]],[[2121,2122]],[[2130]],[[2117]],[[2113]],[[2110]],[[2118]],[[2111]],[[2112]],[[2114]],[[2115]],[[2116]],[[2124]]],"type":"MultiPolygon","properties":{"n":"Russia (Soviet Union)","s":19180216,"e":19180302}},{"arcs":[[[1308,1309,1310,1311,1312,1313,1314,1315,1316,1317,1318,1319,1320,1321,1322,1323,1324,1325,1326,1327,1328,1329,1330,1331,1332,1333,1334]],[[1447,1448,1449,1450,1451,1452,1453,1454,1455,1456,1457,1458,1459,1460,1461,1462,1463]],[[1335]],[[1336,1337,1338,1339]],[[1466]],[[1465]],[[1471]],[[1473]],[[1446]],[[1445]],[[1347]],[[1443]],[[1444]],[[1340]],[[1341]],[[1342]],[[1343]],[[1344]],[[1346]],[[1345]],[[2135,1421]],[[1479]],[[1480]],[[1478]],[[1481]],[[1482]],[[1483]],[[1484]],[[1491]],[[1492]],[[1494]],[[1493]],[[1485]],[[1488]],[[2098]],[[2099]],[[2102]],[[2101]],[[2100]],[[2104]],[[2097]],[[2103]],[[2105]],[[1490]],[[1489]],[[1486]],[[1487]],[[1495,1496,1497,1498,1499,1500,1501,1502,1503,1504,1505,1506,1507,1508,1509,1510,1511,1512,1513,1514,1515,1516,1517,1518,1519,1520,1521,1522,1523,1524,1525,1526,1527,1528,1529,1530,1531,1532,1533,1534,1535,1536,1537,1538,1539,1540,1541,1542,1543,1544,1545,1546,1547,1548,1549,1550,1551,1552,1553,1554,1555,1556,1557,1558,1559,1560,1561,1562,1563,1564,1565,1566,1567,1568,1569,1570,1571,1572,1573,1574,1575,1576,1577,1578,1579,1580,1581,1582,1583,1584,1585,1586,1587,1588,1589,1590,1591,1592,1593,1594,1595,1596,1597,1598,1599,1600,1601,1602,1603,1604,1605,1606,1607,1608,1609,1610,1611,1612,1613,1614,1615,1616,1617,1618,1619,1620,1621,1622,1623,1624,1625,1626,1627,1628,1629,1630,1631,1632,1633,1634,1635,1636,1637,1638,1639,1640,1641,1642,1643,1644,1645,1646,1647,1648,1649,1650,1651,1652,1294,1653,1296,1654,1298,1655,1300,-1284,1276,-1283,-1282,-1005,-915,-914,-913,907,908,-822,-821,-820,-819,909,910,902,-929,-928,-927,-926,-925,-924,2142,1659,1660,1661,1662,1663,1664,1665,1666,1667,1668,1669,1670,1671,1672,1673,1674,1675,1676,1677,1678,1679,1680,1681,1682,1683,1684,1685,1686,1687,1688,1689,1690,1691,1692,1693,1694,1695,1696,1697,1698,1699,1700,1701,1702,1703,1704,1705,1706,1707,1708,1709,1710,1711,1712,1713,1714,1715,1716,1717,1718,1719,1720,1721,1722,1723,1724,1725,1726,1727,1728,1729,1730,1731,1732,1733,1734,1735,1736,1737,1738,1739,1740,1741,1742,1743,1744,1745,1746,1747,1748,2137,2138,2139,2140,2141,1755,1756,1757,1758,2136,1760,1761,1762,1763,1764,1765,1766,1767,1768,1769,1770,1771,1772,1773,1774,1775,1776,1777,1778,1779,1780,1781,1782,1783,1784,1785,1786,1787,1788,1789,1790,1791,1792,1793,1794,1795,1796,1797,1798,1799,1800,1801,1802,1803,1804,1805,1806,1807,1808,1809,1810,1811,1812,1813,1814,1815,1816,1817,1818,1819,1820,1821,1822,1823,1824,1825,1826,1827,1828,1829,1830,1831,1832,1833,1834,1835,1836,1837,1838,1839,1840,1841,1842,1843,1844,1845,1846,1847,1848,1849,1850,1851,1852,1853,1854,1855,1856,1857,1858,1859,1860,1861,1862,1863,1864,1865,1866,1867,1868,1869,1870,1871,1872,1873,1874,1875,1876,1877,1878,1879,1880,1881,1882,1883,1884,1885,1886,1887,1888,1889,1890,1891,1892,1893,1894,1895,1896,1897,1898,1899,1900,1901,1902,1903,1904,1905,1906,1907,1908,1909,1910,1911,1912,1913,1914,1915,1916,1917,1918,1919,1920,1921,1922,1923,1924,1925,1926,1927,1928,1929,1930,1931,1932,1933,1934,1935,1936,1937,1938,1939,1940,1941,1942,1943,1944,1945,1946,1947,1948,1949,1950,1951,1952,1953,1954,1955,1956,1957,1958,1959,1960,1961,1962,1963,1964,1965,1966,1967,1968,1969,1970,1971,1972,1973,1974,1975,1976,1977,1978,1979,1980,1981,1982,1983,1984,1985,1986,1987,1988,1989,1990,1991,1992,1993,1994,1995,1996,1997,1998,1999,2000,2001,2002,2003,2004,2005,2006,2007,2008,2009,2010,2011,2012,2013,2014,2015,2016,2017,2143,2144,2145,2021,2022,2023,2024,2025,2026,2027,2028,2029,2030,2031,2032,2033,2034,2035,2036,2037,2038,2039,2040,2041,2042,2043,2044,2045,2046,2047,2048,2049,2050,2051,2052,2053,2054,2055,2056,2057,2058,2059,2060,2061,2062,2063,2064,2065,2066,2067,2068,2069,2070,2071,2072,2073,2074,2075,2076,2077,2078,2079,2080,2081,2082,2083,2084,2085,2086,2087,2088,2089,2090,2091,2092,2093,2094,2095]],[[2131]],[[2133]],[[2134]],[[2132]],[[2096]],[[2106]],[[2119]],[[2129]],[[2120]],[[2121,2122]],[[2118]],[[2123]],[[2109]],[[2110]],[[2117]],[[2113]],[[2111]],[[2112]],[[2114]],[[2115]],[[2116]],[[2107]],[[2108]],[[2124]],[[2125]],[[2126]],[[2127]],[[2128]],[[2130]]],"type":"MultiPolygon","properties":{"n":"Russia (Soviet Union)","s":19180303,"e":19180310}},{"arcs":[[[1308,1309,1310,1311,1312,1313,1314,1315,1316,1317,1318,1319,1320,1321,1322,1323,1324,1325,1326,1327,1328,1329,1330,1331,1332,1333,1334]],[[1447,1448,1449,1450,1451,1452,1453,1454,1455,1456,1457,1458,1459,1460,1461,1462,1463]],[[1335]],[[1336,1337,1338,1339]],[[1466]],[[1465]],[[1471]],[[1473]],[[1446]],[[1445]],[[1347]],[[1443]],[[1444]],[[1340]],[[1341]],[[1342]],[[1343]],[[1344]],[[1346]],[[1345]],[[2135,1421]],[[1479]],[[1480]],[[1478]],[[1481]],[[1482]],[[1483]],[[1484]],[[1491]],[[1492]],[[1494]],[[1493]],[[1485]],[[1488]],[[2098]],[[2099]],[[2102]],[[2101]],[[2100]],[[2104]],[[2097]],[[2103]],[[2105]],[[1490]],[[1489]],[[1486]],[[1487]],[[1495,1496,1497,1498,1499,1500,1501,1502,1503,1504,1505,1506,1507,1508,1509,1510,1511,1512,1513,1514,1515,1516,1517,1518,1519,1520,1521,1522,1523,1524,1525,1526,1527,1528,1529,1530,1531,1532,1533,1534,1535,1536,1537,1538,1539,1540,1541,1542,1543,1544,1545,1546,1547,1548,1549,1550,1551,1552,1553,1554,1555,1556,1557,1558,1559,1560,1561,1562,1563,1564,1565,1566,1567,1568,1569,1570,1571,1572,1573,1574,1575,1576,1577,1578,1579,1580,1581,1582,1583,1584,1585,1586,1587,1588,1589,1590,1591,1592,1593,1594,1595,1596,1597,1598,1599,1600,1601,1602,1603,1604,1605,1606,1607,1608,1609,1610,1611,1612,1613,1614,1615,1616,1617,1618,1619,1620,1621,1622,1623,1624,1625,1626,1627,1628,1629,1630,1631,1632,1633,1634,1635,1636,1637,1638,1639,1640,1641,1642,1643,1644,1645,1646,1647,1648,1649,1650,1651,1652,1294,1653,1296,1654,1298,1655,1300,-1284,1276,-1283,-1282,-1005,-915,-914,-913,907,908,-822,-821,-820,-819,909,910,902,-929,-928,-927,-926,-925,-924,2142,1659,1660,1661,1662,1663,1664,1665,1666,1667,1668,1669,1670,1671,1672,1673,1674,1675,1676,1677,1678,1679,1680,1681,1682,1683,1684,1685,1686,1687,1688,1689,1690,1691,1692,1693,1694,1695,1696,1697,1698,1699,1700,1701,1702,1703,1704,1705,1706,1707,1708,1709,1710,1711,1712,1713,1714,1715,1716,1717,1718,1719,1720,1721,1722,1723,1724,1725,1726,1727,1728,1729,1730,1731,1732,1733,1734,1735,1736,1737,1738,1739,1740,1741,1742,1743,1744,1745,1746,1747,1748,2137,2138,2139,2140,2141,1755,1756,1757,1758,2136,1760,1761,1762,1763,1764,1765,1766,1767,1768,1769,1770,1771,1772,1773,1774,1775,1776,1777,1778,1779,1780,1781,1782,1783,1784,1785,1786,1787,1788,1789,1790,1791,1792,1793,1794,1795,1796,1797,1798,1799,1800,1801,1802,1803,1804,1805,1806,1807,1808,1809,1810,1811,1812,1813,1814,1815,1816,1817,1818,1819,1820,1821,1822,1823,1824,1825,1826,1827,1828,1829,1830,1831,1832,1833,1834,1835,1836,1837,1838,1839,1840,1841,1842,1843,1844,1845,1846,1847,1848,1849,1850,1851,1852,1853,1854,1855,1856,1857,1858,1859,1860,1861,1862,1863,1864,1865,1866,1867,1868,1869,1870,1871,1872,1873,1874,1875,1876,1877,1878,1879,1880,1881,1882,1883,1884,1885,1886,1887,1888,1889,1890,1891,1892,1893,1894,1895,1896,1897,1898,1899,1900,1901,1902,1903,1904,1905,1906,1907,1908,1909,1910,1911,1912,1913,1914,1915,1916,1917,1918,1919,1920,1921,1922,1923,1924,1925,1926,1927,1928,1929,1930,1931,1932,1933,1934,1935,1936,1937,1938,1939,1940,1941,1942,1943,1944,1945,1946,1947,1948,1949,1950,1951,1952,1953,1954,1955,1956,1957,1958,1959,1960,1961,1962,1963,1964,1965,1966,1967,1968,1969,1970,1971,1972,1973,1974,1975,1976,1977,1978,1979,1980,1981,1982,1983,1984,1985,1986,1987,1988,1989,1990,1991,1992,1993,1994,1995,1996,1997,1998,1999,2000,2001,2002,2003,2004,2005,2006,2007,2008,2009,2010,2011,2012,2013,2014,2015,2016,2017,2143,2144,2145,2021,2022,2023,2024,2025,2026,2027,2028,2029,2030,2031,2032,2033,2034,2035,2036,2037,2038,2039,2040,2041,2042,2043,2044,2045,2046,2047,2048,2049,2050,2051,2052,2053,2054,2055,2056,2057,2058,2059,2060,2061,2062,2063,2064,2065,2066,2067,2068,2069,2070,2071,2072,2073,2074,2075,2076,2077,2078,2079,2080,2081,2082,2083,2084,2085,2086,2087,2088,2089,2090,2091,2092,2093,2094,2095]],[[2131]],[[2133]],[[2134]],[[2132]],[[2096]],[[2106]],[[2119]],[[2129]],[[2120]],[[2121,2122]],[[2118]],[[2123]],[[2109]],[[2110]],[[2117]],[[2113]],[[2111]],[[2112]],[[2114]],[[2115]],[[2116]],[[2107]],[[2108]],[[2124]],[[2125]],[[2126]],[[2127]],[[2128]],[[2130]]],"type":"MultiPolygon","properties":{"n":"Russia (Soviet Union)","s":19180311,"e":19181110}},{"arcs":[[[1335]],[[1465]],[[1479]],[[1471]],[[1473]],[[1446]],[[1480]],[[1445]],[[1347]],[[1443]],[[1444]],[[1341]],[[1340]],[[1342]],[[1343]],[[1344]],[[1346]],[[1345]],[[2135,1421]],[[1478]],[[1492]],[[1483]],[[1481]],[[1485]],[[1490]],[[1482]],[[1484]],[[1491]],[[1493]],[[1494]],[[2099]],[[2098]],[[2102]],[[2101]],[[2100]],[[2104]],[[2097]],[[2103]],[[2105]],[[1489]],[[1486]],[[1488]],[[1487]],[[1495,1496,1497,1498,1499,1500,1501,1502,1503,1504,1505,1506,1507,1508,1509,1510,1511,1512,1513,1514,1515,1516,1517,1518,1519,1520,1521,1522,1523,1524,1525,1526,1527,1528,1529,1530,1531,1532,1533,1534,1535,1536,1537,1538,1539,1540,1541,1542,1543,1544,1545,1546,1547,1548,1549,1550,1551,1552,1553,1554,1555,1556,1557,1558,1559,1560,1561,1562,1563,1564,1565,1566,1567,1568,1569,1570,1571,1572,1573,1574,1575,1576,1577,1578,1579,1580,1581,1582,1583,1584,1585,1586,1587,1588,1589,1590,1591,1592,1593,1594,1595,1596,1597,1598,1599,1600,1601,1602,1603,1604,1605,1606,1607,1608,1609,1610,1611,1612,1613,1614,1615,1616,1617,1618,1619,1620,1621,1622,1623,1624,1625,1626,1627,1628,1629,1630,1631,1632,1633,1634,1635,1636,1637,1638,1639,1640,1641,1642,1643,1644,1645,1646,1647,1648,1649,1650,1651,1652,1294,1653,1296,1654,1298,1655,1300,-1284,1276,-1283,-1282,-1005,-915,-914,-913,-907,-906,-905,-904,-929,-928,2146,2147,2148,2149,2150,2151,2152,1748,2137,2138,2139,2140,2141,1755,1756,1757,1758,2136,1760,1761,1762,1763,1764,1765,1766,1767,1768,1769,1770,1771,1772,1773,1774,1775,1776,1777,1778,1779,1780,1781,1782,1783,1784,1785,1786,1787,1788,1789,1790,1791,1792,1793,1794,1795,1796,1797,1798,1799,1800,1801,1802,1803,1804,1805,1806,1807,1808,1809,1810,1811,1812,1813,1814,1815,1816,1817,1818,1819,1820,1821,1822,1823,1824,1825,1826,1827,1828,1829,1830,1831,1832,1833,1834,1835,1836,1837,1838,1839,1840,1841,1842,1843,1844,1845,1846,1847,1848,1849,1850,1851,1852,1853,1854,1855,1856,1857,1858,1859,1860,1861,1862,1863,1864,1865,1866,1867,1868,1869,1870,1871,1872,1873,1874,1875,1876,1877,1878,1879,1880,1881,1882,1883,1884,1885,1886,1887,1888,1889,1890,1891,1892,1893,1894,1895,1896,1897,1898,1899,1900,1901,1902,1903,1904,1905,1906,1907,1908,1909,1910,1911,1912,1913,1914,1915,1916,1917,1918,1919,1920,1921,1922,1923,1924,1925,1926,1927,1928,1929,1930,1931,1932,1933,1934,1935,1936,1937,1938,1939,1940,1941,1942,1943,1944,1945,1946,1947,1948,1949,1950,1951,1952,1953,1954,1955,1956,1957,1958,1959,1960,1961,1962,1963,1964,1965,1966,1967,1968,1969,1970,1971,1972,1973,1974,1975,1976,1977,1978,1979,1980,1981,1982,1983,1984,1985,1986,1987,1988,1989,1990,1991,1992,1993,1994,1995,1996,1997,1998,1999,2000,2001,2002,2003,2004,2005,2006,2007,2008,2009,2010,2011,2012,2013,2014,2015,2016,2017,2143,2144,2145,2021,2022,2023,2024,2025,2026,2027,2028,2029,2030,2031,2032,2033,2034,2035,2036,2037,2038,2039,2040,2041,2042,2043,2044,2045,2046,2047,2048,2049,2050,2051,2052,2053,2054,2055,2056,2057,2058,2059,2060,2061,2062,2063,2064,2065,2066,2067,2068,2069,2070,2071,2072,2073,2074,2075,2076,2077,2078,2079,2080,2081,2082,2083,2084,2085,2086,2087,2088,2089,2090,2091,2092,2093,2094,2095]],[[2131]],[[2133]],[[2134]],[[2132]],[[2096]],[[2106]],[[2109]],[[2107]],[[2108]],[[2119]],[[2123]],[[2126]],[[2125]],[[2127]],[[2128]],[[2120]],[[2121,2122]],[[2129]],[[2130]],[[2117]],[[2113]],[[2110]],[[2118]],[[2111]],[[2112]],[[2114]],[[2115]],[[2116]],[[2124]]],"type":"MultiPolygon","properties":{"n":"Russia (Soviet Union)","s":19181111,"e":19200201}},{"arcs":[[[1335]],[[1465]],[[1479]],[[1471]],[[1473]],[[1446]],[[1480]],[[1445]],[[1347]],[[1443]],[[1444]],[[1341]],[[1340]],[[1342]],[[1343]],[[1344]],[[1346]],[[1345]],[[2135,1421]],[[1478]],[[1492]],[[1483]],[[1481]],[[1485]],[[1490]],[[1482]],[[1484]],[[1491]],[[1493]],[[1494]],[[2099]],[[2098]],[[2102]],[[2101]],[[2100]],[[2104]],[[2097]],[[2103]],[[2105]],[[1489]],[[1486]],[[1488]],[[1487]],[[1495,1496,1497,1498,1499,1500,1501,1502,1503,1504,1505,1506,1507,1508,1509,1510,1511,1512,1513,1514,1515,1516,1517,1518,1519,1520,1521,1522,1523,1524,1525,1526,1527,1528,1529,1530,1531,1532,1533,1534,1535,1536,1537,1538,1539,1540,1541,1542,1543,1544,1545,1546,1547,1548,1549,1550,1551,1552,1553,1554,1555,1556,1557,1558,1559,1560,1561,1562,1563,1564,1565,1566,1567,1568,1569,1570,1571,1572,1573,1574,1575,1576,1577,1578,1579,1580,1581,1582,1583,1584,1585,1586,1587,1588,1589,1590,1591,1592,1593,1594,1595,1596,1597,1598,1599,1600,1601,1602,1603,1604,1605,1606,1607,1608,1609,1610,1611,1612,1613,1614,1615,1616,1617,1618,1619,1620,1621,1622,1623,1624,1625,1626,1627,1628,1629,1630,1631,1632,1633,1634,1635,1636,1637,1638,1639,1640,1641,1642,1643,1644,1645,1646,1647,1648,1649,1650,1651,1652,1294,1653,1296,1654,1298,1655,1300,-1284,1276,-1283,-1282,-1005,-915,-914,-913,-907,-906,-905,-904,-929,-928,2146,2147,2148,2149,2150,2151,2152,1748,2137,2138,2139,2140,2141,1755,1756,1757,1758,2136,1760,1761,1762,1763,1764,1765,1766,1767,1768,1769,1770,1771,1772,1773,1774,1775,1776,2153,2154,2155,2156,2157,2158,1787,1788,1789,1790,1791,1792,1793,1794,1795,1796,1797,1798,1799,1800,1801,1802,1803,1804,1805,1806,1807,1808,1809,1810,1811,1812,1813,1814,1815,1816,1817,1818,1819,1820,1821,1822,1823,1824,1825,1826,1827,1828,1829,1830,1831,1832,1833,1834,1835,1836,1837,1838,1839,1840,1841,1842,1843,1844,1845,1846,1847,1848,1849,1850,1851,1852,1853,1854,1855,1856,1857,1858,1859,1860,1861,1862,1863,1864,1865,1866,1867,1868,1869,1870,1871,1872,1873,1874,1875,1876,1877,1878,1879,1880,1881,1882,1883,1884,1885,1886,1887,1888,1889,1890,1891,1892,1893,1894,1895,1896,1897,1898,1899,1900,1901,1902,1903,1904,1905,1906,1907,1908,1909,1910,1911,1912,1913,1914,1915,1916,1917,1918,1919,1920,1921,1922,1923,1924,1925,1926,1927,1928,1929,1930,1931,1932,1933,1934,1935,1936,1937,1938,1939,1940,1941,1942,1943,1944,1945,1946,1947,1948,1949,1950,1951,1952,1953,1954,1955,1956,1957,1958,1959,1960,1961,1962,1963,1964,1965,1966,1967,1968,1969,1970,1971,1972,1973,1974,1975,1976,1977,1978,1979,1980,1981,1982,1983,1984,1985,1986,1987,1988,1989,1990,1991,1992,1993,1994,1995,1996,1997,1998,1999,2000,2001,2002,2003,2004,2005,2006,2007,2008,2009,2010,2011,2012,2013,2014,2015,2016,2017,2143,2144,2145,2021,2022,2023,2024,2025,2026,2027,2028,2029,2030,2031,2032,2033,2034,2035,2036,2037,2038,2039,2040,2041,2042,2043,2044,2045,2046,2047,2048,2049,2050,2051,2052,2053,2054,2055,2056,2057,2058,2059,2060,2061,2062,2063,2064,2065,2066,2067,2068,2069,2070,2071,2072,2073,2074,2075,2076,2077,2078,2079,2080,2081,2082,2083,2084,2085,2086,2087,2088,2089,2090,2091,2092,2093,2094,2095]],[[2131]],[[2133]],[[2134]],[[2132]],[[2096]],[[2106]],[[2109]],[[2107]],[[2108]],[[2119]],[[2123]],[[2126]],[[2125]],[[2127]],[[2128]],[[2120]],[[2121,2122]],[[2129]],[[2130]],[[2117]],[[2113]],[[2110]],[[2118]],[[2111]],[[2112]],[[2114]],[[2115]],[[2116]],[[2124]]],"type":"MultiPolygon","properties":{"n":"Russia (Soviet Union)","s":19200202,"e":19200901}},{"arcs":[[[1335]],[[1465]],[[1479]],[[1471]],[[1473]],[[1446]],[[1480]],[[1445]],[[1347]],[[1443]],[[1444]],[[1341]],[[1340]],[[1342]],[[1343]],[[1344]],[[1346]],[[1345]],[[2135,1421]],[[1478]],[[1492]],[[1483]],[[1481]],[[1485]],[[1490]],[[1482]],[[1484]],[[1491]],[[1493]],[[1494]],[[2099]],[[2098]],[[2102]],[[2101]],[[2100]],[[2104]],[[2097]],[[2103]],[[2105]],[[1489]],[[1486]],[[1488]],[[1487]],[[1495,1496,1497,1498,1499,1500,1501,1502,1503,1504,1505,1506,1507,1508,1509,1510,1511,1512,1513,1514,1515,1516,1517,1518,1519,1520,1521,1522,1523,1524,1525,1526,1527,1528,1529,1530,1531,1532,1533,1534,1535,1536,1537,1538,1539,1540,1541,1542,1543,1544,1545,1546,1547,1548,1549,1550,1551,1552,1553,1554,1555,1556,1557,1558,1559,1560,1561,1562,1563,1564,1565,1566,1567,1568,1569,1570,1571,1572,1573,1574,1575,1576,1577,1578,1579,1580,1581,1582,1583,1584,1585,1586,1587,1588,1589,1590,1591,1592,1593,1594,1595,1596,1597,1598,1599,1600,1601,1602,1603,1604,1605,1606,1607,1608,1609,1610,1611,1612,1613,1614,1615,1616,1617,1618,1619,1620,1621,1622,1623,1624,1625,1626,1627,1628,1629,1630,1631,1632,1633,1634,1635,1636,1637,1638,1639,1640,1641,1642,1643,1644,1645,1646,1647,1648,1649,1650,1651,1652,1294,1653,1296,1654,1298,1655,1300,-1284,1276,-1283,-1282,-1005,-915,-914,-913,-907,-906,-905,-904,-929,-928,2146,2147,2148,2149,2150,2151,2152,1748,2137,2138,2139,2140,2141,1755,1756,1757,1758,2136,1760,1761,1762,1763,1764,1765,1766,2159,2160,2161,2158,1787,1788,1789,1790,1791,1792,1793,1794,1795,1796,1797,1798,1799,1800,1801,1802,1803,1804,1805,1806,1807,1808,1809,1810,1811,1812,1813,1814,1815,1816,1817,1818,1819,1820,1821,1822,1823,1824,1825,1826,1827,1828,1829,1830,1831,1832,1833,1834,1835,1836,1837,1838,1839,1840,1841,1842,1843,1844,1845,1846,1847,1848,1849,1850,1851,1852,1853,1854,1855,1856,1857,1858,1859,1860,1861,1862,1863,1864,1865,1866,1867,1868,1869,1870,1871,1872,1873,1874,1875,1876,1877,1878,1879,1880,1881,1882,1883,1884,1885,1886,1887,1888,1889,1890,1891,1892,1893,1894,1895,1896,1897,1898,1899,1900,1901,1902,1903,1904,1905,1906,1907,1908,1909,1910,1911,1912,1913,1914,1915,1916,1917,1918,1919,1920,1921,1922,1923,1924,1925,1926,1927,1928,1929,1930,1931,1932,1933,1934,1935,1936,1937,1938,1939,1940,1941,1942,1943,1944,1945,1946,1947,1948,1949,1950,1951,1952,1953,1954,1955,1956,1957,1958,1959,1960,1961,1962,1963,1964,1965,1966,1967,1968,1969,1970,1971,1972,1973,1974,1975,1976,1977,1978,1979,1980,1981,1982,1983,1984,1985,1986,1987,1988,1989,1990,1991,1992,1993,1994,1995,1996,1997,1998,1999,2000,2001,2002,2003,2004,2005,2006,2007,2008,2009,2010,2011,2012,2013,2014,2015,2016,2017,2143,2144,2145,2021,2022,2023,2024,2025,2026,2027,2028,2029,2030,2031,2032,2033,2034,2035,2036,2037,2038,2039,2040,2041,2042,2043,2044,2045,2046,2047,2048,2049,2050,2051,2052,2053,2054,2055,2056,2057,2058,2059,2060,2061,2062,2063,2064,2065,2066,2067,2068,2069,2070,2071,2072,2073,2074,2075,2076,2077,2078,2079,2080,2081,2082,2083,2084,2085,2086,2087,2088,2089,2090,2091,2092,2093,2094,2095]],[[2131]],[[2133]],[[2134]],[[2132]],[[2096]],[[2106]],[[2109]],[[2107]],[[2108]],[[2119]],[[2123]],[[2126]],[[2125]],[[2127]],[[2128]],[[2120]],[[2121,2122]],[[2129]],[[2130]],[[2117]],[[2113]],[[2110]],[[2118]],[[2111]],[[2112]],[[2114]],[[2115]],[[2116]],[[2124]]],"type":"MultiPolygon","properties":{"n":"Russia (Soviet Union)","s":19200902,"e":19201027}},{"arcs":[[[1335]],[[1465]],[[1479]],[[1471]],[[1473]],[[1446]],[[1480]],[[1445]],[[1347]],[[1443]],[[1444]],[[1341]],[[1340]],[[1342]],[[1343]],[[1344]],[[1346]],[[1345]],[[2135,1421]],[[1478]],[[1492]],[[1483]],[[1481]],[[1485]],[[1490]],[[1482]],[[1484]],[[1491]],[[1493]],[[1494]],[[2099]],[[2098]],[[2102]],[[2101]],[[2100]],[[2104]],[[2097]],[[2103]],[[2105]],[[1489]],[[1486]],[[1488]],[[1487]],[[1495,1496,1497,1498,1499,1500,1501,1502,1503,1504,1505,1506,1507,1508,1509,1510,1511,1512,1513,1514,1515,1516,1517,1518,1519,1520,1521,1522,1523,1524,1525,1526,1527,1528,1529,1530,1531,1532,1533,1534,1535,1536,1537,1538,1539,1540,1541,1542,1543,1544,1545,1546,1547,1548,1549,1550,1551,1552,1553,1554,1555,1556,1557,1558,1559,1560,1561,1562,1563,1564,1565,1566,1567,1568,1569,1570,1571,1572,1573,1574,1575,1576,1577,1578,1579,1580,1581,1582,1583,1584,1585,1586,1587,1588,1589,1590,1591,1592,1593,1594,1595,1596,1597,1598,1599,1600,1601,1602,1603,1604,1605,1606,1607,1608,1609,1610,1611,1612,1613,1614,1615,1616,1617,1618,1619,1620,1621,1622,1623,1624,1625,1626,1627,1628,1629,1630,1631,1632,1633,1634,1635,1636,1637,1638,1639,1640,1641,1642,1643,1644,1645,1646,1647,1648,1649,1650,1651,1652,-1294,-1275,-1293,-1292,-1291,-1290,-1289,-1288,-1281,-1287,-1279,-1286,-914,-913,-907,-906,-905,-904,-929,-928,2146,2147,2148,2149,2150,2151,2152,1748,2137,2138,2139,2140,2141,1755,1756,1757,1758,2136,1760,1761,1762,1763,1764,1765,1766,2159,2160,2161,2158,1787,1788,1789,1790,1791,1792,1793,1794,1795,1796,1797,1798,1799,1800,1801,1802,1803,1804,1805,1806,1807,1808,1809,1810,1811,1812,1813,1814,1815,1816,1817,1818,1819,1820,1821,1822,1823,1824,1825,1826,1827,1828,1829,1830,1831,1832,1833,1834,1835,1836,1837,1838,1839,1840,1841,1842,1843,1844,1845,1846,1847,1848,1849,1850,1851,1852,1853,1854,1855,1856,1857,1858,1859,1860,1861,1862,1863,1864,1865,1866,1867,1868,1869,1870,1871,1872,1873,1874,1875,1876,1877,1878,1879,1880,1881,1882,1883,1884,1885,1886,1887,1888,1889,1890,1891,1892,1893,1894,1895,1896,1897,1898,1899,1900,1901,1902,1903,1904,1905,1906,1907,1908,1909,1910,1911,1912,1913,1914,1915,1916,1917,1918,1919,1920,1921,1922,1923,1924,1925,1926,1927,1928,1929,1930,1931,1932,1933,1934,1935,1936,1937,1938,1939,1940,1941,1942,1943,1944,1945,1946,1947,1948,1949,1950,1951,1952,1953,1954,1955,1956,1957,1958,1959,1960,1961,1962,1963,1964,1965,1966,1967,1968,1969,1970,1971,1972,1973,1974,1975,1976,1977,1978,1979,1980,1981,1982,1983,1984,1985,1986,1987,1988,1989,1990,1991,1992,1993,1994,1995,1996,1997,1998,1999,2000,2001,2002,2003,2004,2005,2006,2007,2008,2009,2010,2011,2012,2013,2014,2015,2016,2017,2143,2144,2145,2021,2022,2023,2024,2025,2026,2027,2028,2029,2030,2031,2032,2033,2034,2035,2036,2037,2038,2039,2040,2041,2042,2043,2044,2045,2046,2047,2048,2049,2050,2051,2052,2053,2054,2055,2056,2057,2058,2059,2060,2061,2062,2063,2064,2065,2066,2067,2068,2069,2070,2071,2072,2073,2074,2075,2076,2077,2078,2079,2080,2081,2082,2083,2084,2085,2086,2087,2088,2089,2090,2091,2092,2093,2094,2095]],[[2131]],[[2133]],[[2134]],[[2132]],[[2096]],[[2106]],[[2109]],[[2107]],[[2108]],[[2119]],[[2123]],[[2126]],[[2125]],[[2127]],[[2128]],[[2120]],[[2121,2122]],[[2129]],[[2130]],[[2117]],[[2113]],[[2110]],[[2118]],[[2111]],[[2112]],[[2114]],[[2115]],[[2116]],[[2124]]],"type":"MultiPolygon","properties":{"n":"Russia (Soviet Union)","s":19201028,"e":19210317}},{"arcs":[[[1335]],[[1465]],[[1479]],[[1471]],[[1473]],[[1446]],[[1480]],[[1445]],[[1347]],[[1443]],[[1444]],[[1341]],[[1340]],[[1342]],[[1343]],[[1344]],[[1346]],[[1345]],[[2135,1421]],[[1478]],[[1492]],[[1483]],[[1481]],[[1485]],[[1490]],[[1482]],[[1484]],[[1491]],[[1493]],[[1494]],[[2099]],[[2098]],[[2102]],[[2101]],[[2100]],[[2104]],[[2097]],[[2103]],[[2105]],[[1489]],[[1486]],[[1488]],[[1487]],[[1495,1496,1497,1498,1499,1500,1501,1502,1503,1504,1505,1506,1507,1508,1509,1510,1511,1512,1513,1514,1515,1516,1517,1518,1519,1520,1521,1522,1523,1524,1525,1526,1527,1528,1529,1530,1531,1532,1533,1534,1535,1536,1537,1538,1539,1540,1541,1542,1543,1544,1545,1546,1547,1548,1549,1550,1551,1552,1553,1554,1555,1556,1557,1558,1559,1560,1561,1562,1563,1564,1565,1566,1567,1568,1569,1570,1571,1572,1573,1574,1575,1576,1577,1578,1579,1580,1581,1582,1583,1584,1585,1586,1587,1588,1589,1590,1591,1592,1593,1594,1595,1596,1597,1598,1599,1600,1601,1602,1603,1604,1605,1606,1607,1608,1609,1610,1611,1612,1613,1614,1615,1616,1617,1618,1619,1620,1621,1622,1623,1624,1625,1626,1627,1628,1629,1630,1631,1632,1633,1634,1635,1636,1637,1638,1639,1640,1641,1642,1643,1644,1645,1646,1647,1648,1649,1650,1651,1652,-1294,-1275,-1293,-1292,-1291,-1290,-1289,-1288,-1281,-1287,-1279,-1286,-914,-932,-931,-930,-928,2146,2147,2148,2149,2150,2151,2152,1748,2137,2138,2139,2140,2141,1755,1756,1757,1758,2136,1760,1761,1762,1763,1764,1765,1766,2159,2160,2161,2158,1787,1788,1789,1790,1791,1792,1793,1794,1795,1796,1797,1798,1799,1800,1801,1802,1803,1804,1805,1806,1807,1808,1809,1810,1811,1812,1813,1814,1815,1816,1817,1818,1819,1820,1821,1822,1823,1824,1825,1826,1827,1828,1829,1830,1831,1832,1833,1834,1835,1836,1837,1838,1839,1840,1841,1842,1843,1844,1845,1846,1847,1848,1849,1850,1851,1852,1853,1854,1855,1856,1857,1858,1859,1860,1861,1862,1863,1864,1865,1866,1867,1868,1869,1870,1871,1872,1873,1874,1875,1876,1877,1878,1879,1880,1881,1882,1883,1884,1885,1886,1887,1888,1889,1890,1891,1892,1893,1894,1895,1896,1897,1898,1899,1900,1901,1902,1903,1904,1905,1906,1907,1908,1909,1910,1911,1912,1913,1914,1915,1916,1917,1918,1919,1920,1921,1922,1923,1924,1925,1926,1927,1928,1929,1930,1931,1932,1933,1934,1935,1936,1937,1938,1939,1940,1941,1942,1943,1944,1945,1946,1947,1948,1949,1950,1951,1952,1953,1954,1955,1956,1957,1958,1959,1960,1961,1962,1963,1964,1965,1966,1967,1968,1969,1970,1971,1972,1973,1974,1975,1976,1977,1978,1979,1980,1981,1982,1983,1984,1985,1986,1987,1988,1989,1990,1991,1992,1993,1994,1995,1996,1997,1998,1999,2000,2001,2002,2003,2004,2005,2006,2007,2008,2009,2010,2011,2012,2013,2014,2015,2016,2017,2143,2144,2145,2021,2022,2023,2024,2025,2026,2027,2028,2029,2030,2031,2032,2033,2034,2035,2036,2037,2038,2039,2040,2041,2042,2043,2044,2045,2046,2047,2048,2049,2050,2051,2052,2053,2054,2055,2056,2057,2058,2059,2060,2061,2062,2063,2064,2065,2066,2067,2068,2069,2070,2071,2072,2073,2074,2075,2076,2077,2078,2079,2080,2081,2082,2083,2084,2085,2086,2087,2088,2089,2090,2091,2092,2093,2094,2095]],[[2131]],[[2133]],[[2134]],[[2132]],[[2096]],[[2106]],[[2109]],[[2107]],[[2108]],[[2119]],[[2123]],[[2126]],[[2125]],[[2127]],[[2128]],[[2120]],[[2121,2122]],[[2129]],[[2130]],[[2117]],[[2113]],[[2110]],[[2118]],[[2111]],[[2112]],[[2114]],[[2115]],[[2116]],[[2124]]],"type":"MultiPolygon","properties":{"n":"Russia (Soviet Union)","s":19210318,"e":19400311}},{"arcs":[[[1335]],[[1465]],[[1479]],[[1471]],[[1473]],[[1446]],[[1480]],[[1445]],[[1347]],[[1443]],[[1444]],[[1341]],[[1340]],[[1342]],[[1343]],[[1344]],[[1346]],[[1345]],[[2135,1421]],[[1478]],[[1492]],[[1483]],[[1481]],[[1485]],[[1490]],[[1482]],[[1484]],[[1491]],[[1493]],[[1494]],[[2099]],[[2098]],[[2102]],[[2101]],[[2100]],[[2104]],[[2097]],[[2103]],[[2105]],[[1489]],[[1486]],[[1488]],[[1487]],[[1495,1496,1497,1498,1499,1500,1501,1502,1503,1504,1505,1506,1507,1508,1509,1510,1511,1512,1513,1514,1515,1516,1517,1518,1519,1520,1521,1522,1523,1524,1525,1526,1527,1528,1529,1530,1531,1532,1533,1534,1535,1536,1537,1538,1539,1540,1541,1542,1543,1544,1545,1546,1547,1548,1549,1550,1551,1552,1553,1554,1555,1556,1557,1558,1559,1560,1561,1562,1563,1564,1565,1566,1567,1568,1569,1570,1571,1572,1573,1574,1575,1576,1577,1578,1579,1580,1581,1582,1583,1584,1585,1586,1587,1588,1589,1590,1591,1592,1593,1594,1595,1596,1597,1598,1599,1600,1601,1602,1603,1604,1605,1606,1607,1608,1609,1610,1611,1612,1613,1614,1615,1616,1617,1618,1619,1620,1621,1622,1623,1624,1625,1626,1627,1628,1629,1630,1631,1632,1633,1634,1635,1636,1637,1638,1639,1640,1641,1642,1643,1644,1645,1646,1647,1648,1649,1650,1651,1652,-1294,-1275,-1293,-1292,-1291,-1290,-1289,-1288,-1281,-1287,-1279,-1286,-914,-932,-931,-930,-928,2146,2147,2148,2149,2150,2151,2152,1748,1749,2162,2138,2163,2140,2164,1753,1754,1755,1756,1757,1758,2136,1760,1761,1762,1763,1764,1765,1766,2159,2160,2161,2158,1787,1788,1789,1790,1791,1792,1793,1794,1795,1796,1797,1798,1799,1800,1801,1802,1803,1804,1805,1806,1807,1808,1809,1810,1811,1812,1813,1814,1815,1816,1817,1818,1819,1820,1821,1822,1823,1824,1825,1826,1827,1828,1829,1830,1831,1832,1833,1834,1835,1836,1837,1838,1839,1840,1841,1842,1843,1844,1845,1846,1847,1848,1849,1850,1851,1852,1853,1854,1855,1856,1857,1858,1859,1860,1861,1862,1863,1864,1865,1866,1867,1868,1869,1870,1871,1872,1873,1874,1875,1876,1877,1878,1879,1880,1881,1882,1883,1884,1885,1886,1887,1888,1889,1890,1891,1892,1893,1894,1895,1896,1897,1898,1899,1900,1901,1902,1903,1904,1905,1906,1907,1908,1909,1910,1911,1912,1913,1914,1915,1916,1917,1918,1919,1920,1921,1922,1923,1924,1925,1926,1927,1928,1929,1930,1931,1932,1933,1934,1935,1936,1937,1938,1939,1940,1941,1942,1943,1944,1945,1946,1947,1948,1949,1950,1951,1952,1953,1954,1955,1956,1957,1958,1959,1960,1961,1962,1963,1964,1965,1966,1967,1968,1969,1970,1971,1972,1973,1974,1975,1976,1977,1978,1979,1980,1981,1982,1983,1984,1985,1986,1987,1988,1989,1990,1991,1992,1993,1994,1995,1996,1997,1998,1999,2000,2001,2002,2003,2004,2005,2006,2007,2008,2009,2010,2011,2012,2013,2014,2015,2016,2017,2143,2144,2145,2021,2022,2023,2024,2025,2026,2027,2028,2029,2030,2031,2032,2033,2034,2035,2036,2037,2038,2039,2040,2041,2042,2043,2044,2045,2046,2047,2048,2049,2050,2051,2052,2053,2054,2055,2056,2057,2058,2059,2060,2061,2062,2063,2064,2065,2066,2067,2068,2069,2070,2071,2072,2073,2074,2075,2076,2077,2078,2079,2080,2081,2082,2083,2084,2085,2086,2087,2088,2089,2090,2091,2092,2093,2094,2095]],[[2131]],[[2133]],[[2134]],[[2132]],[[2096]],[[2106]],[[2109]],[[2107]],[[2108]],[[2119]],[[2123]],[[2126]],[[2125]],[[2127]],[[2128]],[[2120]],[[2121,2122]],[[2129]],[[2130]],[[2117]],[[2113]],[[2110]],[[2118]],[[2111]],[[2112]],[[2114]],[[2115]],[[2116]],[[2124]]],"type":"MultiPolygon","properties":{"n":"Russia (Soviet Union)","s":19400312,"e":19400601}},{"arcs":[[[-816,2165,1305,2166,1307]],[[1308,1309,1310,1311,1312,1313,1314,1315,1316,1317,1318,1319,1320,1321,1322,1323,1324,1325,1326,1327,1328,1329,1330,1331,1332,1333,1334]],[[-927,-926,-925,-924,-923,-922,-911,-910,-818,1656,1657,1658,1659,1660,1661,1662,1663,1664,1665,1666,1667,1668,1669,1670,1671,1672,1673,1674,1675,1676,1677,1678,1679,1680,1681,1682,1683,1684,1685,1686,1687,1688,1689,1690,1691,1692,1693,1694,1695,1696,1697,1698,1699,1700,1701,1702,1703,1704,1705,1706,1707,1708,1709,1710,1711,1712,1713,1714,1715,1716,1717,1718,1719,1720,1721,1722,1723,1724,1725,1726,1727,1728,1729,1730,1731,1732,1733,1734,1735,1736,1737,1738,1739,1740,1741,1742,1743,1744,1745,1746,1747,1748,1749,2162,2138,2163,2140,2164,1753,1754,1755,1756,1757,1758,2136,1760,1761,1762,1763,1764,1765,1766,2159,2160,2161,2158,1787,1788,1789,1790,1791,1792,1793,1794,1795,1796,1797,1798,1799,1800,1801,1802,1803,1804,1805,1806,1807,1808,1809,1810,1811,1812,1813,1814,1815,1816,1817,1818,1819,1820,1821,1822,1823,1824,1825,1826,1827,1828,1829,1830,1831,1832,1833,1834,1835,1836,1837,1838,1839,1840,1841,1842,1843,1844,1845,1846,1847,1848,1849,1850,1851,1852,1853,1854,1855,1856,1857,1858,1859,1860,1861,1862,1863,1864,1865,1866,1867,1868,1869,1870,1871,1872,1873,1874,1875,1876,1877,1878,1879,1880,1881,1882,1883,1884,1885,1886,1887,1888,1889,1890,1891,1892,1893,1894,1895,1896,1897,1898,1899,1900,1901,1902,1903,1904,1905,1906,1907,1908,1909,1910,1911,1912,1913,1914,1915,1916,1917,1918,1919,1920,1921,1922,1923,1924,1925,1926,1927,1928,1929,1930,1931,1932,1933,1934,1935,1936,1937,1938,1939,1940,1941,1942,1943,1944,1945,1946,1947,1948,1949,1950,1951,1952,1953,1954,1955,1956,1957,1958,1959,1960,1961,1962,1963,1964,1965,1966,1967,1968,1969,1970,1971,1972,1973,1974,1975,1976,1977,1978,1979,1980,1981,1982,1983,1984,1985,1986,1987,1988,1989,1990,1991,1992,1993,1994,1995,1996,1997,1998,1999,2000,2001,2002,2003,2004,2005,2006,2007,2008,2009,2010,2011,2012,2013,2014,2015,2016,2017,2143,2144,2145,2021,2022,2023,2024,2025,2026,2027,2028,2029,2030,2031,2032,2033,2034,2035,2036,2037,2038,2039,2040,2041,2042,2043,2044,2045,2046,2047,2048,2049,2050,2051,2052,2053,2054,2055,2056,2057,2058,2059,2060,2061,2062,2063,2064,2065,2066,2067,2068,2069,2070,2071,2072,2073,2074,2075,2076,2077,2078,2079,2080,2081,2082,2083,2084,2085,2086,2087,2088,2089,2090,2091,2092,2093,2094,2095,1495,1496,1497,1498,1499,1500,1501,1502,1503,1504,1505,1506,1507,1508,1509,1510,1511,1512,1513,1514,1515,1516,1517,1518,1519,1520,1521,1522,1523,1524,1525,1526,1527,1528,1529,1530,1531,1532,1533,1534,1535,1536,1537,1538,1539,1540,1541,1542,1543,1544,1545,1546,1547,1548,1549,1550,1551,1552,1553,1554,1555,1556,1557,1558,1559,1560,1561,1562,1563,1564,1565,1566,1567,1568,1569,1570,1571,1572,1573,1574,1575,1576,1577,1578,1579,1580,1581,1582,1583,1584,1585,1586,1587,1588,1589,1590,1591,1592,1593,1594,1595,1596,1597,1598,1599,1600,1601,1602,1603,1604,1605,1606,1607,1608,1609,1610,1611,1612,1613,1614,1615,1616,1617,1618,1619,1620,1621,1622,1623,1624,1625,1626,1627,1628,1629,1630,1631,1632,1633,1634,1635,1636,1637,1638,1639,1640,1641,1642,1643,1644,1645,1646,1647,1648,1649,1650,1651,1652,-1294,-1275,-1293,-1292,-1291,-1290,-1289,-1288,-1281,-1287,-1279,-1286,-914,-932,-931,-930,-928]],[[1335]],[[1465]],[[1479]],[[1471]],[[1473]],[[1446]],[[1480]],[[1445]],[[1347]],[[1443]],[[1444]],[[1341]],[[1340]],[[1342]],[[1343]],[[1344]],[[1346]],[[1345]],[[2135,1421]],[[1478]],[[1492]],[[1483]],[[1481]],[[1485]],[[1490]],[[1482]],[[1484]],[[1491]],[[1493]],[[1494]],[[2099]],[[2098]],[[2102]],[[2101]],[[2100]],[[2104]],[[2097]],[[2103]],[[2105]],[[1489]],[[1486]],[[1488]],[[1487]],[[2131]],[[2133]],[[2134]],[[2132]],[[2096]],[[2106]],[[2109]],[[2107]],[[2108]],[[2119]],[[2123]],[[2126]],[[2125]],[[2127]],[[2128]],[[2120]],[[2121,2122]],[[2129]],[[2130]],[[2117]],[[2113]],[[2110]],[[2118]],[[2111]],[[2112]],[[2114]],[[2115]],[[2116]],[[2124]],[[1336,1337,1338,1339]],[[1447,1448,1449,1450,1451,1452,1453,1454,1455,1456,1457,1458,1459,1460,1461,1462,1463]],[[1466]]],"type":"MultiPolygon","properties":{"n":"Russia (Soviet Union)","s":19400602,"e":19400627}},{"arcs":[[[-816,2165,1305,2166,1307]],[[1341]],[[1308,1309,1310,1311,1312,1313,1314,1315,1316,1317,1318,1319,1320,1321,1322,1323,1324,1325,1326,1327,1328,1329,1330,1331,1332,1333,1334]],[[1336,1337,1338,1339]],[[1335]],[[1447,1448,1449,1450,1451,1452,1453,1454,1455,1456,1457,1458,1459,1460,1461,1462,1463]],[[1465]],[[1466]],[[1347]],[[1444]],[[1443]],[[1445]],[[1340]],[[1344]],[[1346]],[[1345]],[[2135,1421]],[[1342]],[[1343]],[[1446]],[[1478]],[[1471]],[[1473]],[[1479]],[[1480]],[[1481]],[[1491]],[[1493]],[[1494]],[[1492]],[[1482]],[[1483]],[[1484]],[[1485]],[[1486]],[[1487]],[[1488]],[[2098]],[[2099]],[[2101]],[[2102]],[[2100]],[[2104]],[[1490]],[[1489]],[[1495,1496,1497,1498,1499,1500,1501,1502,1503,1504,1505,1506,1507,1508,1509,1510,1511,1512,1513,1514,1515,1516,1517,1518,1519,1520,1521,1522,1523,1524,1525,1526,1527,1528,1529,1530,1531,1532,1533,1534,1535,1536,1537,1538,1539,1540,1541,1542,1543,1544,1545,1546,1547,1548,1549,1550,1551,1552,1553,1554,1555,1556,1557,1558,1559,1560,1561,1562,1563,1564,1565,1566,1567,1568,1569,1570,1571,1572,1573,1574,1575,1576,1577,1578,1579,1580,1581,1582,1583,1584,1585,1586,1587,1588,1589,1590,1591,1592,1593,1594,1595,1596,1597,1598,1599,1600,1601,1602,1603,1604,1605,1606,1607,1608,1609,1610,1611,1612,1613,1614,1615,1616,1617,1618,1619,1620,1621,1622,1623,1624,1625,1626,1627,1628,1629,1630,1631,1632,1633,1634,1635,1636,1637,1638,1639,1640,1641,1642,1643,1644,1645,1646,1647,1648,1649,1650,1651,1652,1294,1653,1296,1654,1298,1655,1300,-1284,1276,-1283,-1304,-1303,-1302,-1046,-916,-915,-914,-932,-931,-930,-928,-927,-926,-925,-924,-923,-922,-911,-910,-818,1656,1657,1658,1659,1660,1661,1662,1663,1664,1665,1666,1667,1668,1669,1670,1671,1672,1673,1674,1675,1676,1677,1678,1679,1680,1681,1682,1683,1684,1685,1686,1687,1688,1689,1690,1691,1692,1693,1694,1695,1696,1697,1698,1699,1700,1701,1702,1703,1704,1705,1706,1707,1708,1709,1710,1711,1712,1713,1714,1715,1716,1717,1718,1719,1720,1721,1722,1723,1724,1725,1726,1727,1728,1729,1730,1731,1732,1733,1734,1735,1736,1737,1738,1739,1740,1741,1742,1743,1744,1745,1746,1747,1748,1749,2162,2138,2163,2140,2164,1753,1754,1755,1756,1757,1758,2136,1760,1761,1762,1763,1764,1765,1766,2159,2160,2161,2158,1787,1788,1789,1790,1791,1792,1793,1794,1795,1796,1797,1798,1799,1800,1801,1802,1803,1804,1805,1806,1807,1808,1809,1810,1811,1812,1813,1814,1815,1816,1817,1818,1819,1820,1821,1822,1823,1824,1825,1826,1827,1828,1829,1830,1831,1832,1833,1834,1835,1836,1837,1838,1839,1840,1841,1842,1843,1844,1845,1846,1847,1848,1849,1850,1851,1852,1853,1854,1855,1856,1857,1858,1859,1860,1861,1862,1863,1864,1865,1866,1867,1868,1869,1870,1871,1872,1873,1874,1875,1876,1877,1878,1879,1880,1881,1882,1883,1884,1885,1886,1887,1888,1889,1890,1891,1892,1893,1894,1895,1896,1897,1898,1899,1900,1901,1902,1903,1904,1905,1906,1907,1908,1909,1910,1911,1912,1913,1914,1915,1916,1917,1918,1919,1920,1921,1922,1923,1924,1925,1926,1927,1928,1929,1930,1931,1932,1933,1934,1935,1936,1937,1938,1939,1940,1941,1942,1943,1944,1945,1946,1947,1948,1949,1950,1951,1952,1953,1954,1955,1956,1957,1958,1959,1960,1961,1962,1963,1964,1965,1966,1967,1968,1969,1970,1971,1972,1973,1974,1975,1976,1977,1978,1979,1980,1981,1982,1983,1984,1985,1986,1987,1988,1989,1990,1991,1992,1993,1994,1995,1996,1997,1998,1999,2000,2001,2002,2003,2004,2005,2006,2007,2008,2009,2010,2011,2012,2013,2014,2015,2016,2017,2143,2144,2145,2021,2022,2023,2024,2025,2026,2027,2028,2029,2030,2031,2032,2033,2034,2035,2036,2037,2038,2039,2040,2041,2042,2043,2044,2045,2046,2047,2048,2049,2050,2051,2052,2053,2054,2055,2056,2057,2058,2059,2060,2061,2062,2063,2064,2065,2066,2067,2068,2069,2070,2071,2072,2073,2074,2075,2076,2077,2078,2079,2080,2081,2082,2083,2084,2085,2086,2087,2088,2089,2090,2091,2092,2093,2094,2095]],[[2097]],[[2103]],[[2105]],[[2133]],[[2134]],[[2096]],[[2106]],[[2119]],[[2120]],[[2121,2122]],[[2129]],[[2118]],[[2114]],[[2115]],[[2116]],[[2123]],[[2109]],[[2131]],[[2132]],[[2111]],[[2112]],[[2117]],[[2113]],[[2110]],[[2107]],[[2108]],[[2124]],[[2126]],[[2125]],[[2127]],[[2128]],[[2130]]],"type":"MultiPolygon","properties":{"n":"Russia (Soviet Union)","s":19400628,"e":19450507}},{"arcs":[[[1341]],[[1340]],[[1342]],[[1343]],[[1445]],[[1444]],[[1347]],[[2135,1421]],[[1344]],[[1345]],[[1346]],[[1443]],[[1446]],[[1478]],[[1308,1309,1310,1311,1312,1313,1314,1315,1316,1317,1318,1319,1320,1321,1322,1323,1324,1325,1326,1327,1328,1329,1330,1331,1332,1333,1334]],[[1336,1337,1338,1339]],[[1335]],[[1447,1448,1449,1450,1451,1452,1453,1454,1455,1456,1457,1458,1459,1460,1461,1462,1463]],[[1465]],[[1466]],[[1479]],[[1471]],[[1473]],[[1480]],[[1491]],[[1492]],[[1483]],[[1494]],[[1481]],[[1493]],[[1485]],[[1486]],[[1490]],[[1487]],[[1488]],[[1484]],[[1482]],[[1489]],[[1495,1496,1497,1498,1499,1500,1501,1502,1503,1504,1505,1506,1507,1508,1509,1510,1511,1512,1513,1514,1515,1516,1517,1518,1519,1520,1521,1522,1523,1524,1525,1526,1527,1528,1529,1530,1531,1532,1533,1534,1535,1536,1537,1538,1539,1540,1541,1542,1543,1544,1545,1546,1547,1548,1549,1550,1551,1552,1553,1554,1555,1556,1557,1558,1559,1560,1561,1562,1563,1564,1565,1566,1567,1568,1569,1570,1571,1572,1573,1574,1575,1576,1577,1578,1579,1580,1581,1582,1583,1584,1585,1586,1587,1588,1589,1590,1591,1592,1593,1594,1595,1596,1597,1598,1599,1600,1601,1602,1603,1604,1605,1606,1607,1608,1609,1610,1611,1612,1613,1614,1615,1616,1617,1618,1619,1620,1621,1622,1623,1624,1625,1626,1627,1628,1629,1630,1631,1632,1633,1634,1635,1636,1637,1638,1639,1640,1641,1642,1643,1644,1645,1646,1647,1648,1649,1650,1651,1652,1294,1653,1296,1654,1298,1655,1300,-1284,1276,-1283,-1304,-1303,-1302,-1046,916,-1044,-1043,-1053,-1055,-919,-940,-939,-906,-905,-938,-910,-937,814,1304,1305,1306,1307,816,1656,1657,1658,1659,1660,1661,1662,1663,1664,1665,1666,1667,1668,1669,1670,1671,1672,1673,1674,1675,1676,1677,1678,1679,1680,1681,1682,1683,1684,1685,1686,1687,1688,1689,1690,1691,1692,1693,1694,1695,1696,1697,1698,1699,1700,1701,1702,1703,1704,1705,1706,1707,1708,1709,1710,1711,1712,1713,1714,1715,1716,1717,1718,1719,1720,1721,1722,1723,1724,1725,1726,1727,1728,1729,1730,1731,1732,1733,1734,1735,1736,1737,1738,1739,1740,1741,1742,1743,1744,1745,1746,1747,1748,1749,2162,2138,2163,2140,2164,1753,1754,1755,1756,1757,1758,2136,1760,1761,1762,1763,1764,1765,1766,2159,2160,2161,2158,1787,1788,1789,1790,1791,1792,1793,1794,1795,1796,1797,1798,1799,1800,1801,1802,1803,1804,1805,1806,1807,1808,1809,1810,1811,1812,1813,1814,1815,1816,1817,1818,1819,1820,1821,1822,1823,1824,1825,1826,1827,1828,1829,1830,1831,1832,1833,1834,1835,1836,1837,1838,1839,1840,1841,1842,1843,1844,1845,1846,1847,1848,1849,1850,1851,1852,1853,1854,1855,1856,1857,1858,1859,1860,1861,1862,1863,1864,1865,1866,1867,1868,1869,1870,1871,1872,1873,1874,1875,1876,1877,1878,1879,1880,1881,1882,1883,1884,1885,1886,1887,1888,1889,1890,1891,1892,1893,1894,1895,1896,1897,1898,1899,1900,1901,1902,1903,1904,1905,1906,1907,1908,1909,1910,1911,1912,1913,1914,1915,1916,1917,1918,1919,1920,1921,1922,1923,1924,1925,1926,1927,1928,1929,1930,1931,1932,1933,1934,1935,1936,1937,1938,1939,1940,1941,1942,1943,1944,1945,1946,1947,1948,1949,1950,1951,1952,1953,1954,1955,1956,1957,1958,1959,1960,1961,1962,1963,1964,1965,1966,1967,1968,1969,1970,1971,1972,1973,1974,1975,1976,1977,1978,1979,1980,1981,1982,1983,1984,1985,1986,1987,1988,1989,1990,1991,1992,1993,1994,1995,1996,1997,1998,1999,2000,2001,2002,2003,2004,2005,2006,2007,2008,2009,2010,2011,2012,2013,2014,2015,2016,2017,2143,2144,2145,2021,2022,2023,2024,2025,2026,2027,2028,2029,2030,2031,2032,2033,2034,2035,2036,2037,2038,2039,2040,2041,2042,2043,2044,2045,2046,2047,2048,2049,2050,2051,2052,2053,2054,2055,2056,2057,2058,2059,2060,2061,2062,2063,2064,2065,2066,2067,2068,2069,2070,2071,2072,2073,2074,2075,2076,2077,2078,2079,2080,2081,2082,2083,2084,2085,2086,2087,2088,2089,2090,2091,2092,2093,2094,2095]],[[2099]],[[2098]],[[2101]],[[2100]],[[2104]],[[2102]],[[2096]],[[2097]],[[2103]],[[2105]],[[2123]],[[2106]],[[2109]],[[2107]],[[2110]],[[2108]],[[2117]],[[2113]],[[2118]],[[2111]],[[2112]],[[2120]],[[2121,2122]],[[2119]],[[2124]],[[2125]],[[2126]],[[2130]],[[2127]],[[2128]],[[2129]],[[2114]],[[2131]],[[2133]],[[2134]],[[2132]],[[2115]],[[2116]]],"type":"MultiPolygon","properties":{"n":"Russia (Soviet Union)","s":19450508,"e":19450814}},{"arcs":[[[1446]],[[1341]],[[1340]],[[1342]],[[1343]],[[1344]],[[1345]],[[1348,1349,1350,1351,1352,1353,1354,1355,1356,1357,1358,1359,1360,1361,1362,1363,1364,1365,1366,1367,1368,1369,1370,1371,1372,1373,1374,1375,1376,1377,1378,1379,1380,1381,1382,1383,1384,1385,1386,1387,1388,1389,1390,1391,1392,1393,1394,1395,1396,1397,1398,1399,1400,1401,1402,1403,1404,1405,1406,1407,1408,1409,1410,1411,1412,1413,1414,1415,1416,1417,1418,1419,1420,1421,1422,1423,1424,1425,1426,1427,1428,1429,1430,1431,1432,1433,1434,1435,1436,1437,1438,1439,1440,1441,1442]],[[1444]],[[1445]],[[1347]],[[1443]],[[1346]],[[1308,1309,1310,1311,1312,1313,1314,1315,1316,1317,1318,1319,1320,1321,1322,1323,1324,1325,1326,1327,1328,1329,1330,1331,1332,1333,1334]],[[1336,1337,1338,1339]],[[1335]],[[1447,1448,1449,1450,1451,1452,1453,1454,1455,1456,1457,1458,1459,1460,1461,1462,1463]],[[1466]],[[1465]],[[1473]],[[1471]],[[1479]],[[1480]],[[1478]],[[1492]],[[1481]],[[1491]],[[1493]],[[1494]],[[1486]],[[1487]],[[1485]],[[1490]],[[1488]],[[1482]],[[1483]],[[1484]],[[1489]],[[1495,1496,1497,1498,1499,1500,1501,1502,1503,1504,1505,1506,1507,1508,1509,1510,1511,1512,1513,1514,1515,1516,1517,1518,1519,1520,1521,1522,1523,1524,1525,1526,1527,1528,1529,1530,1531,1532,1533,1534,1535,1536,1537,1538,1539,1540,1541,1542,1543,1544,1545,1546,1547,1548,1549,1550,1551,1552,1553,1554,1555,1556,1557,1558,1559,1560,1561,1562,1563,1564,1565,1566,1567,1568,1569,1570,1571,1572,1573,1574,1575,1576,1577,1578,1579,1580,1581,1582,1583,1584,1585,1586,1587,1588,1589,1590,1591,1592,1593,1594,1595,1596,1597,1598,1599,1600,1601,1602,1603,1604,1605,1606,1607,1608,1609,1610,1611,1612,1613,1614,1615,1616,1617,1618,1619,1620,1621,1622,1623,1624,1625,1626,1627,1628,1629,1630,1631,1632,1633,1634,1635,1636,1637,1638,1639,1640,1641,1642,1643,1644,1645,1646,1647,1648,1649,1650,1651,1652,1294,1653,1296,1654,1298,1655,1300,-1284,1276,-1283,-1304,-1303,-1302,-1046,916,-1044,-1043,-1053,-1055,-919,-940,-939,-906,-905,-938,-910,-937,814,1304,1305,1306,1307,816,1656,1657,1658,1659,1660,1661,1662,1663,1664,1665,1666,1667,1668,1669,1670,1671,1672,1673,1674,1675,1676,1677,1678,1679,1680,1681,1682,1683,1684,1685,1686,1687,1688,1689,1690,1691,1692,1693,1694,1695,1696,1697,1698,1699,1700,1701,1702,1703,1704,1705,1706,1707,1708,1709,1710,1711,1712,1713,1714,1715,1716,1717,1718,1719,1720,1721,1722,1723,1724,1725,1726,1727,1728,1729,1730,1731,1732,1733,1734,1735,1736,1737,1738,1739,1740,1741,1742,1743,1744,1745,1746,1747,1748,1749,2162,2138,2163,2140,2164,1753,1754,1755,1756,1757,1758,2136,1760,1761,1762,1763,1764,1765,1766,2159,2160,2161,2158,1787,1788,1789,1790,1791,1792,1793,1794,1795,1796,1797,1798,1799,1800,1801,1802,1803,1804,1805,1806,1807,1808,1809,1810,1811,1812,1813,1814,1815,1816,1817,1818,1819,1820,1821,1822,1823,1824,1825,1826,1827,1828,1829,1830,1831,1832,1833,1834,1835,1836,1837,1838,1839,1840,1841,1842,1843,1844,1845,1846,1847,1848,1849,1850,1851,1852,1853,1854,1855,1856,1857,1858,1859,1860,1861,1862,1863,1864,1865,1866,1867,1868,1869,1870,1871,1872,1873,1874,1875,1876,1877,1878,1879,1880,1881,1882,1883,1884,1885,1886,1887,1888,1889,1890,1891,1892,1893,1894,1895,1896,1897,1898,1899,1900,1901,1902,1903,1904,1905,1906,1907,1908,1909,1910,1911,1912,1913,1914,1915,1916,1917,1918,1919,1920,1921,1922,1923,1924,1925,1926,1927,1928,1929,1930,1931,1932,1933,1934,1935,1936,1937,1938,1939,1940,1941,1942,1943,1944,1945,1946,1947,1948,1949,1950,1951,1952,1953,1954,1955,1956,1957,1958,1959,1960,1961,1962,1963,1964,1965,1966,1967,1968,1969,1970,1971,1972,1973,1974,1975,1976,1977,1978,1979,1980,1981,1982,1983,1984,1985,1986,1987,1988,1989,1990,1991,1992,1993,1994,1995,1996,1997,1998,1999,2000,2001,2002,2003,2004,2005,2006,2007,2008,2009,2010,2011,2012,2013,2014,2015,2016,2017,2143,2144,2145,2021,2022,2023,2024,2025,2026,2027,2028,2029,2030,2031,2032,2033,2034,2035,2036,2037,2038,2039,2040,2041,2042,2043,2044,2045,2046,2047,2048,2049,2050,2051,2052,2053,2054,2055,2056,2057,2058,2059,2060,2061,2062,2063,2064,2065,2066,2067,2068,2069,2070,2071,2072,2073,2074,2075,2076,2077,2078,2079,2080,2081,2082,2083,2084,2085,2086,2087,2088,2089,2090,2091,2092,2093,2094,2095]],[[2101]],[[2098]],[[2099]],[[2096]],[[2097]],[[2103]],[[2104]],[[2100]],[[2102]],[[2105]],[[2106]],[[2107]],[[2108]],[[2109]],[[2110]],[[2111]],[[2112]],[[2117]],[[2113]],[[2118]],[[2119]],[[2121,2122]],[[2120]],[[2123]],[[2124]],[[2125]],[[2126]],[[2127]],[[2129]],[[2128]],[[2130]],[[2131]],[[2114]],[[2133]],[[2134]],[[2132]],[[2115]],[[2116]]],"type":"MultiPolygon","properties":{"n":"Russia (Soviet Union)","s":19450815,"e":19910824}},{"arcs":[[[1446]],[[1341]],[[1340]],[[1342]],[[1343]],[[1344]],[[1345]],[[1348,1349,1350,1351,1352,1353,1354,1355,1356,1357,1358,1359,1360,1361,1362,1363,1364,1365,1366,1367,1368,1369,1370,1371,1372,1373,1374,1375,1376,1377,1378,1379,1380,1381,1382,1383,1384,1385,1386,1387,1388,1389,1390,1391,1392,1393,1394,1395,1396,1397,1398,1399,1400,1401,1402,1403,1404,1405,1406,1407,1408,1409,1410,1411,1412,1413,1414,1415,1416,1417,1418,1419,1420,1421,1422,1423,1424,1425,1426,1427,1428,1429,1430,1431,1432,1433,1434,1435,1436,1437,1438,1439,1440,1441,1442]],[[1444]],[[1445]],[[1347]],[[1443]],[[1346]],[[1308,1309,1310,1311,1312,1313,1314,1315,1316,1317,1318,1319,1320,1321,1322,1323,1324,1325,1326,1327,1328,1329,1330,1331,1332,1333,1334]],[[1336,1337,1338,1339]],[[1335]],[[1447,1448,1449,1450,1451,1452,1453,1454,1455,1456,1457,1458,1459,1460,1461,1462,1463]],[[1466]],[[1465]],[[1473]],[[1471]],[[1479]],[[1480]],[[1478]],[[1492]],[[1481]],[[1491]],[[1493]],[[1494]],[[1486]],[[1487]],[[1485]],[[1490]],[[1488]],[[1482]],[[1483]],[[1484]],[[1489]],[[816,1656,1657,1658,1659,1660,1661,1662,1663,1664,1665,1666,1667,1668,1669,1670,1671,1672,1673,1674,1675,1676,1677,1678,1679,1680,1681,1682,1683,1684,1685,1686,1687,1688,1689,1690,1691,1692,1693,1694,1695,1696,1697,1698,1699,1700,1701,1702,1703,1704,1705,1706,1707,1708,1709,1710,1711,1712,1713,1714,1715,1716,1717,1718,1719,1720,1721,1722,1723,1724,1725,1726,1727,1728,1729,1730,1731,1732,1733,1734,1735,1736,1737,1738,1739,1740,1741,1742,1743,1744,1745,1746,1747,1748,1749,2162,2138,2163,2140,2164,1753,1754,1755,1756,1757,1758,2136,1760,1761,1762,1763,1764,1765,1766,2159,2160,2161,2158,1787,1788,1789,1790,1791,1792,1793,1794,1795,1796,1797,1798,1799,1800,1801,1802,1803,1804,1805,1806,1807,1808,1809,1810,1811,1812,1813,1814,1815,1816,1817,1818,1819,1820,1821,1822,1823,1824,1825,1826,1827,1828,1829,1830,1831,1832,1833,1834,1835,1836,1837,1838,1839,1840,1841,1842,1843,1844,1845,1846,1847,1848,1849,1850,1851,1852,1853,1854,1855,1856,1857,1858,1859,1860,1861,1862,1863,1864,1865,1866,1867,1868,1869,1870,1871,1872,1873,1874,1875,1876,1877,1878,1879,1880,1881,1882,1883,1884,1885,1886,1887,1888,1889,1890,1891,1892,1893,1894,1895,1896,1897,1898,1899,1900,1901,1902,1903,1904,1905,1906,1907,1908,1909,1910,1911,1912,1913,1914,1915,1916,1917,1918,1919,1920,1921,1922,1923,1924,1925,1926,1927,1928,1929,1930,1931,1932,1933,1934,1935,1936,1937,1938,1939,1940,1941,1942,1943,1944,1945,1946,1947,1948,1949,1950,1951,1952,1953,1954,1955,1956,1957,1958,1959,1960,1961,1962,1963,1964,1965,1966,1967,1968,1969,1970,1971,1972,1973,1974,1975,1976,1977,1978,1979,1980,1981,1982,1983,1984,1985,1986,1987,1988,1989,1990,1991,1992,1993,1994,1995,1996,1997,1998,1999,2000,2001,2002,2003,2004,2005,2006,2007,2008,2009,2010,2011,2012,2013,2014,2015,2016,2017,2143,2144,2145,2021,2022,2023,2024,2025,2026,2027,2028,2029,2030,2031,2032,2033,2034,2035,2036,2037,2038,2039,2040,2041,2042,2043,2044,2045,2046,2047,2048,2049,2050,2051,2052,2053,2054,2055,2056,2057,2058,2059,2060,2061,2062,2063,2064,2065,2066,2067,2068,2069,2070,2071,2072,2073,2074,2075,2076,2077,2078,2079,2080,2081,2082,2083,2084,2085,2086,2087,2088,2089,2090,2091,2092,2093,2094,2095,1495,1496,1497,1498,1499,1500,1501,1502,1503,1504,1505,1506,1507,1508,1509,1510,1511,1512,1513,1514,1515,1516,1517,1518,1519,1520,1521,1522,1523,1524,1525,1526,1527,1528,1529,1530,1531,1532,1533,1534,1535,1536,1537,1538,1539,1540,1541,1542,1543,1544,1545,1546,1547,1548,1549,1550,1551,1552,1553,1554,1555,1556,1557,1558,1559,1560,1561,1562,1563,1564,1565,1566,1567,1568,1569,1570,1571,1572,1573,1574,1575,1576,1577,1578,1579,1580,1581,1582,1583,1584,1585,1586,1587,1588,1589,1590,1591,1592,1593,1594,1595,1596,1597,1598,1599,1600,1601,1602,1603,1604,1605,1606,1607,1608,1609,1610,1611,1612,1613,1614,1615,1616,1617,1618,1619,1620,1621,1622,1623,1624,1625,1626,1627,1628,1629,1630,1631,1632,1633,1634,1635,1636,1637,1638,1639,1640,1641,1642,1643,1644,1645,1646,1647,1648,1649,1650,1651,1652,1294,1653,1296,1654,1298,1655,1300,-1284,-1276,-1275,-1274,-1273,-1272,-1271,-1270,-1269,-1281,-1280,-1279,-1278,-1283,-1304,-1303,-1302,-1046,916,-1044,-1043,-1053,-1055,-919,-940,-939,-906,2167,930,2168,2169,2170,-2147,-927,2171,2172,2173,-922,-911,-910,-937,814,1304,1305,1306,1307]],[[2101]],[[2098]],[[2099]],[[2096]],[[2097]],[[2103]],[[2104]],[[2100]],[[2102]],[[2105]],[[2106]],[[2107]],[[2108]],[[2109]],[[2110]],[[2111]],[[2112]],[[2117]],[[2113]],[[2118]],[[2119]],[[2121,2122]],[[2120]],[[2123]],[[2124]],[[2125]],[[2126]],[[2127]],[[2129]],[[2128]],[[2130]],[[2131]],[[2114]],[[2133]],[[2134]],[[2132]],[[2115]],[[2116]]],"type":"MultiPolygon","properties":{"n":"Russia (Soviet Union)","s":19910825,"e":19910831}},{"arcs":[[[1308,1309,1310,1311,1312,1313,1314,1315,1316,1317,1318,1319,1320,1321,1322,1323,1324,1325,1326,1327,1328,1329,1330,1331,1332,1333,1334]],[[1335]],[[1336,1337,1338,1339]],[[1446]],[[1447,1448,1449,1450,1451,1452,1453,1454,1455,1456,1457,1458,1459,1460,1461,1462,1463]],[[1466]],[[1465]],[[1479]],[[1480]],[[1471]],[[1473]],[[2174,-1773,2175,2176,2177,2178,2179,1764,1765,1766,2159,2180,1774,2181,2182]],[[1443]],[[1444]],[[1445]],[[1347]],[[1344]],[[1340]],[[1342]],[[1343]],[[1341]],[[1345]],[[1348,1349,1350,1351,1352,1353,1354,1355,1356,1357,1358,1359,1360,1361,1362,1363,1364,1365,1366,1367,1368,1369,1370,1371,1372,1373,1374,1375,1376,1377,1378,1379,1380,1381,1382,1383,1384,1385,1386,1387,1388,1389,1390,1391,1392,1393,1394,1395,1396,1397,1398,1399,1400,1401,1402,1403,1404,1405,1406,1407,1408,1409,1410,1411,1412,1413,1414,1415,1416,1417,1418,1419,1420,1421,1422,1423,1424,1425,1426,1427,1428,1429,1430,1431,1432,1433,1434,1435,1436,1437,1438,1439,1440,1441,1442]],[[1346]],[[1478]],[[1492]],[[1481]],[[1483]],[[1491]],[[1493]],[[1494]],[[1485]],[[1490]],[[1486]],[[1487]],[[1488]],[[1482]],[[1484]],[[1489]],[[1495,1496,1497,1498,1499,1500,1501,1502,1503,1504,1505,1506,1507,1508,1509,1510,1511,1512,1513,1514,1515,1516,1517,1518,1519,1520,1521,1522,1523,1524,1525,1526,1527,1528,1529,1530,1531,1532,1533,1534,1535,1536,1537,1538,1539,1540,1541,1542,1543,1544,1545,1546,1547,1548,1549,1550,1551,1552,1553,1554,1555,1556,1557,1558,1559,1560,1561,1562,1563,1564,1565,1566,1567,1568,1569,1570,1571,1572,1573,1574,1575,1576,1577,1578,1579,1580,1581,1582,1583,1584,1585,1586,1587,1588,1589,1590,1591,1592,1593,1594,1595,1596,1597,1598,1599,1600,1601,1602,1603,1604,1605,1606,1607,1608,1609,1610,1611,1612,1613,1614,1615,1616,1617,1618,1619,1620,1621,1622,1623,1624,1625,1626,1627,1628,1629,1630,1631,1632,1633,1634,1635,1636,1637,1638,1639,1640,1641,1642,1643,1644,1645,1646,1647,1648,1649,1650,1651,1652,1294,1653,1296,1654,1298,1655,1300,-1284,-1276,-1275,-1274,-1273,-1272,-1271,-1270,-1269,-1281,-1280,-1279,-1278,-1283,-1304,-1303,-1302,-1046,916,-1044,-1043,-1053,-1055,-919,-940,-939,-906,2167,930,2168,2169,2170,-2147,-927,2171,2172,2173,-922,-911,-910,-937,814,1304,1305,1306,1307,816,1656,1657,1658,1659,1660,1661,1662,1663,1664,1665,1666,1667,1668,1669,1670,1671,1672,1673,1674,1675,1676,1677,1678,1679,1680,1681,1682,1683,1684,1685,1686,1687,1688,1689,1690,1691,1692,1693,1694,1695,1696,1697,1698,1699,1700,1701,1702,1703,1704,1705,1706,1707,1708,1709,1710,1711,1712,1713,1714,1715,1716,1717,1718,1719,1720,1721,1722,1723,1724,1725,1726,1727,1728,1729,1730,1731,1732,1733,1734,1735,1736,1737,1738,1739,1740,1741,1742,1743,1744,1745,1746,1747,1748,1749,2162,2138,2163,2140,2164,1753,1754,1755,1756,1757,1758,2136,1760,1761,1762,2183,2184,2185,2186,2187,2188,2189,2190,-1781,2191,-1779,2192,2154,2193,2194,2195,2161,2158,1787,1788,1789,1790,1791,1792,1793,1794,1795,1796,1797,1798,1799,1800,1801,1802,1803,1804,1805,1806,1807,1808,1809,1810,1811,1812,1813,1814,1815,1816,1817,1818,1819,1820,1821,1822,1823,1824,1825,1826,1827,1828,1829,1830,1831,1832,1833,1834,1835,1836,1837,1838,1839,1840,1841,1842,1843,1844,1845,1846,1847,1848,1849,1850,1851,1852,1853,1854,1855,1856,1857,1858,1859,1860,1861,1862,1863,1864,1865,1866,1867,1868,1869,1870,1871,1872,1873,1874,1875,1876,1877,1878,1879,1880,1881,1882,1883,1884,1885,1886,1887,1888,1889,1890,1891,1892,1893,1894,1895,1896,1897,1898,1899,1900,1901,1902,1903,1904,1905,1906,1907,1908,1909,1910,1911,1912,1913,1914,1915,1916,1917,1918,1919,1920,1921,1922,1923,1924,1925,1926,1927,1928,1929,1930,1931,1932,1933,1934,1935,1936,1937,1938,1939,1940,1941,1942,1943,1944,1945,1946,1947,1948,1949,1950,1951,1952,1953,1954,1955,1956,1957,1958,1959,1960,1961,1962,1963,1964,1965,1966,1967,1968,1969,1970,1971,1972,1973,1974,1975,1976,1977,1978,1979,1980,1981,1982,1983,1984,1985,1986,1987,1988,1989,1990,1991,1992,1993,1994,1995,1996,1997,1998,1999,2000,2001,2002,2003,2004,2005,2006,2007,2008,2009,2010,2011,2012,2013,2014,2015,2016,2017,2143,2144,2145,2021,2022,2023,2024,2025,2026,2027,2028,2029,2030,2031,2032,2033,2034,2035,2036,2037,2038,2039,2040,2041,2042,2043,2044,2045,2046,2047,2048,2049,2050,2051,2052,2053,2054,2055,2056,2057,2058,2059,2060,2061,2062,2063,2064,2065,2066,2067,2068,2069,2070,2071,2072,2073,2074,2075,2076,2077,2078,2079,2080,2081,2082,2083,2084,2085,2086,2087,2088,2089,2090,2091,2092,2093,2094,2095]],[[2098]],[[2099]],[[2101]],[[2100]],[[2096]],[[2097]],[[2103]],[[2104]],[[2102]],[[2105]],[[2106]],[[2109]],[[2107]],[[2110]],[[2108]],[[2114]],[[2115]],[[2116]],[[2117]],[[2113]],[[2118]],[[2111]],[[2112]],[[2119]],[[2121,2122]],[[2120]],[[2123]],[[2124]],[[2125]],[[2126]],[[2127]],[[2129]],[[2128]],[[2130]],[[2131]],[[2133]],[[2134]],[[2132]]],"type":"MultiPolygon","properties":{"n":"Russia (Soviet Union)","s":19910901,"e":19910905}},{"arcs":[[[1446]],[[1478]],[[1335]],[[1465]],[[1340]],[[-937,814,815,816,817]],[[1342]],[[1341]],[[1343]],[[1344]],[[1345]],[[1346]],[[1445]],[[1348,1349,1350,1351,1352,1353,1354,1355,1356,1357,1358,1359,1360,1361,1362,1363,1364,1365,1366,1367,1368,1369,1370,1371,1372,1373,1374,1375,1376,1377,1378,1379,1380,1381,1382,1383,1384,1385,1386,1387,1388,1389,1390,1391,1392,1393,1394,1395,1396,1397,1398,1399,1400,1401,1402,1403,1404,1405,1406,1407,1408,1409,1410,1411,1412,1413,1414,1415,1416,1417,1418,1419,1420,1421,1422,1423,1424,1425,1426,1427,1428,1429,1430,1431,1432,1433,1434,1435,1436,1437,1438,1439,1440,1441,1442]],[[1444]],[[1347]],[[1443]],[[1473]],[[1471]],[[1479]],[[1480]],[[1491]],[[1492]],[[1481]],[[1494]],[[1493]],[[1483]],[[1485]],[[1486]],[[1490]],[[1487]],[[1488]],[[1482]],[[1484]],[[1489]],[[1495,1496,1497,1498,1499,1500,1501,1502,1503,1504,1505,1506,1507,1508,1509,1510,1511,1512,1513,1514,1515,1516,1517,1518,1519,1520,1521,1522,1523,1524,1525,1526,1527,1528,1529,1530,1531,1532,1533,1534,1535,1536,1537,1538,1539,1540,1541,1542,1543,1544,1545,1546,1547,1548,1549,1550,1551,1552,1553,1554,1555,1556,1557,1558,1559,1560,1561,1562,1563,1564,1565,1566,1567,1568,1569,1570,1571,1572,1573,1574,1575,1576,1577,1578,1579,1580,1581,1582,1583,1584,1585,1586,1587,1588,1589,1590,1591,1592,1593,1594,1595,1596,1597,1598,1599,1600,1601,1602,1603,1604,1605,1606,1607,1608,1609,1610,1611,1612,1613,1614,1615,1616,1617,1618,1619,1620,1621,1622,1623,1624,1625,1626,1627,1628,1629,1630,1631,1632,1633,1634,1635,1636,1637,1638,1639,1640,1641,1642,1643,1644,1645,1646,1647,1648,1649,1650,1651,1652,1294,1653,1296,1654,1298,1655,1300,-1284,-1276,-1275,-1274,-1273,-1272,-1271,-1270,-1269,-1281,-1280,-1279,-1278,-1283,-1304,-1303,-1302,-1046,916,-1044,-1043,-1053,-1055,-919,-940,-939,-906,2167,930,2168,2169,2196,2148,2197,2198,2199,2151,2200,2201,2202,1747,1748,1749,2162,2138,2163,2140,2164,1753,1754,1755,1756,1757,1758,2136,1760,1761,1762,2183,2184,2185,2186,2187,2188,2189,2190,-1781,2191,-1779,2192,2154,2193,2194,2195,2161,2158,1787,1788,1789,1790,1791,1792,1793,1794,1795,1796,1797,1798,1799,1800,1801,1802,1803,1804,1805,1806,1807,1808,1809,1810,1811,1812,1813,1814,1815,1816,1817,1818,1819,1820,1821,1822,1823,1824,1825,1826,1827,1828,1829,1830,1831,1832,1833,1834,1835,1836,1837,1838,1839,1840,1841,1842,1843,1844,1845,1846,1847,1848,1849,1850,1851,1852,1853,1854,1855,1856,1857,1858,1859,1860,1861,1862,1863,1864,1865,1866,1867,1868,1869,1870,1871,1872,1873,1874,1875,1876,1877,1878,1879,1880,1881,1882,1883,1884,1885,1886,1887,1888,1889,1890,1891,1892,1893,1894,1895,1896,1897,1898,1899,1900,1901,1902,1903,1904,1905,1906,1907,1908,1909,1910,1911,1912,1913,1914,1915,1916,1917,1918,1919,1920,1921,1922,1923,1924,1925,1926,1927,1928,1929,1930,1931,1932,1933,1934,1935,1936,1937,1938,1939,1940,1941,1942,1943,1944,1945,1946,1947,1948,1949,1950,1951,1952,1953,1954,1955,1956,1957,1958,1959,1960,1961,1962,1963,1964,1965,1966,1967,1968,1969,1970,1971,1972,1973,1974,1975,1976,1977,1978,1979,1980,1981,1982,1983,1984,1985,1986,1987,1988,1989,1990,1991,1992,1993,1994,1995,1996,1997,1998,1999,2000,2001,2002,2003,2004,2005,2006,2007,2008,2009,2010,2011,2012,2013,2014,2015,2016,2017,2143,2144,2203,2204,2205,2036,2037,2038,2039,2040,2041,2042,2043,2044,2045,2046,2047,2048,2049,2050,2051,2052,2053,2054,2055,2056,2057,2058,2059,2060,2061,2062,2063,2064,2065,2066,2067,2068,2069,2070,2071,2072,2073,2074,2075,2076,2077,2078,2079,2080,2081,2082,2083,2084,2085,2086,2087,2088,2089,2090,2091,2092,2093,2094,2095]],[[2099]],[[2098]],[[2104]],[[2102]],[[2101]],[[2100]],[[2096]],[[2097]],[[2103]],[[2105]],[[2106]],[[2109]],[[2107]],[[2110]],[[2108]],[[2117]],[[2113]],[[2118]],[[2111]],[[2112]],[[2119]],[[2206,2122]],[[2123]],[[2124]],[[2125]],[[2126]],[[2127]],[[2128]],[[2129]],[[2130]],[[2131]],[[2114]],[[2133]],[[2134]],[[2132]],[[2115]],[[2116]]],"type":"MultiPolygon","properties":{"n":"Russia (Soviet Union)","s":19910906,"e":19911026}},{"arcs":[[[1335]],[[1465]],[[1340]],[[1341]],[[1342]],[[1343]],[[1344]],[[1345]],[[1346]],[[1347]],[[1348,1349,1350,1351,1352,1353,1354,1355,1356,1357,1358,1359,1360,1361,1362,1363,1364,1365,1366,1367,1368,1369,1370,1371,1372,1373,1374,1375,1376,1377,1378,1379,1380,1381,1382,1383,1384,1385,1386,1387,1388,1389,1390,1391,1392,1393,1394,1395,1396,1397,1398,1399,1400,1401,1402,1403,1404,1405,1406,1407,1408,1409,1410,1411,1412,1413,1414,1415,1416,1417,1418,1419,1420,1421,1422,1423,1424,1425,1426,1427,1428,1429,1430,1431,1432,1433,1434,1435,1436,1437,1438,1439,1440,1441,1442]],[[1443]],[[1444]],[[1445]],[[1473]],[[1471]],[[1446]],[[1479]],[[1478]],[[1480]],[[1481]],[[1491]],[[1493]],[[1494]],[[1492]],[[1482]],[[1483]],[[1484]],[[1485]],[[1486]],[[1487]],[[1488]],[[1489]],[[1490]],[[1495,1496,1497,1498,1499,1500,1501,1502,1503,1504,1505,1506,1507,1508,1509,1510,1511,1512,1513,1514,1515,1516,1517,1518,1519,1520,1521,1522,1523,1524,1525,1526,1527,1528,1529,1530,1531,1532,1533,1534,1535,1536,1537,1538,1539,1540,1541,1542,1543,1544,1545,1546,1547,1548,1549,1550,1551,1552,1553,1554,1555,1556,1557,1558,1559,1560,1561,1562,1563,1564,1565,1566,1567,1568,1569,1570,1571,1572,1573,1574,1575,1576,1577,1578,1579,1580,1581,1582,1583,1584,1585,1586,1587,1588,1589,1590,1591,1592,1593,1594,1595,1596,1597,1598,1599,1600,1601,1602,1603,1604,1605,1606,1607,1608,1609,1610,1611,1612,1613,1614,1615,1616,1617,1618,1619,1620,1621,1622,1623,1624,1625,1626,1627,1628,1629,1630,1631,1632,1633,1634,1635,1636,1637,1638,1639,1640,1641,1642,1643,1644,1645,1646,1647,1648,1649,1650,1651,1652,1294,1653,1296,1654,1298,1655,1300,-1284,-1276,-1275,-1274,-1273,-1272,-1271,-1270,-1269,-1281,-1280,-1279,-1278,-1283,-1304,-1303,-1302,-1046,916,-1044,-1043,-1053,-1055,-919,-940,-939,-906,2167,930,2168,2169,2196,2148,2197,2198,2199,2151,2200,2201,2202,1747,1748,1749,2162,2138,2163,2140,2164,1753,1754,1755,1756,1757,1758,2136,1760,1761,1762,2183,2184,2207,1890,1891,1892,1893,1894,1895,1896,1897,1898,1899,1900,1901,1902,1903,1904,1905,1906,1907,1908,1909,1910,1911,1912,1913,1914,1915,1916,1917,1918,1919,1920,1921,1922,1923,1924,1925,1926,1927,1928,1929,1930,1931,1932,1933,1934,1935,1936,1937,1938,1939,1940,1941,1942,1943,1944,1945,1946,1947,1948,1949,1950,1951,1952,1953,1954,1955,1956,1957,1958,1959,1960,1961,1962,1963,1964,1965,1966,1967,1968,1969,1970,1971,1972,1973,1974,1975,1976,1977,1978,1979,1980,1981,1982,1983,1984,1985,1986,1987,1988,1989,1990,1991,1992,1993,1994,1995,1996,1997,1998,1999,2000,2001,2002,2003,2004,2005,2006,2007,2008,2009,2010,2011,2012,2013,2014,2015,2016,2017,2143,2144,2203,2204,2205,2036,2037,2038,2039,2040,2041,2042,2043,2044,2045,2046,2047,2048,2049,2050,2051,2052,2053,2054,2055,2056,2057,2058,2059,2060,2061,2062,2063,2064,2065,2066,2067,2068,2069,2070,2071,2072,2073,2074,2075,2076,2077,2078,2079,2080,2081,2082,2083,2084,2085,2086,2087,2088,2089,2090,2091,2092,2093,2094,2095]],[[2098]],[[2104]],[[2102]],[[2099]],[[2101]],[[2100]],[[2103]],[[2133]],[[2096]],[[2097]],[[2105]],[[2109]],[[2119]],[[2123]],[[2106]],[[2107]],[[2124]],[[2108]],[[2125]],[[2126]],[[2129]],[[2127]],[[2128]],[[2131]],[[2132]],[[2117]],[[2113]],[[2114]],[[2115]],[[2116]],[[2134]],[[2118]],[[2111]],[[2112]],[[2110]],[[-937,814,815,816,817]]],"type":"MultiPolygon","properties":{"n":"Russia (Soviet Union)","s":19911027,"e":19911130}},{"arcs":[[[1341]],[[1335]],[[1465]],[[1347]],[[1444]],[[1445]],[[1443]],[[1344]],[[1340]],[[1345]],[[1348,1349,1350,1351,1352,1353,1354,1355,1356,1357,1358,1359,1360,1361,1362,1363,1364,1365,1366,1367,1368,1369,1370,1371,1372,1373,1374,1375,1376,1377,1378,1379,1380,1381,1382,1383,1384,1385,1386,1387,1388,1389,1390,1391,1392,1393,1394,1395,1396,1397,1398,1399,1400,1401,1402,1403,1404,1405,1406,1407,1408,1409,1410,1411,1412,1413,1414,1415,1416,1417,1418,1419,1420,1421,1422,1423,1424,1425,1426,1427,1428,1429,1430,1431,1432,1433,1434,1435,1436,1437,1438,1439,1440,1441,1442]],[[1346]],[[-937,814,815,816,817]],[[1342]],[[1343]],[[1446]],[[1473]],[[1471]],[[1479]],[[1478]],[[1480]],[[1491]],[[1481]],[[1483]],[[1494]],[[1492]],[[1493]],[[1482]],[[1484]],[[1487]],[[1486]],[[2098]],[[2099]],[[2101]],[[2102]],[[2100]],[[2104]],[[1485]],[[1490]],[[1489]],[[1488]],[[1756,1757,1758,2136,1760,1761,1762,2183,2184,2207,1890,1891,1892,1893,1894,1895,1896,1897,1898,1899,1900,1901,1902,1903,1904,1905,1906,1907,1908,1909,1910,1911,1912,1913,1914,1915,1916,1917,1918,1919,1920,1921,1922,1923,1924,1925,1926,1927,1928,1929,1930,1931,1932,1933,1934,1935,1936,1937,1938,1939,1940,1941,1942,1943,1944,1945,1946,1947,1948,1949,1950,1951,1952,1953,1954,1955,1956,1957,1958,1959,1960,1961,1962,1963,1964,1965,1966,1967,1968,1969,1970,1971,1972,1973,1974,1975,1976,1977,1978,1979,1980,1981,1982,1983,1984,1985,1986,1987,1988,1989,1990,1991,1992,1993,1994,1995,1996,1997,1998,1999,2000,2001,2002,2003,2004,2005,2006,2007,2008,2009,2010,2011,2012,2013,2014,2015,2016,2017,2143,2144,2203,2204,2205,2036,2208,2169,2196,2148,2197,2198,2199,2151,2200,2201,2202,1747,1748,1749,2162,2138,2163,2140,2164,1753,1754,1755]],[[2097]],[[2103]],[[2105]],[[2133]],[[2134]],[[2096]],[[2106]],[[2107]],[[2108]],[[2119]],[[2123]],[[2125]],[[2126]],[[2121,2122]],[[2120]],[[2127]],[[2128]],[[2130]],[[2129]],[[2131]],[[2132]],[[2117]],[[2113]],[[2118]],[[2114]],[[2115]],[[2116]],[[2109]],[[2110]],[[2111]],[[2112]],[[2124]]],"type":"MultiPolygon","properties":{"n":"Russia (Soviet Union)","s":19911201,"e":19911220}},{"arcs":[[[1465]],[[1335]],[[1341]],[[1347]],[[1444]],[[1445]],[[1443]],[[1344]],[[1340]],[[1345]],[[1348,1349,1350,1351,1352,1353,1354,1355,1356,1357,1358,1359,1360,1361,1362,1363,1364,1365,1366,1367,1368,1369,1370,1371,1372,1373,1374,1375,1376,1377,1378,1379,1380,1381,1382,1383,1384,1385,1386,1387,1388,1389,1390,1391,1392,1393,1394,1395,1396,1397,1398,1399,1400,1401,1402,1403,1404,1405,1406,1407,1408,1409,1410,1411,1412,1413,1414,1415,1416,1417,1418,1419,1420,1421,1422,1423,1424,1425,1426,1427,1428,1429,1430,1431,1432,1433,1434,1435,1436,1437,1438,1439,1440,1441,1442]],[[1346]],[[-937,814,815,816,817]],[[1342]],[[1343]],[[1473]],[[1471]],[[1446]],[[1479]],[[1480]],[[1478]],[[1481]],[[1483]],[[1491]],[[1492]],[[1494]],[[1493]],[[1482]],[[1484]],[[1486]],[[1487]],[[2099]],[[2098]],[[2101]],[[2104]],[[2100]],[[2102]],[[1485]],[[1489]],[[1490]],[[1488]],[[1756,1757,1758,2136,1760,1761,2209,1976,2210,1978,2211,2205,2036,2208,2169,2196,2148,2197,2198,2199,2151,2200,2201,2202,1747,1748,1749,2162,2138,2163,2140,2164,1753,1754,1755]],[[2131]],[[2097]],[[2103]],[[2133]],[[2134]],[[2105]],[[2096]],[[2132]],[[2117]],[[2111]],[[2113]],[[2118]],[[2114]],[[2115]],[[2116]],[[2112]],[[2119]],[[2120]],[[2121,2122]],[[2106]],[[2123]],[[2109]],[[2110]],[[2107]],[[2108]],[[2124]],[[2125]],[[2126]],[[2130]],[[2127]],[[2128]],[[2129]]],"type":"MultiPolygon","properties":{"n":"Russia (Soviet Union)","s":19911221,"e":20140317}},{"arcs":[[[1465]],[[1335]],[[1341]],[[1347]],[[1444]],[[1445]],[[1443]],[[1344]],[[1340]],[[1345]],[[1348,1349,1350,1351,1352,1353,1354,1355,1356,1357,1358,1359,1360,1361,1362,1363,1364,1365,1366,1367,1368,1369,1370,1371,1372,1373,1374,1375,1376,1377,1378,1379,1380,1381,1382,1383,1384,1385,1386,1387,1388,1389,1390,1391,1392,1393,1394,1395,1396,1397,1398,1399,1400,1401,1402,1403,1404,1405,1406,1407,1408,1409,1410,1411,1412,1413,1414,1415,1416,1417,1418,1419,1420,1421,1422,1423,1424,1425,1426,1427,1428,1429,1430,1431,1432,1433,1434,1435,1436,1437,1438,1439,1440,1441,1442]],[[1346]],[[-937,814,815,816,817]],[[1342]],[[1343]],[[1473]],[[1471]],[[1446]],[[1479]],[[1480]],[[1478]],[[1481]],[[1483]],[[1491]],[[1492]],[[1494]],[[1493]],[[1482]],[[1484]],[[1486]],[[1487]],[[2099]],[[2098]],[[2101]],[[2104]],[[2100]],[[2102]],[[1485]],[[1489]],[[1490]],[[1488]],[[1756,1757,1758,2136,1760,1761,2209,1976,2210,1978,2211,2205,2036,2208,2169,2196,2148,2197,2198,2199,2151,2200,2201,2202,1747,1748,1749,2162,2138,2163,2140,2164,1753,1754,1755]],[[2131]],[[2097]],[[2103]],[[2133]],[[2134]],[[2105]],[[2096]],[[2132]],[[2117]],[[2111]],[[2113]],[[2118]],[[2114]],[[2115]],[[2116]],[[2112]],[[2119]],[[2120]],[[2121,2122]],[[2106]],[[2123]],[[2109]],[[2110]],[[2107]],[[2108]],[[2124]],[[2125]],[[2126]],[[2130]],[[2127]],[[2128]],[[2129]],[[2212,2077,2213,2214,2080,2215,2082,2216,2084,2217,2218,2087,2219,2089,2220,2091,2221,2093,2222,2095,2223,1496,2224,2225,1499,2226,1501,2227,2228,1504,2229,2230,1507,2231,2232,1510,2233,2234,2235,2236,2237,2238,1517,2239,2240,2241,1521,2242,1523,2243,1525,2244,1527,2245,2246,2247,2248,2249,1533,2250,1535,2251,2252,2253,1539,2254,1541,2255,1543,2256,2257,1546,2258,2259,1549,2260,2261,2262,2263,1554,2264,1556,2265,2266,2267,2268,1561,2269,1563,2270,1565]]],"type":"MultiPolygon","properties":{"n":"Russia (Soviet Union)","s":20140318,"e":20191231}},{"arcs":[[[2271,1310,2272,2273,2274,1314,2275,1316,2276,1318,2277,2278,1321,2279,1323,2280,1325,2281,1327,2282,2283,1330,2284,1332,2285,1334,2286]],[[2287,2288,2289,1339]],[[1466]],[[2290,1448,2291,1450,2292,1452,2293,1454,2294,1456,2295,2296,2297,2298,1461,2299,1463]],[[2300,2301,1739,2302,2303,2304,1743,2305,1745,1746,1747,-2153,-2152,-2151,2306,2198,2307,2308,2309,2310,2311,1705,2312,1707,2313,1709,2314,2315,1712,2316,2317,1715,2318,1717,2319,1719,2320,2321,1722,2322,1724,2323,1726,2324,1728,2325,1730,2326,1732,2327,1734,2328,1736]]],"type":"MultiPolygon","properties":{"n":"Estonia","s":19181111,"e":19400601}},{"arcs":[[[2271,1310,2272,2273,2274,1314,2275,1316,2276,1318,2277,2278,1321,2279,1323,2280,1325,2281,1327,2282,2283,1330,2284,1332,2285,1334,2286]],[[2287,2288,2289,1339]],[[1466]],[[2290,1448,2291,1450,2292,1452,2293,1454,2294,1456,2295,2296,2297,2298,1461,2299,1463]],[[2300,2301,1739,2302,2303,2304,1743,2305,1745,2329,-2203,2330,-2201,-2152,-2200,2307,2331,2309,2332,2311,1705,2312,1707,2313,1709,2314,2315,1712,2316,2317,1715,2318,1717,2319,1719,2320,2321,1722,2322,1724,2323,1726,2324,1728,2325,1730,2326,1732,2327,1734,2328,1736]]],"type":"MultiPolygon","properties":{"n":"Estonia","s":19910906,"e":20191231}},{"arcs":[[-2308,-2199,-2307,-2150,-2149,-2148,-2147,-927,-926,-925,-924,2142,1659,2333,2334,1662,2335,1664,2336,1666,2337,1668,2338,2339,1671,2340,1673,2341,1675,2342,2343,1678,2344,2345,2346,1682,2347,1684,2348,2349,2350,1688,2351,2352,1691,2353,1693,2354,1695,2355,2356,1698,2357,1700,2358,1702,2359,1704,-2312,-2311,-2310,-2309]],"type":"Polygon","properties":{"n":"Latvia","s":19181118,"e":19400601}},{"arcs":[[-2308,-2199,-2198,-2149,-2197,2170,-2147,-927,2171,2172,2360,-924,2142,1659,2333,2334,1662,2335,1664,2336,1666,2337,1668,2338,2339,1671,2340,1673,2341,1675,2342,2343,1678,2344,2345,2346,1682,2347,1684,2348,2349,2350,1688,2351,2352,1691,2353,1693,2354,1695,2355,2356,1698,2357,1700,2358,1702,2359,1704,-2312,-2333,-2310,-2332]],"type":"Polygon","properties":{"n":"Latvia","s":19910906,"e":20191231}},{"arcs":[[[923,924,925,926,927,928,-903,-911,-910,-818,1656,2361,1658,-2143]],[[-816,1304,1305,1306,1307]]],"type":"MultiPolygon","properties":{"n":"Lithuania","s":19180216,"e":19201006}},{"arcs":[[[-923,-922,-911,-910,-818,1656,2361,1658,-2143]],[[-816,1304,1305,1306,1307]]],"type":"MultiPolygon","properties":{"n":"Lithuania","s":19201007,"e":19220417}},{"arcs":[[[-923,-922,-911,-910,-818,1656,2361,1658,-2143]],[[-816,1304,1305,1306,1307]]],"type":"MultiPolygon","properties":{"n":"Lithuania","s":19220418,"e":19390930}},{"arcs":[[[-923,-922,-911,-910,-818,1656,2361,1658,-2143]],[[-816,1304,1305,1306,1307]]],"type":"MultiPolygon","properties":{"n":"Lithuania","s":19391001,"e":19400601}},{"arcs":[[[923,-2361,2173,-922,-911,-910,-818,1656,2361,1658,-2143]],[[-816,1304,1305,1306,1307]]],"type":"MultiPolygon","properties":{"n":"Lithuania","s":19910906,"e":20191231}},{"arcs":[[2223,1496,2224,2225,1499,2226,1501,2227,2228,1504,2229,2230,1507,2231,2232,1510,2233,2234,2235,2236,2237,2238,1517,2239,2240,2241,1521,2242,1523,2243,1525,2244,1527,2245,2246,2247,2248,2249,1533,2250,1535,2251,2252,2253,1539,2254,1541,2255,1543,2256,2257,1546,2258,2259,1549,2260,2261,2262,2263,1554,2264,1556,2265,2266,2267,2268,1561,2269,1563,2270,1565,2362,2363,2364,1569,2365,1571,2366,2367,1574,2368,2369,2370,1578,2371,2372,1581,2373,2374,2375,1585,2376,2377,2378,1589,2379,1591,2380,1593,2381,2382,1596,2383,1598,2384,2385,2386,2387,2388,2389,1605,2390,2391,2392,2393,1610,2394,1612,2395,1614,2396,1616,2397,1618,2398,1620,2399,1622,2400,2401,1625,2402,1627,2403,1629,2404,2405,2406,2407,1634,2408,1636,2409,2410,1639,2411,1641,2412,2413,1644,2414,1646,2415,2416,1649,2417,2418,2419,1294,1295,1296,1297,1298,1299,1300,-1284,-1276,-1275,-1274,-1273,-1272,-1271,-1270,-1269,-1281,-1280,-1279,-1278,-1283,-1304,-1303,-1302,-1046,916,-1044,-1043,-1053,-1055,-919,-940,-939,-906,2167,930,2168,-2209,2037,2420,2039,2421,2041,2422,2043,2423,2424,2046,2425,2426,2427,2050,2428,2429,2053,2430,2055,2431,2432,2433,2059,2434,2061,2435,2063,2436,2065,2437,2438,2439,2069,2440,2441,2072,2442,2443,2075,2444,2077,2213,2214,2080,2215,2082,2216,2084,2217,2218,2087,2219,2089,2220,2091,2221,2093,2222,2095]],"type":"Polygon","properties":{"n":"Ukraine","s":19911226,"e":20140317}},{"arcs":[[-2213,2362,2363,2364,1569,2365,1571,2366,2367,1574,2368,2369,2370,1578,2371,2372,1581,2373,2374,2375,1585,2376,2377,2378,1589,2379,1591,2380,1593,2381,2382,1596,2383,1598,2384,2385,2386,2387,2388,2389,1605,2390,2391,2392,2393,1610,2394,1612,2395,1614,2396,1616,2397,1618,2398,1620,2399,1622,2400,2401,1625,2402,1627,2403,1629,2404,2405,2406,2407,1634,2408,1636,2409,2410,1639,2411,1641,2412,2413,1644,2414,1646,2415,2416,1649,2417,2418,2419,1294,1295,1296,1297,1298,1299,1300,-1284,-1276,-1275,-1274,-1273,-1272,-1271,-1270,-1269,-1281,-1280,-1279,-1278,-1283,-1304,-1303,-1302,-1046,916,-1044,-1043,-1053,-1055,-919,-940,-939,-906,2167,930,2168,-2209,2037,2420,2039,2421,2041,2422,2043,2423,2424,2046,2425,2426,2427,2050,2428,2429,2053,2430,2055,2431,2432,2433,2059,2434,2061,2435,2063,2436,2065,2437,2438,2439,2069,2440,2441,2072,2442,2443,2075,2444]],"type":"Polygon","properties":{"n":"Ukraine","s":20140318,"e":20191231}},{"arcs":[[-2169,-931,-2168,-905,-938,910,921,-2174,-2173,-2172,926,2146,-2171,-2170]],"type":"Polygon","properties":{"n":"Belarus (Byelorussia)","s":19910825,"e":20191231}},{"arcs":[[2016,2445,2144,2203,2446]],"type":"Polygon","properties":{"n":"Armenia","s":19911226,"e":20191231}},{"arcs":[[-2205,-2204,2145,2021,2447,2023,2448,2025,2449,2027,2450,2029,2451,2031,2452,2453,2034,2454,-2206]],"type":"Polygon","properties":{"n":"Georgia","s":19910906,"e":20191231}},{"arcs":[[[2017,2143,-2446]],[[1979,2455,1981,2456,2457,2458,2459,1986,2460,1988,2461,2462,1991,2463,2464,1994,2465,1996,2466,2467,1999,2468,2001,2469,2003,2470,2005,2471,2007,2472,2009,2473,2011,2474,2475,2014,2015,-2447,2204,-2212]]],"type":"MultiPolygon","properties":{"n":"Azerbaijan","s":19911226,"e":20191231}},{"arcs":[[[1467]],[[1474,1475,1476]],[[1470]],[[1469]],[[1472]],[[1751,1752,1753,1754,-2142,-2141,-2140,-2139,-2138,1749,1750]],[[1468]],[[1464]],[[1477]]],"type":"MultiPolygon","properties":{"n":"Finland","s":19171206,"e":19400311}},{"arcs":[[[1467]],[[2476,2477,1476]],[[1470]],[[1469]],[[1472]],[[1751,1752,-2165,-2141,-2164,-2139,-2163,1750]],[[1468]],[[1464]],[[1477]]],"type":"MultiPolygon","properties":{"n":"Finland","s":19400312,"e":20191231}},{"arcs":[[[2478]],[[2479]],[[2480]],[[2481]],[[2482]],[[2483]],[[2484]],[[2485]],[[2486]],[[2487]],[[2488]],[[2489]],[[2490]],[[2491]],[[2492]],[[2493]],[[2494]],[[2495]],[[2496]],[[2497]],[[2498]],[[2499]],[[2500]],[[2501]],[[2502]],[[2503]],[[2504]],[[2505]],[[2506]],[[2507]],[[2508]],[[2509]],[[2510,-1754,-1753,-1752,2511,2512,2513]],[[2514]],[[2515]],[[2516]],[[2517]],[[2518]],[[2519]],[[2520]],[[2521]],[[2522]],[[2523]],[[2524]],[[2525]],[[2526]],[[2527]],[[2528]],[[2529]],[[2530]],[[2531]],[[2532]],[[2533]],[[2534]],[[2535]],[[2536]],[[2537]],[[2538]]],"type":"MultiPolygon","properties":{"n":"Sweden","s":18860101,"e":19050825}},{"arcs":[[[2539,2540,-1752,2511]],[[2497]],[[2498]],[[2499]],[[2500]],[[2501]]],"type":"MultiPolygon","properties":{"n":"Sweden","s":19050826,"e":20191231}},{"arcs":[[[2488]],[[2489]],[[2478]],[[2485]],[[2486]],[[2487]],[[2490]],[[2493]],[[2491]],[[2492]],[[2494]],[[2495]],[[2502]],[[2505]],[[2503]],[[2504]],[[2508]],[[2506]],[[2507]],[[2509]],[[2483]],[[2481]],[[2484]],[[2482]],[[2479]],[[2480]],[[2510,-1754,-1753,-2541,2513]],[[2514]],[[2515]],[[2516]],[[2517]],[[2518]],[[2496]],[[2519]],[[2520]],[[2521]],[[2523]],[[2526]],[[2522]],[[2524]],[[2525]],[[2537]],[[2531]],[[2532]],[[2533]],[[2535]],[[2536]],[[2529]],[[2534]],[[2527]],[[2538]],[[2528]],[[2530]]],"type":"MultiPolygon","properties":{"n":"Norway","s":19050826,"e":20191231}},{"arcs":[[[2541]],[[2542]],[[2543]],[[2544]],[[2545]],[[-836,2546]],[[2547]],[[2548]],[[2549]],[[2550]],[[2551]],[[2552]],[[2553]],[[2554]]],"type":"MultiPolygon","properties":{"n":"Denmark","s":18860101,"e":19200209}},{"arcs":[[[2544]],[[2545]],[[2549]],[[836,2555,-875,839,-874,-884,2556,2557,834,2546]],[[2547]],[[2548]],[[865]],[[2542]],[[2543]],[[2541]],[[2550]],[[2551]],[[2552]],[[2553]],[[2554]]],"type":"MultiPolygon","properties":{"n":"Denmark","s":19200210,"e":20191231}},{"arcs":[[2558]],"type":"Polygon","properties":{"n":"Iceland","s":18860101,"e":19181130}},{"arcs":[[2558]],"type":"Polygon","properties":{"n":"Iceland","s":19181201,"e":19420421}},{"arcs":[[2558]],"type":"Polygon","properties":{"n":"Iceland","s":19420422,"e":19440616}},{"arcs":[[2558]],"type":"Polygon","properties":{"n":"Iceland","s":19440617,"e":20191231}},{"arcs":[[[2559]],[[2560]],[[2561]],[[2562]],[[2563]],[[2564]],[[2565]],[[2566]]],"type":"MultiPolygon","properties":{"n":"Cape Verde","s":18860101,"e":19750704}},{"arcs":[[[2559]],[[2560]],[[2561]],[[2562]],[[2563]],[[2564]],[[2565]],[[2566]]],"type":"MultiPolygon","properties":{"n":"Cape Verde","s":19750705,"e":20191231}},{"arcs":[[[2567]],[[2568]],[[2569,2570,2571]],[[2572]],[[2573]],[[2574]],[[2575]]],"type":"MultiPolygon","properties":{"n":"Guinea-Bissau","s":18860101,"e":18860511}},{"arcs":[[[2567]],[[2568]],[[2569,2570,2571]],[[2572]],[[2573]],[[2574]],[[2575]]],"type":"MultiPolygon","properties":{"n":"Guinea-Bissau","s":18860512,"e":19420630}},{"arcs":[[[2567]],[[2568]],[[2569,2570,2571]],[[2572]],[[2573]],[[2574]],[[2575]]],"type":"MultiPolygon","properties":{"n":"Guinea-Bissau","s":19420701,"e":19740909}},{"arcs":[[[2567]],[[2568]],[[2569,2570,2571]],[[2572]],[[2573]],[[2574]],[[2575]]],"type":"MultiPolygon","properties":{"n":"Guinea-Bissau","s":19740910,"e":20191231}},{"arcs":[[[2576,2577,2578]],[[2579]]],"type":"MultiPolygon","properties":{"n":"Equatorial Guinea","s":18860101,"e":19000626}},{"arcs":[[[2576,2577,2578]],[[2579]]],"type":"MultiPolygon","properties":{"n":"Equatorial Guinea","s":19000627,"e":19681011}},{"arcs":[[[2576,2577,2578]],[[2579]]],"type":"MultiPolygon","properties":{"n":"Equatorial Guinea","s":19681012,"e":20191231}},{"arcs":[[2580,2581]],"type":"Polygon","properties":{"n":"Gambia","s":18890810,"e":19650217}},{"arcs":[[2580,2581]],"type":"Polygon","properties":{"n":"Gambia","s":19650218,"e":20191231}},{"arcs":[[2582,2583,2584,2585,2586,2587,2588,2589,2590,2591,2592,2593,2594,2595,2596,2597,2598,2599,2600,2601,2602,2603,2604,2605,2606,2607,2608,2609,2610,2611,2612,2613,2614,2615,2616,2617]],"type":"Polygon","properties":{"n":"French West Africa","s":18950616,"e":18980613}},{"arcs":[[2582,2583,2584,2585,2586,2587,2588,2618,2619,2620,2621,2622,2623,2596,2597,2598,2599,2600,2601,2602,2603,2604,2605,2606,2607,2608,2609,2610,2611,2612,2613,2614,2615,2616,2617]],"type":"Polygon","properties":{"n":"French West Africa","s":18980614,"e":19021224}},{"arcs":[[2624,2625,2626,2627,2628,2629,2630,2587,2588,2618,2619,2620,2621,2622,2623,2596,2597,2598,2599,2600,2601,2602,2603,2604,2605,2606,2607,2608,2609,2610,2611,2612,2613,2614,2615,2616]],"type":"Polygon","properties":{"n":"French West Africa","s":19021225,"e":19040407}},{"arcs":[[2631,2632,2597,2598,2599,2600,2601,2602,2603,2604,2633,2634,2635,2636,2627,2628]],"type":"Polygon","properties":{"n":"Mali","s":19050101,"e":19130422}},{"arcs":[[2631,2632,2597,2598,2599,2600,2601,2602,2603,2604,2633,2634,2635,2636,2627,2628]],"type":"Polygon","properties":{"n":"Mali","s":19130423,"e":19190228}},{"arcs":[[2631,2637,2638,2639,2602,2603,2604,2633,2634,2635,2636,2627,2628]],"type":"Polygon","properties":{"n":"Mali","s":19190301,"e":19320904}},{"arcs":[[2631,2637,2640,2641,2639,2602,2603,2604,2633,2634,2635,2636,2627,2628]],"type":"Polygon","properties":{"n":"Mali","s":19320905,"e":19440704}},{"arcs":[[2628,2631,2637,2640,2641,2639,2602,2603,2604,2633,2642,2635,2643]],"type":"Polygon","properties":{"n":"Mali","s":19440705,"e":19470103}},{"arcs":[[2631,2637,2638,2639,2602,2603,2604,2633,2642,2635,2643,2628]],"type":"Polygon","properties":{"n":"Mali","s":19470104,"e":19590403}},{"arcs":[[-2582,2644,-2606,2633,2642,2635,2643,2628,2631,2637,2638,2639,2602,2603,2645,-2570,2646]],"type":"Polygon","properties":{"n":"Mali","s":19590404,"e":19600619}},{"arcs":[[2631,2637,2638,2639,2602,2603,2604,2633,2642,2635,2643,2628]],"type":"Polygon","properties":{"n":"Mali","s":19600620,"e":19600921}},{"arcs":[[2631,2637,2638,2639,2602,2603,2604,2633,2642,2635,2643,2628]],"type":"Polygon","properties":{"n":"Mali","s":19600922,"e":20191231}},{"arcs":[[-2605,2645,-2570,2646,-2582,2644,-2606]],"type":"Polygon","properties":{"n":"Senegal","s":18860101,"e":19590403}},{"arcs":[[-2605,2645,-2570,2646,-2582,2644,-2606]],"type":"Polygon","properties":{"n":"Senegal","s":19600621,"e":20191231}},{"arcs":[[2647,2648,2649,2650,2651,2652]],"type":"Polygon","properties":{"n":"Benin","s":18950101,"e":18970722}},{"arcs":[[2647,2648,2649,2650,2651,2652]],"type":"Polygon","properties":{"n":"Benin","s":18970723,"e":18980613}},{"arcs":[[2653,2652,2647,2648,2649,2650,2654,-2598,-2597,-2624]],"type":"Polygon","properties":{"n":"Benin","s":18980614,"e":19600731}},{"arcs":[[2653,2652,2647,2648,2649,2650,2654,-2598,-2597,-2624]],"type":"Polygon","properties":{"n":"Benin","s":19600801,"e":20191231}},{"arcs":[[[2655]],[[2624,2625,2626,-2637,-2636,-2635,-2634,2605,2606,2607,2608,2609,2610,2611,2612,2613,2614,2615,2616]]],"type":"MultiPolygon","properties":{"n":"Mauritania","s":19040408,"e":19041002}},{"arcs":[[[2655]],[[2656,2625,2626,-2637,-2636,-2635,-2634,2605,2606,2607,2608,2609,2610,2611,2612,2613]]],"type":"MultiPolygon","properties":{"n":"Mauritania","s":19041003,"e":19121126}},{"arcs":[[[2655]],[[-2637,-2636,-2635,-2634,2605,2606,2607,2608,2609,2610,2657,2626]]],"type":"MultiPolygon","properties":{"n":"Mauritania","s":19121127,"e":19130422}},{"arcs":[[[2655]],[[-2637,-2636,-2635,-2634,2605,2606,2607,2608,2609,2610,2657,2626]]],"type":"MultiPolygon","properties":{"n":"Mauritania","s":19130423,"e":19200111}},{"arcs":[[[2655]],[[-2637,-2636,-2635,-2634,2605,2606,2607,2608,2609,2610,2657,2626]]],"type":"MultiPolygon","properties":{"n":"Mauritania","s":19200112,"e":19440704}},{"arcs":[[[2655]],[[-2644,-2636,-2643,-2634,2605,2606,2607,2608,2609,2610,2657,2626,2627]]],"type":"MultiPolygon","properties":{"n":"Mauritania","s":19440705,"e":19601127}},{"arcs":[[[2655]],[[-2644,-2636,-2643,-2634,2605,2606,2607,2608,2609,2610,2657,2626,2627]]],"type":"MultiPolygon","properties":{"n":"Mauritania","s":19601128,"e":19751113}},{"arcs":[[[2655]],[[-2644,-2636,-2643,-2634,2605,2606,2658,2659,2610,2657,2626,2627]]],"type":"MultiPolygon","properties":{"n":"Mauritania","s":19751114,"e":19790804}},{"arcs":[[[2655]],[[-2644,-2636,-2643,-2634,2605,2606,2607,2608,2609,2610,2657,2626,2627]]],"type":"MultiPolygon","properties":{"n":"Mauritania","s":19790805,"e":20191231}},{"arcs":[[2587,2588,2589,2660,2661,2662,2663,2622,2623,2596,-2633,-2632,2629,2630]],"type":"Polygon","properties":{"n":"Niger","s":19050101,"e":19261227}},{"arcs":[[2587,2588,2589,2660,2661,2662,2663,2622,2623,2596,-2633,-2632,2629,2630]],"type":"Polygon","properties":{"n":"Niger","s":19261228,"e":19320904}},{"arcs":[[2587,2588,2589,2660,2661,2662,2663,2622,2623,2596,2597,2598,2664,-2641,-2638,-2632,2629,2630]],"type":"Polygon","properties":{"n":"Niger","s":19320905,"e":19470103}},{"arcs":[[2587,2588,2589,2660,2661,2662,2663,2622,2623,2596,-2633,-2632,2629,2630]],"type":"Polygon","properties":{"n":"Niger","s":19470104,"e":19600802}},{"arcs":[[2587,2588,2589,2660,2661,2662,2663,2622,2623,2596,-2633,-2632,2629,2630]],"type":"Polygon","properties":{"n":"Niger","s":19600803,"e":20191231}},{"arcs":[[2665,2666,-2603,-2602,2667,2668,2669,2670]],"type":"Polygon","properties":{"n":"Cote D'Ivoire","s":18890110,"e":18930309}},{"arcs":[[2665,2666,-2603,-2602,2667,2668,2669,2670]],"type":"Polygon","properties":{"n":"Cote D'Ivoire","s":18930310,"e":19001114}},{"arcs":[[2665,2666,-2603,-2602,2667,2668,2669,2670]],"type":"Polygon","properties":{"n":"Cote D'Ivoire","s":19001115,"e":19020319}},{"arcs":[[2665,2666,-2603,-2602,2667,2668,2669,2670]],"type":"Polygon","properties":{"n":"Cote D'Ivoire","s":19020320,"e":19320904}},{"arcs":[[2665,2666,-2603,-2640,-2642,-2665,2599,2600,2667,2668,2669,2670]],"type":"Polygon","properties":{"n":"Cote D'Ivoire","s":19320905,"e":19330809}},{"arcs":[[2665,2666,-2603,-2640,-2642,-2665,2599,2600,2667,2668,2669,2670]],"type":"Polygon","properties":{"n":"Cote D'Ivoire","s":19330810,"e":19470103}},{"arcs":[[2665,2666,-2603,-2602,2667,2668,2669,2670]],"type":"Polygon","properties":{"n":"Cote D'Ivoire","s":19470104,"e":19600806}},{"arcs":[[2665,2666,-2603,-2602,2667,2668,2669,2670]],"type":"Polygon","properties":{"n":"Cote D'Ivoire","s":19600807,"e":19830320}},{"arcs":[[2665,2666,-2603,-2602,2667,2668,2669,2670]],"type":"Polygon","properties":{"n":"Cote D'Ivoire","s":19830321,"e":20191231}},{"arcs":[[-2604,-2667,2673,2674,2675,-2571,-2646]],"type":"Polygon","properties":{"n":"Guinea","s":18940101,"e":19581001}},{"arcs":[[-2604,-2667,2673,2674,2675,-2571,-2646]],"type":"Polygon","properties":{"n":"Guinea","s":19581002,"e":20191231}},{"arcs":[[2632,2597,2598,2599,2600,2601,-2640,-2639,-2638]],"type":"Polygon","properties":{"n":"Burkina Faso (Upper Volta)","s":19190301,"e":19320904}},{"arcs":[[2632,2597,2598,2599,2600,2601,-2640,-2639,-2638]],"type":"Polygon","properties":{"n":"Burkina Faso (Upper Volta)","s":19470104,"e":19600804}},{"arcs":[[2632,2597,2598,2599,2600,2601,-2640,-2639,-2638]],"type":"Polygon","properties":{"n":"Burkina Faso (Upper Volta)","s":19600805,"e":20191231}},{"arcs":[[-2666,2676,2677,-2674]],"type":"Polygon","properties":{"n":"Liberia","s":18860101,"e":18921207}},{"arcs":[[-2666,2676,2677,-2674]],"type":"Polygon","properties":{"n":"Liberia","s":18921208,"e":20191231}},{"arcs":[[[-2675,-2678,2678]],[[2679]],[[2580,2581]]],"type":"MultiPolygon","properties":{"n":"Sierra Leone","s":18860101,"e":18890809}},{"arcs":[[[-2675,-2678,2678]],[[2679]]],"type":"MultiPolygon","properties":{"n":"Sierra Leone","s":18890810,"e":18950823}},{"arcs":[[[-2675,-2678,2678]],[[2679]]],"type":"MultiPolygon","properties":{"n":"Sierra Leone","s":18950824,"e":19610426}},{"arcs":[[[-2675,-2678,2678]],[[2679]]],"type":"MultiPolygon","properties":{"n":"Sierra Leone","s":19610427,"e":20191231}},{"arcs":[[2680,2681,2682,2683,-2672,2684,-2670,2685]],"type":"Polygon","properties":{"n":"Ghana","s":18860101,"e":18881130}},{"arcs":[[2686,2680,2681,2682,2683,-2672,2684,-2670,-2669,2687]],"type":"Polygon","properties":{"n":"Ghana","s":18881201,"e":18980613}},{"arcs":[[2688,2689,2686,2680,2681,2682,2683,-2672,2684,-2670,-2669,-2668,-2601,2690]],"type":"Polygon","properties":{"n":"Ghana","s":18980614,"e":19560305}},{"arcs":[[2691,2692,2693,2682,2683,-2672,2684,-2670,-2669,-2668,-2601,2690]],"type":"Polygon","properties":{"n":"Ghana","s":19560306,"e":19570305}},{"arcs":[[2691,2692,2693,2682,2683,-2672,2684,-2670,-2669,-2668,-2601,2690]],"type":"Polygon","properties":{"n":"Ghana","s":19570306,"e":20191231}},{"arcs":[[2694,-2683,-2682,2695,2696,-2650]],"type":"Polygon","properties":{"n":"German Togoland","s":18860101,"e":18861231}},{"arcs":[[2694,-2683,-2682,2695,2696,-2650]],"type":"Polygon","properties":{"n":"German Togoland","s":18870101,"e":18881130}},{"arcs":[[2697,2698,-2651,-2650,2694,-2683,-2682,-2681,-2687,-2690]],"type":"Polygon","properties":{"n":"German Togoland","s":18881201,"e":18961231}},{"arcs":[[2697,2698,-2651,-2650,2694,-2683,-2682,-2681,-2687,-2690]],"type":"Polygon","properties":{"n":"German Togoland","s":18970101,"e":18970708}},{"arcs":[[-2599,-2655,-2651,-2650,2694,-2683,-2682,-2681,-2687,-2690,-2689,-2691,-2600]],"type":"Polygon","properties":{"n":"German Togoland","s":18970709,"e":18970722}},{"arcs":[[-2599,-2655,-2651,-2650,2694,-2683,-2682,-2681,-2687,-2690,-2689,-2691,-2600]],"type":"Polygon","properties":{"n":"German Togoland","s":18970723,"e":19140830}},{"arcs":[[-2599,-2655,-2651,-2650,2694,-2683,-2682,-2681,-2687,-2690,-2689,-2691,-2600]],"type":"Polygon","properties":{"n":"German Togoland","s":19140831,"e":19190627}},{"arcs":[[2692,2693,-2682,-2681,-2687,-2690,-2689,2691]],"type":"Polygon","properties":{"n":"German Togoland","s":19190628,"e":19220719}},{"arcs":[[-2599,-2655,-2651,-2650,2694,-2683,-2694,-2693,-2692,-2691,-2600]],"type":"Polygon","properties":{"n":"Togo","s":19220720,"e":19600426}},{"arcs":[[-2599,-2655,-2651,-2650,2694,-2683,-2694,-2693,-2692,-2691,-2600]],"type":"Polygon","properties":{"n":"Togo","s":19600427,"e":20191231}},{"arcs":[[2692,2693,-2682,-2681,-2687,-2690,-2689,2691]],"type":"Polygon","properties":{"n":"British Togoland","s":19220720,"e":19551231}},{"arcs":[[2699,2700,2701,2702,-2579,2703,2704,2705,2706,2707,2708,2709,2710]],"type":"Polygon","properties":{"n":"Kamerun","s":18860101,"e":18940314}},{"arcs":[[2699,2700,2701,2702,-2579,2703,2704,2705,2706,2707,2708,2709,2710]],"type":"Polygon","properties":{"n":"Kamerun","s":18940315,"e":19001231}},{"arcs":[[2699,2700,2701,2702,-2579,2703,2704,2705,2706,2707,2708,2709,2710]],"type":"Polygon","properties":{"n":"Kamerun","s":19010101,"e":19120329}},{"arcs":[[2711,2712,2713,2714,2715,2716,2717,2718,2719,2720,-2577,-2579,2703,2704,2705,2706,2707,2708,2709,2710]],"type":"Polygon","properties":{"n":"Kamerun","s":19120330,"e":19160303}},{"arcs":[[2711,2712,2713,2714,2715,2716,2717,2718,2719,2720,-2577,-2579,2703,2704,2705,2706,2707,2708,2709,2710]],"type":"Polygon","properties":{"n":"Kamerun","s":19160304,"e":19190627}},{"arcs":[[2699,2700,2701,2702,-2579,2703,2721,2722,2708,2723,2710]],"type":"Polygon","properties":{"n":"Cameroon","s":19190628,"e":19220719}},{"arcs":[[2699,2700,2701,2702,-2579,2703,2721,2722,2708,2723,2710]],"type":"Polygon","properties":{"n":"Cameroon","s":19220720,"e":19591231}},{"arcs":[[2699,2700,2701,2702,-2579,2703,2721,2722,2708,2723,2710]],"type":"Polygon","properties":{"n":"Cameroon","s":19600101,"e":19610930}},{"arcs":[[2699,2700,2701,2702,-2579,2703,2704,2705,2724,2722,2708,2723,2710]],"type":"Polygon","properties":{"n":"Cameroon","s":19611001,"e":20191231}},{"arcs":[[[-2722,2704,2705,2706,2707,-2723]],[[2709,-2724]]],"type":"MultiPolygon","properties":{"n":"British Cameroons","s":19190628,"e":19220719}},{"arcs":[[[-2722,2704,2705,2706,2707,-2723]],[[2709,-2724]]],"type":"MultiPolygon","properties":{"n":"British Cameroons","s":19220720,"e":19610930}},{"arcs":[[2725,-2648,-2653,-2654,-2623,-2664,-2663,-2662,2726,-2710,-2709,-2708,-2707,-2706,2727]],"type":"Polygon","properties":{"n":"Nigeria","s":19140101,"e":19600930}},{"arcs":[[2725,-2648,-2653,-2654,-2623,-2664,-2663,-2662,2726,-2710,-2709,-2708,-2707,-2706,2727]],"type":"Polygon","properties":{"n":"Nigeria","s":19601001,"e":19610930}},{"arcs":[[[2725,-2648,-2653,-2654,-2623,-2664,-2663,-2662,2726,-2724,-2709,-2723,-2725,-2706,2727]],[[2728]]],"type":"MultiPolygon","properties":{"n":"Nigeria","s":19611001,"e":20191231}},{"arcs":[[[2729,-2719,2730,2731,2720,-2577,-2703]],[[2732]]],"type":"MultiPolygon","properties":{"n":"Gabon","s":18860101,"e":19031228}},{"arcs":[[[2729,-2719,2730,2731,2720,-2577,-2703]],[[2732]]],"type":"MultiPolygon","properties":{"n":"Gabon","s":19031229,"e":19060210}},{"arcs":[[[2729,-2719,2730,2731,2720,-2577,-2703]],[[2732]]],"type":"MultiPolygon","properties":{"n":"Gabon","s":19060211,"e":19120329}},{"arcs":[[[2731,-2720,-2719,2730]],[[2732]]],"type":"MultiPolygon","properties":{"n":"Gabon","s":19120330,"e":19190627}},{"arcs":[[[2729,-2719,2730,2731,2720,-2577,-2703]],[[2732]]],"type":"MultiPolygon","properties":{"n":"Gabon","s":19190628,"e":19600816}},{"arcs":[[[2729,-2719,2730,2731,2720,-2577,-2703]],[[2732]]],"type":"MultiPolygon","properties":{"n":"Gabon","s":19600817,"e":20191231}},{"arcs":[[2733,2734,2735,2714,2715,2736,-2701,2737,-2713,2738,2739]],"type":"Polygon","properties":{"n":"Central African Republic","s":19060211,"e":19120329}},{"arcs":[[2739,2733,2734,2735,-2714,-2713,2738]],"type":"Polygon","properties":{"n":"Central African Republic","s":19120330,"e":19190627}},{"arcs":[[2733,2734,2735,2714,2715,2736,-2701,2737,-2713,2738,2739]],"type":"Polygon","properties":{"n":"Central African Republic","s":19190628,"e":19600812}},{"arcs":[[2733,2734,2735,2714,2715,2736,-2701,2737,-2713,2738,2739]],"type":"Polygon","properties":{"n":"Central African Republic","s":19600813,"e":20191231}},{"arcs":[[-2739,2712,-2738,-2700,-2711,-2727,-2661,-2590,-2589,2740,2741,2742,2743]],"type":"Polygon","properties":{"n":"Chad","s":19000905,"e":19120329}},{"arcs":[[-2739,-2712,-2711,-2727,-2661,-2590,-2589,2740,2741,2742,2743]],"type":"Polygon","properties":{"n":"Chad","s":19120330,"e":19190627}},{"arcs":[[-2739,2712,-2738,-2700,-2711,-2727,-2661,-2590,-2589,2740,2741,2742,2743]],"type":"Polygon","properties":{"n":"Chad","s":19190628,"e":19200316}},{"arcs":[[-2739,2712,-2738,-2700,-2711,-2727,-2661,-2590,-2589,2740,2741,2742,2743]],"type":"Polygon","properties":{"n":"Chad","s":19200317,"e":19600810}},{"arcs":[[-2739,2712,-2738,-2700,-2711,-2727,-2661,-2590,-2589,2740,2741,2742,2743]],"type":"Polygon","properties":{"n":"Chad","s":19600811,"e":20191231}},{"arcs":[[2744,2745,2746,2747,-2731,2718,-2730,-2702,-2737,-2716]],"type":"Polygon","properties":{"n":"Congo","s":18860101,"e":18980613}},{"arcs":[[2739,2733,2734,2735,2714,2744,2745,2746,2747,-2731,2718,-2730,-2702,-2701,-2700,-2711,-2727,-2661,-2590,-2589,2740,2741,2742,2743]],"type":"Polygon","properties":{"n":"Congo","s":18980614,"e":19000904}},{"arcs":[[2733,2734,2735,2714,2744,2745,2746,2747,-2731,2718,-2730,-2702,-2701,2737,-2713,2738,2739]],"type":"Polygon","properties":{"n":"Congo","s":19000905,"e":19060210}},{"arcs":[[2744,2745,2746,2747,-2731,2718,-2730,-2702,-2737,-2716]],"type":"Polygon","properties":{"n":"Congo","s":19060211,"e":19120329}},{"arcs":[[[2745,2746,2747,-2731,-2718]],[[-2717,-2716,2744]]],"type":"MultiPolygon","properties":{"n":"Congo","s":19120330,"e":19190627}},{"arcs":[[2744,2745,2746,2747,-2731,2718,-2730,-2702,-2737,-2716]],"type":"Polygon","properties":{"n":"Congo","s":19190628,"e":19600814}},{"arcs":[[2744,2745,2746,2747,-2731,2718,-2730,-2702,-2737,-2716]],"type":"Polygon","properties":{"n":"Congo","s":19600815,"e":20191231}},{"arcs":[[2748,2749,2750,2751,2752,2753,2754,2755,2756,2757,2758,2759,2760,2761,-2746,-2745,-2715,-2736]],"type":"Polygon","properties":{"n":"Congo, Democratic Republic of (Zaire)","s":18860101,"e":18910524}},{"arcs":[[2748,2749,2750,2751,2752,2753,2754,2755,2756,2757,2758,2759,2760,2761,-2746,-2745,-2715,-2736]],"type":"Polygon","properties":{"n":"Congo, Democratic Republic of (Zaire)","s":18910525,"e":18910610}},{"arcs":[[2748,2749,2750,2751,2752,2753,2754,2755,2756,2762,2763,2758,2759,2760,2761,-2746,-2745,-2715,-2736]],"type":"Polygon","properties":{"n":"Congo, Democratic Republic of (Zaire)","s":18910611,"e":18940813}},{"arcs":[[2764,2765,2766,2749,2750,2751,2752,2753,2754,2755,2756,2762,2763,2758,2759,2760,2761,-2746,-2745,-2715,-2736,-2735,2767,2768]],"type":"Polygon","properties":{"n":"Congo, Democratic Republic of (Zaire)","s":18940814,"e":19081017}},{"arcs":[[2764,2765,2766,2749,2750,2751,2752,2753,2754,2755,2756,2762,2763,2758,2759,2760,2761,-2746,-2745,-2715,-2736,-2735,2767,2768]],"type":"Polygon","properties":{"n":"Congo, Democratic Republic of (Zaire)","s":19081018,"e":19100615}},{"arcs":[[2767,2769,2770,2766,2749,2750,2751,2752,2753,2754,2755,2756,2762,2763,2758,2759,2760,2761,-2746,-2745,-2715,-2736,-2735]],"type":"Polygon","properties":{"n":"Congo, Democratic Republic of (Zaire)","s":19100616,"e":19600629}},{"arcs":[[2767,2769,2770,2766,2749,2750,2751,2752,2753,2754,2755,2756,2762,2763,2758,2759,2760,2761,-2746,-2745,-2715,-2736,-2735]],"type":"Polygon","properties":{"n":"Congo, Democratic Republic of (Zaire)","s":19600630,"e":20191231}},{"arcs":[[2771,2772,2773,2774,2775,2776,2777,-2750,-2767,-2766,-2765,2778,2779]],"type":"Polygon","properties":{"n":"Uganda","s":18940608,"e":19020514}},{"arcs":[[2771,2772,2780,2781,2782,2776,2777,-2750,-2767,-2766,-2765,2778,2779]],"type":"Polygon","properties":{"n":"Uganda","s":19020515,"e":19100615}},{"arcs":[[2771,2772,2780,2781,2782,2776,2777,-2750,-2767,-2771,2783,-2765,2778,2779]],"type":"Polygon","properties":{"n":"Uganda","s":19100616,"e":19140420}},{"arcs":[[2771,2772,2780,2781,2782,2776,2777,-2750,-2767,-2771,2783,-2765,2778,2779]],"type":"Polygon","properties":{"n":"Uganda","s":19140421,"e":19260926}},{"arcs":[[2781,2782,2776,2777,-2750,-2767,-2771,2783,-2765,2778,2784]],"type":"Polygon","properties":{"n":"Uganda","s":19260927,"e":19621008}},{"arcs":[[2781,2782,2776,2777,-2750,-2767,-2771,2783,-2765,2778,2784]],"type":"Polygon","properties":{"n":"Uganda","s":19621009,"e":20191231}},{"arcs":[[2785,2786,2787,2788,2789,2775,-2783,2790,2791]],"type":"Polygon","properties":{"n":"Kenya","s":18881015,"e":18910323}},{"arcs":[[[2792]],[[2793,2794,2795,2786,2787,2788,2789,2775,2776,2777,-2750,-2767,-2766,-2765,2778,2779,2796,2797]]],"type":"MultiPolygon","properties":{"n":"Kenya","s":18910324,"e":18940607}},{"arcs":[[[2792]],[[2793,2794,2795,2786,2787,2788,2789,-2775,-2774,-2773,-2772,2796,2797]]],"type":"MultiPolygon","properties":{"n":"Kenya","s":18940608,"e":19020514}},{"arcs":[[[2792]],[[2793,2794,2795,2786,2787,2788,2789,2775,-2783,-2782,-2781,-2773,-2772,2796,2797]]],"type":"MultiPolygon","properties":{"n":"Kenya","s":19020515,"e":19061231}},{"arcs":[[[2792]],[[2793,2794,2795,2786,2787,2788,2789,2775,-2783,-2782,-2781,-2773,-2772,2796,2797]]],"type":"MultiPolygon","properties":{"n":"Kenya","s":19070101,"e":19071205}},{"arcs":[[[2792]],[[2798,2799,2795,2786,2787,2788,2789,2775,-2783,-2782,-2781,-2773]]],"type":"MultiPolygon","properties":{"n":"Kenya","s":19071206,"e":19140420}},{"arcs":[[[2792]],[[2798,2799,2795,2786,2787,2788,2789,2775,-2783,-2782,-2781,-2773]]],"type":"MultiPolygon","properties":{"n":"Kenya","s":19140421,"e":19200722}},{"arcs":[[[2792]],[[2798,2799,2795,2786,2787,2788,2789,2775,-2783,-2782,-2781,-2773]]],"type":"MultiPolygon","properties":{"n":"Kenya","s":19200723,"e":19240630}},{"arcs":[[[2792]],[[2798,2800,2801,2788,2789,2775,-2783,-2782,-2781,-2773]]],"type":"MultiPolygon","properties":{"n":"Kenya","s":19240701,"e":19260926}},{"arcs":[[[2792]],[[2771,2798,2800,2801,2788,2789,2775,-2783,-2782,-2785,2779]]],"type":"MultiPolygon","properties":{"n":"Kenya","s":19260927,"e":19631211}},{"arcs":[[[2792]],[[2771,2798,2800,2801,2788,2789,2775,-2783,-2782,-2785,2779]]],"type":"MultiPolygon","properties":{"n":"Kenya","s":19631212,"e":20191231}},{"arcs":[[[2802,2803,2804,2805,-2753,-2752,-2751,-2778,-2777,-2776,-2790,2806]],[[2807]]],"type":"MultiPolygon","properties":{"n":"Tanzania (Tanganyika)","s":18910101,"e":19161008}},{"arcs":[[[2802,2803,2804,2805,-2753,-2752,-2751,-2778,-2777,-2776,-2790,2806]],[[2807]]],"type":"MultiPolygon","properties":{"n":"Tanzania (Tanganyika)","s":19161009,"e":19190627}},{"arcs":[[[2802,2803,2804,2805,-2753,-2752,-2751,-2778,-2777,-2776,-2790,2806]],[[2807]]],"type":"MultiPolygon","properties":{"n":"Tanzania (Tanganyika)","s":19190628,"e":19200627}},{"arcs":[[[2802,2803,2804,2805,-2753,2808,2809,-2777,-2776,-2790,2806]],[[2807]]],"type":"MultiPolygon","properties":{"n":"Tanzania (Tanganyika)","s":19200628,"e":19220719}},{"arcs":[[[2802,2803,2804,2805,-2753,2808,2809,-2777,-2776,-2790,2806]],[[2807]]],"type":"MultiPolygon","properties":{"n":"Tanzania (Tanganyika)","s":19220720,"e":19611208}},{"arcs":[[[2802,2803,2804,2805,-2753,2808,2809,-2777,-2776,-2790,2806]],[[2807]]],"type":"MultiPolygon","properties":{"n":"Tanzania (Tanganyika)","s":19611209,"e":19640425}},{"arcs":[[[2807]],[[2802,2803,2804,2805,-2753,2808,2809,-2777,-2776,-2790,2806]],[[2810]],[[2811]]],"type":"MultiPolygon","properties":{"n":"Tanzania (Tanganyika)","s":19640426,"e":20191231}},{"arcs":[[[2810]],[[2811]]],"type":"MultiPolygon","properties":{"n":"Zanzibar","s":18900701,"e":18950630}},{"arcs":[[[2810]],[[2811]]],"type":"MultiPolygon","properties":{"n":"Zanzibar","s":18950701,"e":19631218}},{"arcs":[[[2810]],[[2811]]],"type":"MultiPolygon","properties":{"n":"Zanzibar","s":19631219,"e":19640425}},{"arcs":[[-2809,-2752,-2751,-2778,-2810]],"type":"Polygon","properties":{"n":"Rwanda-Urundi","s":19200628,"e":19220719}},{"arcs":[[-2809,-2752,-2751,-2778,-2810]],"type":"Polygon","properties":{"n":"Rwanda-Urundi","s":19220720,"e":19620630}},{"arcs":[[-2809,-2752,2812]],"type":"Polygon","properties":{"n":"Burundi","s":19620701,"e":20191231}},{"arcs":[[-2810,-2813,-2751,-2778]],"type":"Polygon","properties":{"n":"Rwanda","s":19620701,"e":20191231}},{"arcs":[[2787,-2802,-2801,2799,-2795,2813,2814,2815,2816,2817,2818]],"type":"Polygon","properties":{"n":"Somalia","s":19600701,"e":20191231}},{"arcs":[[2819,2820,2814,2815,2816]],"type":"Polygon","properties":{"n":"British Somaliland (Somaliland Republic)","s":18860101,"e":18970413}},{"arcs":[[2819,2820,2814,2815,2816]],"type":"Polygon","properties":{"n":"British Somaliland (Somaliland Republic)","s":18970414,"e":19600630}},{"arcs":[[-2816,2821,2822,2823]],"type":"Polygon","properties":{"n":"Djibouti","s":18860101,"e":19000123}},{"arcs":[[-2816,2821,2822,2823]],"type":"Polygon","properties":{"n":"Djibouti","s":19000124,"e":19770626}},{"arcs":[[-2816,2821,2822,2823]],"type":"Polygon","properties":{"n":"Djibouti","s":19770627,"e":20191231}},{"arcs":[[2824,2825,2826,2827,2828,2829,2830]],"type":"Polygon","properties":{"n":"Ethiopia","s":18860101,"e":18890501}},{"arcs":[[2830,2824,2825,2826,2827,2828,2831]],"type":"Polygon","properties":{"n":"Ethiopia","s":18890502,"e":18970513}},{"arcs":[[2830,2832,2833,-2822,-2815,-2814,-2794,2834,2835,2827,2828,2831]],"type":"Polygon","properties":{"n":"Ethiopia","s":18970514,"e":19020514}},{"arcs":[[2830,2832,2833,-2822,-2815,-2814,-2794,2836,2837,2826,2827,2828,2831]],"type":"Polygon","properties":{"n":"Ethiopia","s":19020515,"e":19071205}},{"arcs":[[2830,2832,2833,-2822,-2815,-2814,2794,-2800,-2799,-2772,2796,2838,2836,2837,2826,2827,2828,2831]],"type":"Polygon","properties":{"n":"Ethiopia","s":19071206,"e":19520914}},{"arcs":[[[2839]],[[2840,-2823,-2822,-2815,-2814,2794,-2800,-2799,-2772,2796,2838,2836,2837,2826,2827,2841,2842,2843]]],"type":"MultiPolygon","properties":{"n":"Ethiopia","s":19520915,"e":19930523}},{"arcs":[[2830,2832,2833,-2822,-2815,-2814,2794,-2800,-2799,-2772,2796,2838,2836,2837,2826,2827,2828,2831]],"type":"Polygon","properties":{"n":"Ethiopia","s":19930524,"e":20191231}},{"arcs":[[-2823,-2834,2844,2840]],"type":"Polygon","properties":{"n":"Eritrea","s":18860101,"e":18890501}},{"arcs":[[[2839]],[[2840,-2823,-2834,-2833,-2831,-2832,-2829,2841,2842,2843]]],"type":"MultiPolygon","properties":{"n":"Eritrea","s":18890502,"e":19000123}},{"arcs":[[[2839]],[[2840,-2823,-2834,-2833,-2831,-2832,-2829,2841,2842,2843]]],"type":"MultiPolygon","properties":{"n":"Eritrea","s":19000124,"e":19410518}},{"arcs":[[[2839]],[[2840,-2823,-2834,-2833,-2831,-2832,-2829,2841,2842,2843]]],"type":"MultiPolygon","properties":{"n":"Eritrea","s":19410519,"e":19520914}},{"arcs":[[[2839]],[[2840,-2823,-2834,-2833,-2831,-2832,-2829,2841,2842,2843]]],"type":"MultiPolygon","properties":{"n":"Eritrea","s":19930524,"e":20191231}},{"arcs":[[[-2762,2845,-2747]],[[-2760,2846,2847,2848]]],"type":"MultiPolygon","properties":{"n":"Angola","s":18860101,"e":18900819}},{"arcs":[[[-2762,2845,-2747]],[[-2760,-2759,-2764,2849,2850,2847,2848]]],"type":"MultiPolygon","properties":{"n":"Angola","s":18900820,"e":18910610}},{"arcs":[[[-2760,-2759,-2764,-2763,-2757,-2756,2851,2852,2853,2850,2847,2848]],[[-2762,2845,-2747]]],"type":"MultiPolygon","properties":{"n":"Angola","s":18910611,"e":19050529}},{"arcs":[[[-2760,-2759,-2764,-2763,-2757,2854,2853,2850,2847,2848]],[[-2762,2845,-2747]]],"type":"MultiPolygon","properties":{"n":"Angola","s":19050530,"e":19751110}},{"arcs":[[[-2760,-2759,-2764,-2763,-2757,2854,2853,2850,2847,2848]],[[-2762,2845,-2747]]],"type":"MultiPolygon","properties":{"n":"Angola","s":19751111,"e":20191231}},{"arcs":[[2855,2856,2857,2858,2859,2860,2861,-2803,2862]],"type":"Polygon","properties":{"n":"Mozambique","s":18860101,"e":18910610}},{"arcs":[[[2863]],[[2855,2856,2857,2858,2864,2865,2866,2867,2860,2868,-2804,-2803,2862]]],"type":"MultiPolygon","properties":{"n":"Mozambique","s":18910611,"e":19750624}},{"arcs":[[[2863]],[[2855,2856,2857,2858,2864,2865,2866,2867,2860,2868,-2804,-2803,2862]]],"type":"MultiPolygon","properties":{"n":"Mozambique","s":19750625,"e":20191231}},{"arcs":[[-2805,-2869,-2861,-2868,-2867,-2866,-2865,-2859,2869,2870,2871,2872,2852,-2855,-2756,-2755,-2754,-2806]],"type":"Polygon","properties":{"n":"Federation of Rhodesia and Nyasaland","s":19530801,"e":19640121}},{"arcs":[[2873,-2867,-2866,2874,2872,2852,-2855,-2756,-2755,-2754,-2806]],"type":"Polygon","properties":{"n":"Zambia","s":19110818,"e":19530731}},{"arcs":[[2873,-2867,-2866,2874,2872,2852,-2855,-2756,-2755,-2754,-2806]],"type":"Polygon","properties":{"n":"Zambia","s":19640122,"e":20191231}},{"arcs":[[-2865,-2859,2869,2870,2871,-2875]],"type":"Polygon","properties":{"n":"Zimbabwe (Rhodesia)","s":18890101,"e":18910610}},{"arcs":[[2873,-2867,-2866,-2865,-2859,2869,2870,2871,2872,-2852,-2755,-2754,-2806]],"type":"Polygon","properties":{"n":"Zimbabwe (Rhodesia)","s":18910611,"e":19000128}},{"arcs":[[-2865,-2859,2869,2870,2871,-2875]],"type":"Polygon","properties":{"n":"Zimbabwe (Rhodesia)","s":19000129,"e":19530731}},{"arcs":[[-2865,-2859,2869,2870,2871,-2875]],"type":"Polygon","properties":{"n":"Zimbabwe (Rhodesia)","s":19640122,"e":19651110}},{"arcs":[[-2865,-2859,2869,2870,2871,-2875]],"type":"Polygon","properties":{"n":"Zimbabwe (Rhodesia)","s":19651111,"e":20191231}},{"arcs":[[-2869,-2861,-2868,-2874,-2805]],"type":"Polygon","properties":{"n":"Malawi","s":18910610,"e":19530731}},{"arcs":[[-2869,-2861,-2868,-2874,-2805]],"type":"Polygon","properties":{"n":"Malawi","s":19640122,"e":19640705}},{"arcs":[[-2869,-2861,-2868,-2874,-2805]],"type":"Polygon","properties":{"n":"Malawi","s":19640706,"e":20191231}},{"arcs":[[[2875]],[[-2858,2876,2877,-2856,2878,2879,2880,2881,2882,2883,2884,2885,2886,2887,2888,2889,2890,2891,2892,-2870],[2893,2894,2895]]],"type":"MultiPolygon","properties":{"n":"South Africa","s":19100531,"e":20191231}},{"arcs":[[2896,2897,2893,2898,2899,2881,2882,2900,2901]],"type":"Polygon","properties":{"n":"Cape Colony","s":18860101,"e":18951115}},{"arcs":[[2887,2888,2889,2890,2902,2896,2897,2893,2898,2899,2881,2882,2883,2884,2885,2886]],"type":"Polygon","properties":{"n":"Cape Colony","s":18951116,"e":19100529}},{"arcs":[[2903,2879,2904,-2899,2894,2905,2906]],"type":"Polygon","properties":{"n":"Natal","s":18860101,"e":18950422}},{"arcs":[[2878,2879,2904,-2899,2894,2905,2906,2907,2877,-2856]],"type":"Polygon","properties":{"n":"Natal","s":18950423,"e":19100529}},{"arcs":[[-2858,2876,-2908,-2907,2908,-2897,-2903,2891,2892,-2870]],"type":"Polygon","properties":{"n":"Transvaal","s":18860101,"e":19100529}},{"arcs":[[-2906,2895,-2898,-2909]],"type":"Polygon","properties":{"n":"Orange Free State","s":18860101,"e":19100529}},{"arcs":[[2909,-2884,-2883,2910,2911]],"type":"Polygon","properties":{"n":"Namibia","s":18860101,"e":18861229}},{"arcs":[[-2851,-2854,-2853,-2873,2912,2913,2909,-2884,-2883,2910,2914,-2848]],"type":"Polygon","properties":{"n":"Namibia","s":18861230,"e":19150815}},{"arcs":[[-2851,-2854,-2853,-2873,2912,2913,2909,-2884,-2883,2910,2914,-2848]],"type":"Polygon","properties":{"n":"Namibia","s":19150816,"e":19201216}},{"arcs":[[-2851,-2854,-2853,-2873,2912,2913,2909,-2884,-2883,2910,2914,-2848]],"type":"Polygon","properties":{"n":"Namibia","s":19201217,"e":19661026}},{"arcs":[[-2851,-2854,-2853,-2873,2912,2913,2909,-2884,-2883,2910,2914,-2848]],"type":"Polygon","properties":{"n":"Namibia","s":19661027,"e":19900320}},{"arcs":[[-2851,-2854,-2853,-2873,2912,2913,2909,-2884,-2883,2910,2914,-2848]],"type":"Polygon","properties":{"n":"Namibia","s":19900321,"e":20191231}},{"arcs":[[-2895,-2894,-2896]],"type":"Polygon","properties":{"n":"Lesotho","s":18860101,"e":19661003}},{"arcs":[[-2895,-2894,-2896]],"type":"Polygon","properties":{"n":"Lesotho","s":19661004,"e":20191231}},{"arcs":[[-2871,-2893,2915,-2890,2916,2917,2885,2918,2919,-2901,2883,-2910,-2914,2920]],"type":"Polygon","properties":{"n":"Botswana","s":18860101,"e":18900630}},{"arcs":[[-2872,-2871,-2893,2915,-2890,2916,2917,2885,2918,2919,-2901,2883,-2910,-2914,-2913]],"type":"Polygon","properties":{"n":"Botswana","s":18900701,"e":18951115}},{"arcs":[[-2872,-2871,-2893,-2892,-2891,-2890,-2889,-2888,-2887,-2886,-2885,-2910,-2914,-2913]],"type":"Polygon","properties":{"n":"Botswana","s":18951116,"e":19660929}},{"arcs":[[-2872,-2871,-2893,-2892,-2891,-2890,-2889,-2888,-2887,-2886,-2885,-2910,-2914,-2913]],"type":"Polygon","properties":{"n":"Botswana","s":19660930,"e":20191231}},{"arcs":[[-2857,-2878,-2877]],"type":"Polygon","properties":{"n":"Swaziland (Eswatini)","s":18950221,"e":19020806}},{"arcs":[[-2857,-2878,-2877]],"type":"Polygon","properties":{"n":"Swaziland (Eswatini)","s":19020807,"e":19680905}},{"arcs":[[-2857,-2878,-2877]],"type":"Polygon","properties":{"n":"Swaziland (Eswatini)","s":19680906,"e":20191231}},{"arcs":[[[2921]],[[2922]],[[2923]]],"type":"MultiPolygon","properties":{"n":"Madagascar (Malagasy)","s":18860101,"e":18960805}},{"arcs":[[[2921]],[[2922]],[[2923]]],"type":"MultiPolygon","properties":{"n":"Madagascar (Malagasy)","s":18960806,"e":19120724}},{"arcs":[[[2921]],[[2922]],[[2924]],[[2925]],[[2923]],[[2926]]],"type":"MultiPolygon","properties":{"n":"Madagascar (Malagasy)","s":19120725,"e":19461026}},{"arcs":[[[2921]],[[2922]],[[2923]]],"type":"MultiPolygon","properties":{"n":"Madagascar (Malagasy)","s":19461027,"e":19600625}},{"arcs":[[[2921]],[[2922]],[[2923]]],"type":"MultiPolygon","properties":{"n":"Madagascar (Malagasy)","s":19600626,"e":20191231}},{"arcs":[[[2924]],[[2925]],[[2926]]],"type":"MultiPolygon","properties":{"n":"Comoros","s":19461027,"e":19750705}},{"arcs":[[[2924]],[[2925]],[[2926]]],"type":"MultiPolygon","properties":{"n":"Comoros","s":19750706,"e":20191231}},{"arcs":[[2927]],"type":"Polygon","properties":{"n":"Reunion","s":18860101,"e":20191231}},{"arcs":[[[2928]],[[2929]]],"type":"MultiPolygon","properties":{"n":"Mauritius","s":18860101,"e":19680311}},{"arcs":[[[2928]],[[2929]]],"type":"MultiPolygon","properties":{"n":"Mauritius","s":19680312,"e":20191231}},{"arcs":[[2930,2931,-2618,-2617,2932,2933,2934]],"type":"Polygon","properties":{"n":"Morocco","s":18860101,"e":19021224}},{"arcs":[[2930,2931,-2618,-2617,2932,2933,2934]],"type":"Polygon","properties":{"n":"Morocco","s":19021225,"e":19040101}},{"arcs":[[2930,2931,-2618,-2617,2932,2933,2934]],"type":"Polygon","properties":{"n":"Morocco","s":19040102,"e":19041002}},{"arcs":[[2931,-2618,-2617,2932,2933,2935,2930]],"type":"Polygon","properties":{"n":"Morocco","s":19041003,"e":19121126}},{"arcs":[[2931,-2618,-2617,2932,2933,2935,2930]],"type":"Polygon","properties":{"n":"Morocco","s":19121127,"e":19560301}},{"arcs":[[2931,-2618,-2617,2932,2933,2935,2930]],"type":"Polygon","properties":{"n":"Morocco","s":19560302,"e":19560406}},{"arcs":[[2930,2931,-2618,-2617,2932,2933,2934]],"type":"Polygon","properties":{"n":"Morocco","s":19560407,"e":19580409}},{"arcs":[[2930,2931,-2618,2624,-2657,2614,2936,2933,2934]],"type":"Polygon","properties":{"n":"Morocco","s":19580410,"e":19751113}},{"arcs":[[2930,2931,-2618,2624,2625,-2658,-2611,-2660,2937,2938,2613,2614,2936,2933,2934]],"type":"Polygon","properties":{"n":"Morocco","s":19751114,"e":19790804}},{"arcs":[[2930,2931,-2618,2624,2625,-2658,-2611,-2610,-2609,-2608,2658,2937,2938,2613,2614,2936,2933,2934]],"type":"Polygon","properties":{"n":"Morocco","s":19790805,"e":20191231}},{"arcs":[[[2624,-2657,2614,2615,2616]],[[-2936,2934]]],"type":"MultiPolygon","properties":{"n":"Spanish Morocco","s":19121127,"e":19560406}},{"arcs":[[2939,-2608,2658,2937,2938,2613,2656,2625,-2658,-2611,-2610]],"type":"Polygon","properties":{"n":"Spanish Sahara","s":19581010,"e":19751113}},{"arcs":[[-2611,-2610,2939,-2608,2658,2937,2940,-2612]],"type":"Polygon","properties":{"n":"Spanish West Africa","s":18860101,"e":19000626}},{"arcs":[[-2611,-2610,2939,-2608,2658,2937,2940,-2612]],"type":"Polygon","properties":{"n":"Spanish West Africa","s":19000627,"e":19121126}},{"arcs":[[2656,2625,-2658,-2611,-2610,2939,-2608,2658,2937,2938,2613]],"type":"Polygon","properties":{"n":"Spanish West Africa","s":19121127,"e":19581009}},{"arcs":[[2941,-2583,-2932,2942,2943]],"type":"Polygon","properties":{"n":"Algeria","s":18860101,"e":19010206}},{"arcs":[[2941,-2583,-2932,2942,2943]],"type":"Polygon","properties":{"n":"Algeria","s":19010207,"e":19021224}},{"arcs":[[2941,2583,2584,2585,2586,-2631,-2630,-2629,-2628,-2627,-2626,-2625,2617,-2932,2942,2943]],"type":"Polygon","properties":{"n":"Algeria","s":19021225,"e":19190911}},{"arcs":[[2941,2583,2944,2585,2945,-2630,-2629,-2628,-2627,-2626,-2625,2617,-2932,2942,2943]],"type":"Polygon","properties":{"n":"Algeria","s":19190912,"e":19620704}},{"arcs":[[2941,2583,2944,2585,2945,-2630,-2629,-2628,-2627,-2626,-2625,2617,-2932,2942,2943]],"type":"Polygon","properties":{"n":"Algeria","s":19620705,"e":20191231}},{"arcs":[[[2946]],[[2947]],[[2948,-2944,2949,2950]]],"type":"MultiPolygon","properties":{"n":"Tunisia","s":18860101,"e":19551231}},{"arcs":[[[2946]],[[2947]],[[2948,-2944,2949,2950]]],"type":"MultiPolygon","properties":{"n":"Tunisia","s":19560101,"e":20191231}},{"arcs":[[2951,2952,2953,-2741,-2588,-2587,-2586,-2585,-2584,-2942,-2949,2954,2955]],"type":"Polygon","properties":{"n":"Libya","s":19121018,"e":19190911}},{"arcs":[[2951,2952,2953,-2741,-2588,-2631,-2946,-2586,-2945,-2584,-2942,-2949,2954,2955]],"type":"Polygon","properties":{"n":"Libya","s":19190912,"e":19251205}},{"arcs":[[2951,2956,2957,2958,-2742,-2741,-2588,-2631,-2946,-2586,-2945,-2584,-2942,-2949,2954,2955]],"type":"Polygon","properties":{"n":"Libya","s":19251206,"e":19340719}},{"arcs":[[2951,2956,2957,2959,-2743,-2742,-2741,-2588,-2631,-2946,-2586,-2945,-2584,-2942,-2949,2954,2955]],"type":"Polygon","properties":{"n":"Libya","s":19340720,"e":19430512}},{"arcs":[[2951,2956,2957,2959,-2743,-2742,-2741,-2588,-2631,-2946,-2586,-2945,-2584,-2942,-2949,2954,2955]],"type":"Polygon","properties":{"n":"Libya","s":19430513,"e":19491120}},{"arcs":[[2951,2956,2957,2959,-2743,-2742,-2741,-2588,-2631,-2946,-2586,-2945,-2584,-2942,-2949,2954,2955]],"type":"Polygon","properties":{"n":"Libya","s":19491121,"e":19511223}},{"arcs":[[2951,2956,2957,2959,-2743,-2742,-2741,-2588,-2631,-2946,-2586,-2945,-2584,-2942,-2949,2954,2955]],"type":"Polygon","properties":{"n":"Libya","s":19511224,"e":20191231}},{"arcs":[[2960,-2843,-2842,-2828,-2836,-2835,-2798,-2797,-2780,-2779,-2769,-2768,-2734,-2740,-2744,-2743,-2959,2961,2962,2963,2964,2965]],"type":"Polygon","properties":{"n":"Sudan","s":18990119,"e":19020514}},{"arcs":[[2960,-2843,-2842,-2828,-2827,-2838,-2837,-2839,-2797,-2780,-2779,-2769,-2768,-2734,-2740,-2744,-2743,-2959,2961,2962,2963,2964,2965]],"type":"Polygon","properties":{"n":"Sudan","s":19020515,"e":19100615}},{"arcs":[[2960,-2843,-2842,-2828,-2827,-2838,-2837,-2839,-2797,-2780,-2779,2764,-2784,-2770,-2768,-2734,-2740,-2744,-2743,-2959,2961,2962,2963,2964,2965]],"type":"Polygon","properties":{"n":"Sudan","s":19100616,"e":19140420}},{"arcs":[[2960,-2843,-2842,-2828,-2827,-2838,-2837,-2839,-2797,-2780,-2779,2764,-2784,-2770,-2768,-2734,-2740,-2744,-2743,-2959,2961,2962,2963,2964,2965]],"type":"Polygon","properties":{"n":"Sudan","s":19140421,"e":19340719}},{"arcs":[[2960,-2843,-2842,-2828,-2827,-2838,-2837,-2839,-2797,-2780,-2779,2764,-2784,-2770,-2768,-2734,-2740,-2744,-2960,2961,2962,2963,2964,2965]],"type":"Polygon","properties":{"n":"Sudan","s":19340720,"e":19551231}},{"arcs":[[2960,-2843,-2842,-2828,-2827,-2838,-2837,-2839,-2797,-2780,-2779,2764,-2784,-2770,-2768,-2734,-2740,-2744,-2960,2961,2962,2963,2964,2965]],"type":"Polygon","properties":{"n":"Sudan","s":19560101,"e":20110708}},{"arcs":[[2960,-2843,-2842,-2828,-2827,-2838,2966,-2740,-2744,-2960,2961,2962,2963,2964,2965]],"type":"Polygon","properties":{"n":"Sudan","s":20110709,"e":20191231}},{"arcs":[[-2837,-2839,-2797,-2780,-2779,2764,-2784,-2770,-2768,-2734,-2967]],"type":"Polygon","properties":{"n":"South Sudan","s":20110709,"e":20191231}},{"arcs":[[-2018,-2017,-2016,2967,-1789,2968,2969,2970,2971,2972,-2019]],"type":"Polygon","properties":{"n":"Iran (Persia)","s":18860101,"e":20191231}},{"arcs":[[[2973]],[[2974]],[[2975,2976,2977,2978]],[[2979,2980]],[[2951,2952,2953,-2741,-2588,-2587,-2586,-2585,-2584,-2942,-2949,2954,2955]],[[2981]],[[1228,2982,2983,2984,1232,2985,1234,2986,1236,2987,1238,2988,1240,2989,1242,2990,1244,2991,1246,2992,1187,2993,1189,2994,2995,1192,2996,1194,2997,1196,2998,2999,1199,3000,1201,3001,1203,3002,1205,3003,1207,3004,1209,3005,3006,3007,3008,3009,3010,1216,3011,1218,3012,1220,3013,3014,3015,1224,3016,1226,3017]],[[1160]],[[1158]],[[1159]],[[-2020,-2973,-2972,3018,3019,3020,3021,3022,3023,3024,3025,3026,3027,3028,3029,3030,3031,3032,3033,3034,3035,3036,3037,3038,3039,3040,3041,3042,3043,3044,3045,3046,3047,3048,3049,3050,3051,3052,3053,3054,3055,3056,3057,3058,3059,3060,3061,3062,3063,3064,3065,3066,3067,3068,3069,3070,3071,3072,3073,3074,3075,3076,3077,3078,3079,3080,3081,3082,3083,3084,3085,3086,3087,3088,3089,3090,3091,3092,3093,3094,3095,3096,3097,3098,3099,3100,3101,3102,3103,3104,3105,3106,3107,3108,3109,3110,3111,3112,3113,3114,3115,3116,3117,3118,3119,3120,3121,3122,3123,3124,3125,3126,3127,3128,3129,3130,3131,3132,3133,3134,3135,3136,3137,3138,3139,3140,3141,3142,3143,3144,3145,3146,3147,3148,3149,3150,3151,3152,3153,3154,3155,3156,3157,3158,3159,3160,3161,3162,3163,3164,3165,3166,3167,3168,3169,3170,3171,3172,3173,3174,3175,3176,3177,3178,3179,3180,3181,3182,3183,3184,3185,3186,3187,3188,3189,3190,3191,3192,3193,3194,3195,3196,3197,3198,3199,3200,3201,3202,3203,3204,3205,3206,3207,3208,3209,3210,3211,3212,3213,3214,3215,3216,3217]],[[1166]],[[1167]],[[1168]],[[1161]],[[1169]],[[1170]],[[1165]],[[1163]],[[3218]],[[1164]],[[3219]],[[1162]],[[1177,1178,1179,1180,1181,1182,1183,1184,1185,1186,1174,-1157,1171,1073,3220,1075,3221,3222,1078,3223,3224,1081,3225,1083,3226,3227,1086,3228,3229,3230,1090,3231,1092,3232,3233,1095,3234,3235,1098,3236,3237,1101,3238,1103,1104,-1134,-1022,-1021,-1115,-1114,-1113,-1112,-1111,-1110,-1109,-1108,-1255,-1254,-1253,3239,3240,1259,3241]]],"type":"MultiPolygon","properties":{"n":"Turkey (Ottoman Empire)","s":18860101,"e":19121017}},{"arcs":[[[2973]],[[2974]],[[2975,2976,2977,2978]],[[2979,2980]],[[2981]],[[1228,2982,2983,2984,1232,2985,1234,2986,1236,2987,1238,2988,1240,2989,1242,2990,1244,2991,1246,2992,1187,2993,1189,2994,2995,1192,2996,1194,2997,1196,2998,2999,1199,3000,1201,3001,1203,3002,1205,3003,1207,3004,1209,3005,3006,3007,3008,3009,3010,1216,3011,1218,3012,1220,3013,3014,3015,1224,3016,1226,3017]],[[1158]],[[1159]],[[1166]],[[1160]],[[-2020,-2973,-2972,3018,3019,3020,3021,3022,3023,3024,3025,3026,3027,3028,3029,3030,3031,3032,3033,3034,3035,3036,3037,3038,3039,3040,3041,3042,3043,3044,3045,3046,3047,3048,3049,3050,3051,3052,3053,3054,3055,3056,3057,3058,3059,3060,3061,3062,3063,3064,3065,3066,3067,3068,3069,3070,3071,3072,3073,3074,3075,3076,3077,3078,3079,3080,3081,3082,3083,3084,3085,3086,3087,3088,3089,3090,3091,3092,3093,3094,3095,3096,3097,3098,3099,3100,3101,3102,3103,3104,3105,3106,3107,3108,3109,3110,3111,3112,3113,3114,3115,3116,3117,3118,3119,3120,3121,3122,3123,3124,3125,3126,3127,3128,3129,3130,3131,3132,3133,3134,3135,3136,3137,3138,3139,3140,3141,3142,3143,3144,3145,3146,3147,3148,3149,3150,3151,3152,3153,3154,3155,3156,3157,3158,3159,3160,3161,3162,3163,3164,3165,3166,3167,3168,3169,3170,3171,3172,3173,3174,3175,3176,3177,3178,3179,3180,3181,3182,3183,3184,3185,3186,3187,3188,3189,3190,3191,3192,3193,3194,3195,3196,3197,3198,3199,3200,3201,3202,3203,3204,3205,3206,3207,3208,3209,3210,3211,3212,3213,3214,3215,3216,3217]],[[1167]],[[1168]],[[1169]],[[1170]],[[1161]],[[1165]],[[3218]],[[1164]],[[3219]],[[1162]],[[1163]],[[1177,1178,1179,1180,1181,1182,1183,1184,1185,1186,1174,-1157,1171,1073,3220,1075,3221,3222,1078,3223,3224,1081,3225,1083,3226,3227,1086,3228,3229,3230,1090,3231,1092,3232,3233,1095,3234,3235,1098,3236,3237,1101,3238,1103,1104,-1134,-1022,-1021,-1115,-1114,-1113,-1112,-1111,-1110,-1109,-1108,-1255,-1254,-1253,3239,3240,1259,3241]]],"type":"MultiPolygon","properties":{"n":"Turkey (Ottoman Empire)","s":19121018,"e":19121231}},{"arcs":[[[2973]],[[2974]],[[2975,2976,2977,2978]],[[2979,2980]],[[2981]],[[1228,2982,2983,2984,1232,2985,1234,2986,1236,2987,1238,2988,1240,2989,1242,2990,1244,2991,1246,2992,1187,2993,1189,2994,2995,1192,2996,1194,2997,1196,2998,2999,1199,3000,1201,3001,1203,3002,1205,3003,1207,3004,1209,3005,3006,3007,3008,3009,3010,1216,3011,1218,3012,1220,3013,3014,3015,1224,3016,1226,3017]],[[1158]],[[1159]],[[1166]],[[1160]],[[-2020,-2973,-2972,3018,3019,3020,3021,3022,3023,3024,3025,3026,3027,3028,3029,3030,3031,3032,3033,3034,3035,3036,3037,3038,3039,3040,3041,3042,3043,3044,3045,3046,3047,3048,3049,3050,3051,3052,3053,3054,3055,3056,3057,3058,3059,3060,3061,3062,3063,3064,3065,3066,3067,3068,3069,3070,3071,3072,3073,3074,3075,3076,3077,3078,3079,3080,3081,3082,3083,3084,3085,3086,3087,3088,3089,3090,3091,3092,3093,3094,3095,3096,3097,3098,3099,3100,3101,3102,3103,3104,3105,3106,3107,3108,3109,3110,3111,3112,3113,3114,3115,3116,3117,3118,3119,3120,3121,3122,3123,3124,3125,3126,3127,3128,3129,3130,3131,3132,3133,3134,3135,3136,3137,3138,3139,3140,3141,3142,3143,3144,3145,3146,3147,3148,3149,3150,3151,3152,3153,3154,3155,3156,3157,3158,3159,3160,3161,3162,3163,3164,3165,3166,3167,3168,3169,3170,3171,3172,3173,3174,3175,3176,3177,3178,3179,3180,3181,3182,3183,3184,3185,3186,3187,3188,3189,3190,3191,3192,3193,3194,3195,3196,3197,3198,3199,3200,3201,3202,3203,3204,3205,3206,3207,3208,3209,3210,3211,3212,3213,3214,3215,3216,3217]],[[1167]],[[1168]],[[1169]],[[1170]],[[1161]],[[1165]],[[3218]],[[1164]],[[3219]],[[1162]],[[1163]],[[1177,1178,1179,1180,1181,1182,1183,1184,1185,1186,1174,-1157,1171,-1073,-1072,-1071,-1070,-1069,-1134,-1022,-1021,-1115,-1114,-1113,-1112,-1111,-1110,-1109,-1108,-1255,-1254,-1253,3239,3240,1259,3241]]],"type":"MultiPolygon","properties":{"n":"Turkey (Ottoman Empire)","s":19130101,"e":19130529}},{"arcs":[[[2975,2976,2977,2978]],[[2979,2980]],[[2973]],[[2974]],[[3219]],[[-2020,-2973,-2972,3018,3019,3020,3021,3022,3023,3024,3025,3026,3027,3028,3029,3030,3031,3032,3033,3034,3035,3036,3037,3038,3039,3040,3041,3042,3043,3044,3045,3046,3047,3048,3049,3050,3051,3052,3053,3054,3055,3056,3057,3058,3059,3060,3061,3062,3063,3064,3065,3066,3067,3068,3069,3070,3071,3072,3073,3074,3075,3076,3077,3078,3079,3080,3081,3082,3083,3084,3085,3086,3087,3088,3089,3090,3091,3092,3093,3094,3095,3096,3097,3098,3099,3100,3101,3102,3103,3104,3105,3106,3107,3108,3109,3110,3111,3112,3113,3114,3115,3116,3117,3118,3119,3120,3121,3122,3123,3124,3125,3126,3127,3128,3129,3130,3131,3132,3133,3134,3135,3136,3137,3138,3139,3242,3141,3142,3143,3144,3145,3146,3147,3148,3149,3150,3151,3152,3153,3154,3155,3156,3157,3158,3159,3160,3161,3162,3163,3164,3165,3166,3167,3168,3169,3170,3171,3172,3173,3174,3175,3176,3177,3178,3179,3180,3181,3182,3183,3184,3185,3186,3187,3188,3189,3190,3191,3192,3193,3194,3195,3196,3197,3198,3199,3200,3201,3202,3203,3204,3205,3206,3207,3208,3209,3210,3211,3212,3213,3214,3215,3216,3217]],[[2981]],[[1228,2982,2983,2984,1232,2985,1234,2986,1236,2987,1238,2988,1240,2989,1242,2990,1244,2991,1246,2992,1187,2993,1189,2994,2995,1192,2996,1194,2997,1196,2998,2999,1199,3000,1201,3001,1203,3002,1205,3003,1207,3004,1209,3005,3006,3007,3008,3009,3010,1216,3011,1218,3012,1220,3013,3014,3015,1224,3016,1226,3017]],[[3218]],[[-1177,-1262,-1254,-1261,3241]]],"type":"MultiPolygon","properties":{"n":"Turkey (Ottoman Empire)","s":19130530,"e":19141102}},{"arcs":[[[3219]],[[2975,2976,2977,2978]],[[2979,2980]],[[2973]],[[2974]],[[-2020,-2973,-2972,3018,3019,3020,3021,3022,3023,3024,3025,3026,3243,3095,3096,3097,3098,3099,3100,3101,3102,3103,3104,3105,3244,3107,3108,3109,3110,3111,3112,3113,3114,3115,3116,3117,3118,3119,3120,3121,3122,3123,3124,3125,3126,3127,3128,3129,3130,3131,3132,3133,3134,3135,3136,3137,3138,3139,3242,3141,3142,3143,3144,3145,3146,3147,3148,3149,3150,3151,3152,3153,3154,3155,3156,3157,3158,3159,3160,3161,3162,3163,3164,3165,3166,3167,3168,3169,3170,3171,3172,3173,3174,3175,3176,3177,3178,3179,3180,3181,3182,3183,3184,3185,3186,3187,3188,3189,3190,3191,3192,3193,3194,3195,3196,3197,3198,3199,3200,3201,3202,3203,3204,3205,3206,3207,3208,3209,3210,3211,3212,3213,3214,3215,3216,3217]],[[3218]],[[-1177,-1262,-1254,-1261,3241]]],"type":"MultiPolygon","properties":{"n":"Turkey (Ottoman Empire)","s":19141103,"e":19180302}},{"arcs":[[[3219]],[[2975,2976,2977,2978]],[[2979,2980]],[[2973]],[[2974]],[[2020,-2146,-2145,-2144,2018,-2973,-2972,3018,3019,3020,3021,3022,3023,3024,3025,3026,3243,3095,3096,3097,3098,3099,3100,3101,3102,3103,3104,3105,3244,3107,3108,3109,3110,3111,3112,3113,3114,3115,3116,3117,3118,3119,3120,3121,3122,3123,3124,3125,3126,3127,3128,3129,3130,3131,3132,3133,3134,3135,3136,3137,3138,3139,3242,3141,3142,3143,3144,3145,3146,3147,3148,3149,3150,3151,3152,3153,3154,3155,3156,3157,3158,3159,3160,3161,3162,3163,3164,3165,3166,3167,3168,3169,3170,3171,3172,3173,3174,3175,3176,3177,3178,3179,3180,3181,3182,3183,3184,3185,3186,3187,3188,3189,3190,3191,3192,3193,3194,3195,3196,3197,3198,3199,3200,3201,3202,3203,3204,3205,3206,3207,3208,3209,3210,3211,3212,3213,3214,3215,3216,3217]],[[3218]],[[-1177,-1262,-1254,-1261,3241]]],"type":"MultiPolygon","properties":{"n":"Turkey (Ottoman Empire)","s":19180303,"e":19181029}},{"arcs":[[[2975,2976,2977,2978]],[[2979,2980]],[[3219]],[[2020,-2146,-2145,-2144,2018,-2973,-2972,3018,3019,3020,3021,3022,3023,3024,3025,3026,3243,3095,3096,3097,3098,3245,3108,3109,3110,3111,3112,3113,3114,3115,3116,3117,3118,3119,3120,3121,3122,3123,3124,3125,3126,3127,3128,3129,3130,3131,3132,3133,3134,3135,3136,3137,3138,3139,3242,3141,3142,3143,3144,3145,3146,3147,3148,3149,3150,3151,3152,3153,3154,3155,3156,3157,3158,3159,3160,3161,3162,3163,3164,3165,3166,3167,3168,3169,3170,3171,3172,3173,3174,3175,3176,3177,3178,3179,3180,3181,3182,3183,3184,3185,3186,3187,3188,3189,3190,3191,3192,3193,3194,3195,3196,3197,3198,3199,3200,3201,3202,3203,3204,3205,3206,3207,3208,3209,3210,3211,3212,3213,3214,3215,3216,3217]],[[3218]],[[-1177,-1262,-1254,-1261,3241]]],"type":"MultiPolygon","properties":{"n":"Turkey (Ottoman Empire)","s":19181030,"e":19200425}},{"arcs":[[[3219]],[[2020,-2146,-2145,-2144,2018,-2973,3246,3247,3216,3217]],[[-1177,-1262,-1254,-1261,3241]],[[3218]]],"type":"MultiPolygon","properties":{"n":"Turkey (Ottoman Empire)","s":19200426,"e":19231013}},{"arcs":[[[3219]],[[2020,-2146,-2145,-2144,2018,-2973,3246,3247,3216,3217]],[[-1177,-1262,-1254,-1261,3241]],[[3218]]],"type":"MultiPolygon","properties":{"n":"Turkey (Ottoman Empire)","s":19231014,"e":20191231}},{"arcs":[[-2972,3018,3248,3249,3250,3022,3251,3024,3252,3026,3243,3095,3253,-3247]],"type":"Polygon","properties":{"n":"Iraq","s":19200426,"e":19201223}},{"arcs":[[-2972,3018,3248,3249,3250,3022,3251,3024,3252,3026,3243,3254,3255,3256,3257,3253,-3247]],"type":"Polygon","properties":{"n":"Iraq","s":19201224,"e":19221201}},{"arcs":[[-2972,3018,3248,3249,3250,3022,3251,3024,3252,3026,3243,3254,3255,3256,3257,3253,-3247]],"type":"Polygon","properties":{"n":"Iraq","s":19221202,"e":19320922}},{"arcs":[[-2972,3018,3248,3249,3250,3022,3251,3024,3252,3026,3243,3254,3255,3256,3257,3253,-3247]],"type":"Polygon","properties":{"n":"Iraq","s":19320923,"e":19321002}},{"arcs":[[-2972,3018,3248,3249,3250,3022,3251,3024,3252,3026,3243,3254,3255,3256,3257,3253,-3247]],"type":"Polygon","properties":{"n":"Iraq","s":19321003,"e":20191231}},{"arcs":[[3258,-3177,-3176,3259,-3174,3260,3261,-3172,-3171,3262,3263,2960,-2843,3264,3265,-2964,3266,3267,3268,-2953,-2952,3269]],"type":"Polygon","properties":{"n":"Egypt","s":18860101,"e":18990118}},{"arcs":[[3258,-3177,-3176,3259,-3174,3260,3261,-3172,-3171,3262,3263,-2966,-2965,-2964,-2963,-2962,2958,-2742,-2954,-2953,-2952,3269]],"type":"Polygon","properties":{"n":"Egypt","s":18990119,"e":19141217}},{"arcs":[[3258,-3177,-3176,3259,-3174,3260,3261,-3172,-3171,3262,3263,-2966,-2965,-2964,-2963,-2962,2958,-2742,-2954,-2953,-2952,3269]],"type":"Polygon","properties":{"n":"Egypt","s":19141218,"e":19220227}},{"arcs":[[3258,-3177,-3176,3259,-3174,3260,3261,-3172,-3171,3262,3263,-2966,-2965,-2964,-2963,-2962,2958,-2742,-2954,-2953,-2952,3269]],"type":"Polygon","properties":{"n":"Egypt","s":19220228,"e":19251205}},{"arcs":[[3258,-3177,-3176,3259,-3174,3260,3261,-3172,-3171,3262,3263,-2966,-2965,-2964,-2963,-2962,-2958,-2957,-2952,3269]],"type":"Polygon","properties":{"n":"Egypt","s":19251206,"e":19670609}},{"arcs":[[3270,3263,-2966,-2965,-2964,-2963,-2962,-2958,-2957,-2952,3269]],"type":"Polygon","properties":{"n":"Egypt","s":19670610,"e":19790525}},{"arcs":[[3258,-3177,-3176,3259,-3174,3260,3261,-3172,-3171,3262,3263,-2966,-2965,-2964,-2963,-2962,-2958,-2957,-2952,3269]],"type":"Polygon","properties":{"n":"Egypt","s":19790526,"e":20191231}},{"arcs":[[-3254,3096,3271,3272,3273,3274,3275,3276,3277,3208,3278,3279,3211,3280,3213,3281,3215,-3248]],"type":"Polygon","properties":{"n":"Syria","s":19200426,"e":19201223}},{"arcs":[[-3254,-3258,3282,3271,3272,3273,3274,3275,3276,3277,3208,3278,3279,3211,3280,3213,3281,3215,-3248]],"type":"Polygon","properties":{"n":"Syria","s":19201224,"e":19221201}},{"arcs":[[-3254,-3258,3282,3271,3272,3273,3274,3275,3276,3277,3208,3278,3279,3211,3280,3213,3281,3215,-3248]],"type":"Polygon","properties":{"n":"Syria","s":19221202,"e":19451231}},{"arcs":[[-3254,-3258,3282,3271,3272,3273,3274,3275,3276,3277,3208,3278,3279,3211,3280,3213,3281,3215,-3248]],"type":"Polygon","properties":{"n":"Syria","s":19460101,"e":19670609}},{"arcs":[[-3254,-3258,3282,3271,3283,3275,3276,3277,3208,3278,3279,3211,3280,3213,3281,3215,-3248]],"type":"Polygon","properties":{"n":"Syria","s":19670610,"e":20191231}},{"arcs":[[-3275,3284,3185,3285,3187,3286,3287,3190,3288,3289,3290,3291,3292,3293,3197,3294,3295,3296,3201,3297,3203,3298,3299,3300,3207,-3278,3301,-3276]],"type":"Polygon","properties":{"n":"Lebanon","s":19200426,"e":19201223}},{"arcs":[[-3275,3284,3185,3285,3187,3286,3287,3190,3288,3289,3290,3291,3292,3293,3197,3294,3295,3296,3201,3297,3203,3298,3299,3300,3207,-3278,3301,-3276]],"type":"Polygon","properties":{"n":"Lebanon","s":19201224,"e":19441121}},{"arcs":[[-3275,3284,3185,3285,3187,3286,3287,3190,3288,3289,3290,3291,3292,3293,3197,3294,3295,3296,3201,3297,3203,3298,3299,3300,3207,-3278,3301,-3276]],"type":"Polygon","properties":{"n":"Lebanon","s":19441122,"e":20191231}},{"arcs":[[3302,3165,3303,3304,3168,3305,3306,3307,-3273,-3272,3097]],"type":"Polygon","properties":{"n":"Jordan","s":19200426,"e":19201223}},{"arcs":[[3302,3165,3303,3304,3168,3305,3306,3307,-3273,-3272,3097]],"type":"Polygon","properties":{"n":"Jordan","s":19201224,"e":19230928}},{"arcs":[[3308,3302,3165,3303,3304,3168,3305,3306,3307,-3273,-3272,-3283,-3257]],"type":"Polygon","properties":{"n":"Jordan","s":19230929,"e":19251101}},{"arcs":[[3308,3302,3165,3303,3304,3168,3305,3306,3307,-3273,-3272,-3283,-3257]],"type":"Polygon","properties":{"n":"Jordan","s":19251102,"e":19460524}},{"arcs":[[3308,3302,3165,3303,3304,3168,3305,3306,3307,-3273,-3272,-3283,-3257]],"type":"Polygon","properties":{"n":"Jordan","s":19460525,"e":20191231}},{"arcs":[[-3274,-3308,-3307,-3306,3169,3309,3310,3311,3173,3174,3312,3176,3177,3178,3313,3180,3314,3182,3315,3184,-3285]],"type":"Polygon","properties":{"n":"Palestine","s":19200426,"e":19201223}},{"arcs":[[-3274,-3308,-3307,-3306,3169,3309,3310,3311,3173,3174,3312,3176,3177,3178,3313,3180,3314,3182,3315,3184,-3285]],"type":"Polygon","properties":{"n":"Palestine","s":19201224,"e":19230928}},{"arcs":[[-3274,-3308,-3307,-3306,3169,3309,3310,3311,3173,3174,3312,3176,3177,3178,3313,3180,3314,3182,3315,3184,-3285]],"type":"Polygon","properties":{"n":"Palestine","s":19230929,"e":19480513}},{"arcs":[[-3274,-3308,3316,-3306,3169,3309,3310,3317,3318,3173,3174,3319,3178,3313,3180,3314,3182,3315,3184,-3285]],"type":"Polygon","properties":{"n":"Israel","s":19480514,"e":19670609}},{"arcs":[[-3284,3272,-3308,-3307,-3306,3169,3262,-3271,3258,3177,3178,3313,3180,3314,3182,3315,3184,-3285,3274]],"type":"Polygon","properties":{"n":"Israel","s":19670610,"e":19790525}},{"arcs":[[-3284,3272,-3308,-3307,-3306,3169,3309,3310,3317,3318,3173,3174,3312,3176,3177,3178,3313,3180,3314,3182,3315,3184,-3285,3274]],"type":"Polygon","properties":{"n":"Israel","s":19790526,"e":20191231}},{"arcs":[[[3320,2976,3321,2978]],[[3322,2980]],[[3133,3323,3324,3136,3325,3326,3139,3242,3141,3327,3143,3328,3145,3329,3147,3330,3149,3331,3151,3332,3333,3334,3155,3335,3157,3336,3337,3160,3338,3162,3339,3164,-3303,-3309,-3256,3340,3341,3054,3342,3343,3057,3344,3345,3060,3346,3062,3347,3064,3348,3066,3349,3350,3351,3352,3071,3353,3354,3074,3355,3356,3077,3357,3079,3358,3081,3359,3083,3360,3085,3361,3087,3362,3363,3090,3364,3092,3365,3366,3367,3368,3369,3370,3371,3372,3373,3245,3108,3374,3110,3375,3112,3376,3377,3115,3378,3117,3379,3119,3380,3121,3381,3382,3124,3383,3384,3127,3385,3386,3130,3387,3132]]],"type":"MultiPolygon","properties":{"n":"Saudi Arabia","s":19320923,"e":19341231}},{"arcs":[[[3320,2976,3321,2978]],[[3322,2980]],[[3133,3323,3324,3136,3325,3326,3139,3242,3141,3327,3143,3328,3145,3329,3147,3330,3149,3331,3151,3332,3333,3334,3155,3335,3157,3336,3337,3160,3338,3162,3339,3164,-3303,-3309,-3256,3340,3341,3054,3342,3343,3057,3344,3345,3060,3346,3062,3347,3064,3348,3066,3349,3350,3351,3352,3071,3353,3354,3074,3355,3356,3077,3357,3079,3358,3081,3359,3083,3360,3085,3361,3087,3362,3363,3090,3364,3092,3365,3366,3367,3368,3369,3370,3371,3372,3373,3245,3108,3374,3110,3375,3112,3376,3377,3115,3378,3117,3379,3119,3380,3121,3381,3382,3124,3383,3384,3127,3385,3386,3130,3387,3132]]],"type":"MultiPolygon","properties":{"n":"Saudi Arabia","s":19350101,"e":20000611}},{"arcs":[[[3320,2976,3321,2978]],[[3322,2980]],[[3133,3323,3324,3136,3325,3326,3139,3242,3141,3327,3143,3328,3145,3329,3147,3330,3149,3331,3151,3332,3333,3334,3155,3335,3157,3336,3337,3160,3338,3162,3339,3164,-3303,-3309,-3256,3340,3341,3054,3342,3343,3057,3344,3345,3060,3346,3062,3347,3064,3348,3066,3349,3350,3351,3352,3071,3353,3354,3074,3355,3356,3077,3357,3079,3358,3081,3359,3083,3360,3085,3361,3087,3362,3363,3090,3364,3092,3365,3366,3367,3368,3369,3388,3373,3245,3108,3374,3110,3375,3112,3376,3377,3115,3378,3117,3379,3119,3380,3121,3381,3382,3124,3383,3384,3127,3385,3386,3130,3387,3132]]],"type":"MultiPolygon","properties":{"n":"Saudi Arabia","s":20000612,"e":20191231}},{"arcs":[[[2973]],[[2974]],[[-3374,-3373,3389,3100,3101,3390,3103,3391,3105,3244,3107,-3246]]],"type":"MultiPolygon","properties":{"n":"Yemen (Arab Republic of Yemen)","s":19181030,"e":19340613}},{"arcs":[[[2973]],[[2974]],[[-3374,-3373,3389,3100,3101,3390,3103,3391,3105,3244,3107,-3246]]],"type":"MultiPolygon","properties":{"n":"Yemen (Arab Republic of Yemen)","s":19340614,"e":19900521}},{"arcs":[[[3392]],[[3393]],[[2973]],[[2974]],[[3394,3395,3396,3397,3398,3399,3101,3390,3103,3391,3105,3244,3107,-3246,-3374,-3373,-3372,-3371,3400,3401]]],"type":"MultiPolygon","properties":{"n":"Yemen (Arab Republic of Yemen)","s":19900522,"e":20000611}},{"arcs":[[[3392]],[[3393]],[[2973]],[[2974]],[[3401,3394,3395,3402,3397,3403,3399,3101,3390,3103,3391,3105,3244,3107,-3246,-3374,-3389,3400]]],"type":"MultiPolygon","properties":{"n":"Yemen (Arab Republic of Yemen)","s":20000612,"e":20191231}},{"arcs":[[[3392]],[[3393]],[[3394,3395,3396,3397,3398,3399,-3101,-3390,-3372,-3371,3400,3401]]],"type":"MultiPolygon","properties":{"n":"Yemen, People's Republic of","s":19671130,"e":19900521}},{"arcs":[[3395,3396,3397,3398,3399,-3101,-3390,-3372,3404]],"type":"Polygon","properties":{"n":"Aden","s":19370401,"e":19620403}},{"arcs":[[[2981]],[[3035,3405,3037,3406,3039,3407,3408,3409,3410,3411,3412,3046,3413,3414,3049,3415,3416,3052,3417,-3342,-3341,-3255,-3244,3027,3418,3029,3419,3031,3420,3033,3421]]],"type":"MultiPolygon","properties":{"n":"Kuwait","s":19610619,"e":20191231}},{"arcs":[[3422]],"type":"Polygon","properties":{"n":"Bahrain","s":19710815,"e":20191231}},{"arcs":[[-3367,3423]],"type":"Polygon","properties":{"n":"Qatar","s":19161103,"e":19710902}},{"arcs":[[-3367,3423]],"type":"Polygon","properties":{"n":"Qatar","s":19710903,"e":20191231}},{"arcs":[[[3424]],[[3425]],[[3426,3427,3428,-3369,3429]]],"type":"MultiPolygon","properties":{"n":"United Arab Emirates","s":18920308,"e":19130728}},{"arcs":[[[3424]],[[3425]],[[3426,3427,3428,-3369,3429]]],"type":"MultiPolygon","properties":{"n":"United Arab Emirates","s":19130729,"e":19711201}},{"arcs":[[[3424]],[[3425]],[[3426,3427,3428,-3369,3429]]],"type":"MultiPolygon","properties":{"n":"United Arab Emirates","s":19711202,"e":20191231}},{"arcs":[[[3430]],[[3431,-3401,-3370,-3429]],[[-3427,3432]]],"type":"MultiPolygon","properties":{"n":"Oman","s":18860101,"e":19900222}},{"arcs":[[[3430]],[[3431,-3401,-3370,-3429]],[[-3427,3432]]],"type":"MultiPolygon","properties":{"n":"Oman","s":19900223,"e":20191231}},{"arcs":[[-1788,-2159,-2162,-2161,-2160,-1767,3433,3434,3435,3436,3437,3438,-2969]],"type":"Polygon","properties":{"n":"Afghanistan","s":18860101,"e":18881230}},{"arcs":[[-1788,-2159,-2162,-2161,-2160,-1767,3433,3434,3435,3436,3437,3438,-2969]],"type":"Polygon","properties":{"n":"Afghanistan","s":18881231,"e":18931111}},{"arcs":[[-1767,3439,3440,3441,3436,3442,3438,-2969,-1788,-2159,-2162,-2161,-2160]],"type":"Polygon","properties":{"n":"Afghanistan","s":18931112,"e":19190430}},{"arcs":[[-1767,3439,3440,3441,3436,3442,3438,-2969,-1788,-2159,-2162,-2161,-2160]],"type":"Polygon","properties":{"n":"Afghanistan","s":19190501,"e":20191231}},{"arcs":[[2189,2190,-1781,2191,-1779,2192,2154,2193,2194,2195,2161,2158,1787,1788,1789,3443,3444,1792,3445,3446,1795,3447,1797,3448,1799,3449,3450,1802,3451,1804,3452,3453,1807,3454,1809,3455,1811,3456,3457,1814,3458,1816,3459,3460,1819,3461,3462,1822,3463,1824,3464,3465,1827,3466,1829,3467,3468,1832,3469,3470,3471,3472,3473,1838,3474,3475,1841,3476,1843,3477,3478,3479,3480,1848,3481,3482,1851,3483,1853,3484,3485,1856,3486,1858,3487,1860,3488,1862,3489,1864,3490,1866,3491,1868,3492,1870,3493,3494,1873,3495,1875,3496,3497,1878,3498,3499,3500,1882,3501,3502,1885,3503,1887,3504,1889,-2208,2185,2186,2187,2188]],"type":"Polygon","properties":{"n":"Turkmenistan","s":19911027,"e":20191231}},{"arcs":[[2174,-1773,2175,2176,2177,2178,2179,1764,1765,1766,2159,2180,1774,2181,2182]],"type":"Polygon","properties":{"n":"Tajikistan","s":19910906,"e":20191231}},{"arcs":[[1763,-2180,-2179,-2178,-2177,-2176,1772,-2175,3505,-2184]],"type":"Polygon","properties":{"n":"Kyrgyz Republic","s":19910901,"e":20191231}},{"arcs":[[-3506,-2183,-2182,-1775,-2181,2160,-2196,-2195,-2194,-2155,-2193,1778,-2192,1780,-2191,-2190,-2189,-2188,-2187,-2186,-2185]],"type":"Polygon","properties":{"n":"Uzbekistan","s":19910901,"e":20191231}},{"arcs":[[1762,2183,2184,2207,1890,3506,1892,3507,1894,3508,3509,1897,3510,1899,3511,3512,1902,3513,3514,1905,3515,3516,1908,3517,3518,3519,1912,3520,1914,3521,1916,3522,1918,3523,3524,1921,3525,3526,3527,3528,1926,3529,3530,3531,3532,1931,3533,1933,3534,1935,3535,3536,3537,1939,3538,3539,3540,3541,1944,3542,3543,1947,3544,3545,1950,3546,3547,1953,3548,1955,3549,3550,3551,1959,3552,1961,3553,1963,3554,3555,1966,3556,1968,3557,1970,3558,1972,3559,3560,1975,-2210]],"type":"Polygon","properties":{"n":"Kazakhstan","s":19911226,"e":19971209}},{"arcs":[[1762,2183,2184,2207,1890,3506,1892,3507,1894,3508,3509,1897,3510,1899,3511,3512,1902,3513,3514,1905,3515,3516,1908,3517,3518,3519,1912,3520,1914,3521,1916,3522,1918,3523,3524,1921,3525,3526,3527,3528,1926,3529,3530,3531,3532,1931,3533,1933,3534,1935,3535,3536,3537,1939,3538,3539,3540,3541,1944,3542,3543,1947,3544,3545,1950,3546,3547,1953,3548,1955,3549,3550,3551,1959,3552,1961,3553,1963,3554,3555,1966,3556,1968,3557,1970,3558,1972,3559,3560,1975,-2210]],"type":"Polygon","properties":{"n":"Kazakhstan","s":19971210,"e":20191231}},{"arcs":[[[3561]],[[3562]],[[3563]],[[3564]],[[3565]],[[3566]],[[3567]],[[3568]],[[3569,3570,3571,3572,3573,3574,3575,3576,3577,3578,3579,3580,3581,3582,-1765,-1764,-1763,-1762,-1761,-1760,-1759,-1758,3583,3584]],[[3585]],[[3586]],[[3587]],[[3588]],[[3589]],[[3590]],[[3591]],[[3592,3593,3594,3595,3596,3597,3598,3599,3600,3601,3602,3603,3604,3605,3606,3607,3608,3609,3610,3611,3612,3613,3614,3615,3616,3617,3618,3619,3620,3621,3622,3623,3624,3625,3626,3627,3628,3629,3630,3631,3632,3633,3634,3635,3636,3637,3638,3639,3640,3641,3642]],[[3643]],[[3644]],[[3645]]],"type":"MultiPolygon","properties":{"n":"China","s":18860101,"e":18950416}},{"arcs":[[[3561]],[[3562]],[[3564]],[[3565]],[[3566]],[[3563]],[[3567]],[[3568]],[[3569,3570,3571,3572,3573,3574,3575,3576,3577,3578,3579,3580,3581,3582,-1765,-1764,-1763,-1762,-1761,-1760,-1759,-1758,3583,3584]],[[3585]],[[3586]],[[3587]],[[3588]],[[3589]],[[3590]],[[3591]],[[3643]],[[3644]],[[3645]]],"type":"MultiPolygon","properties":{"n":"China","s":18950417,"e":18981231}},{"arcs":[[[3561]],[[3562]],[[3564]],[[3565]],[[3566]],[[3563]],[[3567]],[[3568]],[[3569,3570,3571,3572,3573,3574,3575,3576,3577,3578,3579,3580,3581,3582,-1765,-1764,-1763,-1762,-1761,-1760,-1759,-1758,3583,3584]],[[3585]],[[3586]],[[3587]],[[3588]],[[3589]],[[3590]],[[3591]],[[3643]],[[3644]],[[3645]]],"type":"MultiPolygon","properties":{"n":"China","s":18990101,"e":19121231}},{"arcs":[[[3561]],[[3562]],[[3564]],[[3565]],[[3566]],[[3563]],[[3567]],[[3568]],[[3569,3570,3571,3646,3582,-1765,-1764,-1763,-1762,-1761,-1760,-1759,-1758,3583,3584]],[[3585]],[[3586]],[[3587]],[[3588]],[[3589]],[[3590]],[[3591]],[[3643]],[[3644]],[[3645]]],"type":"MultiPolygon","properties":{"n":"China","s":19130101,"e":19140416}},{"arcs":[[[3561]],[[3562]],[[3564]],[[3565]],[[3566]],[[3563]],[[3567]],[[3568]],[[3569,3570,3571,3646,3582,-1765,-1764,-1763,-1762,-1761,-2137,-1759,-1758,3583,3584]],[[3585]],[[3586]],[[3587]],[[3588]],[[3589]],[[3590]],[[3591]],[[3643]],[[3644]],[[3645]]],"type":"MultiPolygon","properties":{"n":"China","s":19140417,"e":19210312}},{"arcs":[[[3561]],[[3562]],[[3564]],[[3565]],[[3566]],[[3563]],[[3567]],[[3568]],[[3569,3570,3571,3646,3582,-1765,-1764,-1763,-1762,3647,-1758,3583,3584]],[[3585]],[[3586]],[[3587]],[[3588]],[[3589]],[[3590]],[[3591]],[[3643]],[[3644]],[[3645]]],"type":"MultiPolygon","properties":{"n":"China","s":19210313,"e":19450814}},{"arcs":[[[3561]],[[3562]],[[3563]],[[3564]],[[3565]],[[3566]],[[3567]],[[3568]],[[3569,3570,3571,3646,3582,-1765,-1764,-1763,-1762,3647,-1758,3583,3584]],[[3585]],[[3586]],[[3587]],[[3588]],[[3589]],[[3590]],[[3591]],[[3592,3593,3594,3595,3596,3597,3598,3599,3600,3601,3602,3603,3604,3605,3606,3607,3608,3609,3610,3611,3612,3613,3614,3615,3616,3617,3618,3619,3620,3621,3622,3623,3624,3625,3626,3627,3628,3629,3630,3631,3632,3633,3634,3635,3636,3637,3638,3639,3640,3641,3642]],[[3643]],[[3644]],[[3645]]],"type":"MultiPolygon","properties":{"n":"China","s":19450815,"e":19470814}},{"arcs":[[[3561]],[[3562]],[[3563]],[[3564]],[[3565]],[[3566]],[[3567]],[[3568]],[[3569,3570,3571,3646,-3582,3648,3649,3650,-3440,-1766,-1765,-1764,-1763,-1762,3647,-1758,3583,3584]],[[3585]],[[3586]],[[3587]],[[3588]],[[3589]],[[3590]],[[3591]],[[3592,3593,3594,3595,3596,3597,3598,3599,3600,3601,3602,3603,3604,3605,3606,3607,3608,3609,3610,3611,3612,3613,3614,3615,3616,3617,3618,3619,3620,3621,3622,3623,3624,3625,3626,3627,3628,3629,3630,3631,3632,3633,3634,3635,3636,3637,3638,3639,3640,3641,3642]],[[3643]],[[3644]],[[3645]]],"type":"MultiPolygon","properties":{"n":"China","s":19470815,"e":19491207}},{"arcs":[[[3561]],[[3562]],[[3564]],[[3565]],[[3566]],[[3563]],[[3567]],[[3568]],[[3569,3570,3571,3646,-3582,3648,3649,3650,-3440,-1766,-1765,-1764,-1763,-1762,3647,-1758,3583,3584]],[[3585]],[[3586]],[[3587]],[[3588]],[[3589]],[[3590]],[[3591]],[[3643]],[[3644]],[[3645]]],"type":"MultiPolygon","properties":{"n":"China","s":19491208,"e":19501001}},{"arcs":[[[3561]],[[3562]],[[3564]],[[3565]],[[3566]],[[3563]],[[3567]],[[3568]],[[3569,3570,3571,3572,3573,3651,3576,3577,3578,3579,3580,3648,3649,3650,-3440,-1766,-1765,-1764,-1763,-1762,3647,-1758,3583,3584]],[[3585]],[[3586]],[[3587]],[[3588]],[[3589]],[[3590]],[[3591]],[[3643]],[[3644]],[[3645]]],"type":"MultiPolygon","properties":{"n":"China","s":19501002,"e":20191231}},{"arcs":[[3572,3573,3574,3575,3576,3577,3578,3579,3580,3581,-3647]],"type":"Polygon","properties":{"n":"Tibet","s":19130101,"e":19140702}},{"arcs":[[3572,3573,3651,3576,3577,3578,3579,3580,3581,-3647]],"type":"Polygon","properties":{"n":"Tibet","s":19140703,"e":19501001}},{"arcs":[[-3648,-1761,-2137,-1759]],"type":"Polygon","properties":{"n":"Mongolia","s":19210313,"e":20191231}},{"arcs":[[3652,3630,3653,3632,3654,3634,3655,3636,3656,3638,3657,3640,3658,3642,3659,3660,3594,3661,3596,3662,3598,3663,3600,3664,3602,3665,3604,3666,3667,3668,3608,3669,3610,3670,3612,3671,3614,3672,3616,3673,3674,3619,3675,3676,3622,3677,3624,3678,3626,3679,3628]],"type":"Polygon","properties":{"n":"Taiwan","s":18950417,"e":19450814}},{"arcs":[[3652,3630,3653,3632,3654,3634,3655,3636,3656,3638,3657,3640,3658,3642,3659,3660,3594,3661,3596,3662,3598,3663,3600,3664,3602,3665,3604,3666,3667,3668,3608,3669,3610,3670,3612,3671,3614,3672,3616,3673,3674,3619,3675,3676,3622,3677,3624,3678,3626,3679,3628]],"type":"Polygon","properties":{"n":"Taiwan","s":19491208,"e":20191231}},{"arcs":[[[3680]],[[3681]],[[3682]],[[3683]],[[3684]],[[3685]],[[3686,3687,3688,3689,3690,3691,3692,3693,3694,3695,3696,3697,3698,3699,3700,3701,3702,3703,3704,3705,3706,3707,3708,3709,3710,3711,3712,3713,3714,3715,3716,3717,3718,3719,3720,3721,3722,3723,3724,3725,3726,3727,3728,3729,3730,3731,3732,3733,3734,3735,3736,3737,3738,3739,3740,3741,3742,3743,3744,3745,3746,3747,3748,3749,3750,3751,3752,3753,3754,3755,3756,3757,3758,3759,3760,3761,-3584,-1757,3762,3763,3764,3765,3766,3767,3768,3769,3770,3771,3772,3773,3774,3775,3776,3777,3778,3779,3780,3781,3782,3783,3784,3785,3786,3787,3788,3789,3790,3791,3792,3793,3794,3795,3796,3797,3798,3799,3800,3801,3802,3803,3804,3805,3806,3807,3808,3809,3810,3811,3812,3813,3814,3815,3816,3817,3818,3819,3820,3821,3822,3823]]],"type":"MultiPolygon","properties":{"n":"Korea","s":18860101,"e":19100822}},{"arcs":[[[3680]],[[3681]],[[3682]],[[3683]],[[3684]],[[3685]],[[3686,3687,3688,3689,3690,3691,3692,3693,3694,3695,3696,3697,3698,3699,3700,3701,3702,3703,3704,3705,3706,3707,3708,3709,3710,3711,3712,3713,3714,3715,3716,3717,3718,3719,3720,3721,3722,3723,3724,3725,3726,3727,3728,3729,3730,3731,3732,3733,3734,3735,3736,3737,3738,3739,3740,3741,3742,3743,3744,3745,3746,3747,3748,3749,3750,3751,3752,3753,3754,3755,3756,3757,3758,3759,3760,3761,-3584,-1757,3762,3763,3764,3765,3766,3767,3768,3769,3770,3771,3772,3773,3774,3775,3776,3777,3778,3779,3780,3781,3782,3783,3784,3785,3786,3787,3788,3789,3790,3791,3792,3793,3794,3795,3796,3797,3798,3799,3800,3801,3802,3803,3804,3805,3806,3807,3808,3809,3810,3811,3812,3813,3814,3815,3816,3817,3818,3819,3820,3821,3822,3823]]],"type":"MultiPolygon","properties":{"n":"Korea","s":19100823,"e":19450814}},{"arcs":[[-1757,3762,3824,3764,3825,3826,3767,3827,3769,3828,3829,3830,3831,3832,3775,3833,3834,3778,3835,3836,3781,3837,3838,3784,3839,3786,3840,3841,3789,3842,3791,3843,3793,3844,3795,3845,3797,3846,3799,3847,3801,3848,3849,3804,3850,3851,3807,3852,3809,3853,3811,3854,3813,3855,3815,3856,3857,3858,3859,3860,3861,3822,3862,3863,3687,3864,3689,3865,3866,3867,3868,3694,3869,3870,3697,3871,3699,3872,3701,3873,3703,3874,3875,3876,3707,3877,3709,3878,3711,3879,3713,3880,3715,3881,3717,3882,3719,3883,3721,3884,3885,3886,3725,3887,3727,3888,3889,3890,3891,3892,3733,3893,3894,3895,3737,3896,3739,3897,3898,3899,3743,3900,3745,3901,3747,3902,3903,3750,3904,3752,3905,3906,3755,3907,3908,3909,3910,3911,3761,-3584]],"type":"Polygon","properties":{"n":"Korea, People's Republic of","s":19450815,"e":19480908}},{"arcs":[[-1757,3762,3824,3764,3825,3826,3767,3827,3769,3828,3829,3830,3831,3832,3775,3833,3834,3778,3835,3836,3781,3837,3838,3784,3839,3786,3840,3841,3789,3842,3791,3843,3793,3844,3795,3845,3797,3846,3799,3847,3801,3848,3849,3804,3850,3851,3807,3852,3809,3853,3811,3854,3813,3855,3815,3856,3857,3858,3859,3860,3861,3822,3862,3863,3687,3864,3689,3865,3866,3867,3868,3694,3869,3870,3697,3871,3699,3872,3701,3873,3703,3874,3875,3876,3707,3877,3709,3878,3711,3879,3713,3880,3715,3881,3717,3882,3719,3883,3721,3884,3885,3886,3725,3887,3727,3888,3889,3890,3891,3892,3733,3893,3894,3895,3737,3896,3739,3897,3898,3899,3743,3900,3745,3901,3747,3902,3903,3750,3904,3752,3905,3906,3755,3907,3908,3909,3910,3911,3761,-3584]],"type":"Polygon","properties":{"n":"Korea, People's Republic of","s":19480909,"e":20191231}},{"arcs":[[[3680]],[[3681]],[[3682]],[[3683]],[[3684]],[[3685]],[[-3863,3823]]],"type":"MultiPolygon","properties":{"n":"Korea, Republic of","s":19450815,"e":19480814}},{"arcs":[[[3680]],[[3681]],[[3682]],[[3683]],[[3684]],[[3685]],[[-3863,3823]]],"type":"MultiPolygon","properties":{"n":"Korea, Republic of","s":19480815,"e":20191231}},{"arcs":[[[3912]],[[3913]],[[3914]],[[3915]],[[3916]],[[3917]],[[3918]],[[3919]],[[3920]],[[3921]],[[3922]],[[3923]],[[3924]],[[3925]],[[3926]],[[3927]],[[3928]],[[3929]],[[3930]],[[3931]],[[3932]],[[3933]],[[3934]],[[3935]],[[3936]],[[3937]],[[3938]],[[3939]]],"type":"MultiPolygon","properties":{"n":"Japan","s":18860101,"e":20191231}},{"arcs":[[[3940,3941,3942,3943,3944,3945,3946,3947,3948,3949,3950,3951,3952,3953,3954,3955,3956,3957,3958,3959,3960,3961,3962,3963,3964,3965,3966,3967,3968,3969,3970,3971,3972,3973,3974,3975,3976,3977,3978,3979,3980,3981,3982,3983,3984,3985,3986,3987,3988,3989,3990,3991,3992,3993,3994,3995,3996,3997,3998,3999,4000,4001,4002,4003,4004,4005,4006,4007,-2970,-3439,-3438,-3437,-3436,-3435,-3434,-1766,-3583,-3582,-3581,-3580,4008,-3578,4009,-3575,-3574,-3573,-3572,4010,4011,4012,4013,4014,4015,4016,4017,4018,4019,4020,4021,4022,4023,4024,4025,4026,4027,4028,4029,4030,4031,4032,4033,4034,4035,4036,4037,4038,4039,4040,4041,4042,4043,4044,4045,4046,4047,4048,4049,4050,4051,4052,4053,4054,4055,4056,4057,4058,4059,4060,4061,4062,4063,4064,4065,4066,4067,4068,4069,4070,4071,4072,4073,4074,4075,4076,4077,4078,4079,4080,4081,4082,4083,4084,4085,4086,4087,4088,4089,4090,4091,4092,4093,4094,4095,4096,4097,4098,4099,4100,4101,4102,4103,4104,4105]],[[4106]],[[4107]],[[4108]],[[4109]],[[4110]],[[4111]],[[4112]],[[4113]],[[4114]],[[4115,4116,4117,4118,4119,4120]],[[4121]],[[4122,4123,4124,4125,4126,4127,4128]],[[4129]],[[4130]],[[4131]],[[4132]],[[4133]],[[4134]],[[4135]],[[4136]],[[4137]],[[4138]],[[4139]],[[4140]],[[4141]],[[4142]],[[4143]],[[4144]],[[4145]],[[4146]],[[4147]],[[4148]],[[4149]]],"type":"MultiPolygon","properties":{"n":"India","s":18860101,"e":18931111}},{"arcs":[[[4106]],[[4107]],[[4108]],[[4109]],[[4110]],[[4111]],[[4112]],[[4113]],[[4114]],[[4115,4116,4117,4118,4119,4120]],[[4121]],[[4122,4123,4124,4125,4126,4127,4128]],[[4129]],[[4130]],[[4131]],[[4132]],[[4133]],[[4134]],[[4135]],[[4087,4088,4089,4090,4091,4092,4093,4094,4095,4096,4097,4098,4099,4100,4101,4102,4103,4104,4105,3940,3941,3942,3943,3944,3945,3946,3947,3948,3949,3950,3951,3952,3953,3954,3955,3956,3957,3958,3959,3960,3961,3962,3963,3964,3965,3966,3967,3968,3969,3970,3971,3972,3973,3974,3975,3976,3977,3978,3979,3980,3981,3982,3983,3984,3985,3986,3987,3988,3989,3990,3991,3992,3993,3994,3995,3996,3997,3998,3999,4000,4001,4002,4003,4004,4005,4006,4007,-2970,-3439,-3443,-3437,-3442,-3441,-3440,-1766,-3583,-3582,-3581,-3580,4008,-3578,4009,-3575,-3574,-3573,-3572,4010,4011,4012,4013,4014,4015,4016,4017,4018,4019,4020,4021,4022,4023,4024,4025,4026,4027,4028,4029,4030,4031,4032,4033,4034,4035,4036,4037,4038,4039,4040,4041,4042,4043,4044,4045,4046,4047,4048,4049,4050,4051,4052,4053,4054,4055,4056,4057,4058,4059,4060,4061,4062,4063,4064,4065,4066,4067,4068,4069,4070,4071,4072,4073,4074,4075,4076,4077,4078,4079,4080,4081,4082,4083,4084,4085,4086]],[[4136]],[[4137]],[[4138]],[[4139]],[[4140]],[[4141]],[[4142]],[[4143]],[[4144]],[[4145]],[[4146]],[[4147]],[[4148]],[[4149]]],"type":"MultiPolygon","properties":{"n":"India","s":18931112,"e":18981231}},{"arcs":[[[4106]],[[4107]],[[4108]],[[4109]],[[4110]],[[4111]],[[4112]],[[4113]],[[4114]],[[4115,4116,4117,4118,4119,4120]],[[4121]],[[4122,4123,4124,4125,4126,4127,4128]],[[4129]],[[4130]],[[4131]],[[4132]],[[4133]],[[4134]],[[4135]],[[4087,4088,4089,4090,4091,4092,4093,4094,4095,4096,4097,4098,4099,4100,4101,4102,4103,4104,4105,3940,3941,3942,3943,3944,3945,3946,3947,3948,3949,3950,3951,3952,3953,3954,3955,3956,3957,3958,3959,3960,3961,3962,3963,3964,3965,3966,3967,3968,3969,3970,3971,3972,3973,3974,3975,3976,3977,3978,3979,3980,3981,3982,3983,3984,3985,3986,3987,3988,3989,3990,3991,3992,3993,3994,3995,3996,3997,3998,3999,4000,4001,4002,4003,4004,4005,4006,4007,-2970,-3439,-3443,-3437,-3442,-3441,-3440,-1766,-3583,-3582,-3581,-3580,4008,-3578,4009,-3575,-3574,-3573,-3572,4010,4011,4012,4013,4014,4015,4016,4017,4018,4019,4020,4021,4022,4023,4024,4025,4026,4027,4028,4029,4030,4031,4032,4033,4034,4035,4036,4037,4038,4039,4040,4041,4042,4043,4044,4045,4046,4047,4048,4049,4050,4051,4052,4053,4054,4055,4056,4057,4058,4059,4060,4061,4062,4063,4064,4065,4066,4067,4068,4069,4070,4071,4072,4073,4074,4075,4076,4077,4078,4079,4080,4081,4082,4083,4084,4085,4086]],[[4136]],[[4137]],[[4138]],[[4139]],[[4140]],[[4141]],[[4142]],[[4143]],[[4144]],[[4145]],[[4146]],[[4147]],[[4148]],[[4149]]],"type":"MultiPolygon","properties":{"n":"India","s":18990101,"e":19140702}},{"arcs":[[[4106]],[[4107]],[[4108]],[[4109]],[[4110]],[[4111]],[[4112]],[[4113]],[[4114]],[[4115,4116,4117,4118,4119,4120]],[[4121]],[[4122,4123,4124,4125,4126,4127,4128]],[[4129]],[[4130]],[[4131]],[[4132]],[[4133]],[[4134]],[[4135]],[[4087,4088,4089,4090,4091,4092,4093,4094,4095,4096,4097,4098,4099,4100,4101,4102,4103,4104,4105,3940,3941,3942,3943,3944,3945,3946,3947,3948,3949,3950,3951,3952,3953,3954,3955,3956,3957,3958,3959,3960,3961,3962,3963,3964,3965,3966,3967,3968,3969,3970,3971,3972,3973,3974,3975,3976,3977,3978,3979,3980,3981,3982,3983,3984,3985,3986,3987,3988,3989,3990,3991,3992,3993,3994,3995,3996,3997,3998,3999,4000,4001,4002,4003,4004,4005,4006,4007,-2970,-3439,-3443,-3437,-3442,-3441,-3440,-1766,-3583,-3582,-3581,-3580,4008,-3578,4009,3575,-3652,-3574,-3573,-3572,4010,4011,4012,4013,4014,4015,4016,4017,4018,4019,4020,4021,4022,4023,4024,4025,4026,4027,4028,4029,4030,4031,4032,4033,4034,4035,4036,4037,4038,4039,4040,4041,4042,4043,4044,4045,4046,4047,4048,4049,4050,4051,4052,4053,4054,4055,4056,4057,4058,4059,4060,4061,4062,4063,4064,4065,4066,4067,4068,4069,4070,4071,4072,4073,4074,4075,4076,4077,4078,4079,4080,4081,4082,4083,4084,4085,4086]],[[4136]],[[4137]],[[4138]],[[4139]],[[4140]],[[4141]],[[4142]],[[4143]],[[4144]],[[4145]],[[4146]],[[4147]],[[4148]],[[4149]]],"type":"MultiPolygon","properties":{"n":"India","s":19140703,"e":19310212}},{"arcs":[[[4106]],[[4107]],[[4108]],[[4109]],[[4110]],[[4111]],[[4112]],[[4113]],[[4114]],[[4115,4116,4117,4118,4119,4120]],[[4121]],[[4122,4123,4124,4125,4126,4127,4128]],[[4129]],[[4130]],[[4131]],[[4132]],[[4133]],[[4134]],[[4135]],[[4087,4088,4089,4090,4091,4092,4093,4094,4095,4096,4097,4098,4099,4100,4101,4102,4103,4104,4105,3940,3941,3942,3943,3944,3945,3946,3947,3948,3949,3950,3951,3952,3953,3954,3955,3956,3957,3958,3959,3960,3961,3962,3963,3964,3965,3966,3967,3968,3969,3970,3971,3972,3973,3974,3975,3976,3977,3978,3979,3980,3981,3982,3983,3984,3985,3986,3987,3988,3989,3990,3991,3992,3993,3994,3995,3996,3997,3998,3999,4000,4001,4002,4003,4004,4005,4006,4007,-2970,-3439,-3443,-3437,-3442,-3441,-3440,-1766,-3583,-3582,-3581,-3580,4008,-3578,4009,3575,-3652,-3574,-3573,-3572,4010,4011,4012,4013,4014,4015,4016,4017,4018,4019,4020,4021,4022,4023,4024,4025,4026,4027,4028,4029,4030,4031,4032,4033,4034,4035,4036,4037,4038,4039,4040,4041,4042,4043,4044,4045,4046,4047,4048,4049,4050,4051,4052,4053,4054,4055,4056,4057,4058,4059,4060,4061,4062,4063,4064,4065,4066,4067,4068,4069,4070,4071,4072,4073,4074,4075,4076,4077,4078,4079,4080,4081,4082,4083,4084,4085,4086]],[[4136]],[[4137]],[[4138]],[[4139]],[[4140]],[[4141]],[[4142]],[[4143]],[[4144]],[[4145]],[[4146]],[[4147]],[[4148]],[[4149]]],"type":"MultiPolygon","properties":{"n":"India","s":19310213,"e":19370331}},{"arcs":[[[4106]],[[4107]],[[4108]],[[4110]],[[4140]],[[4113]],[[4114]],[[4115,4116,4117,4118,4119,4120]],[[4112]],[[4121]],[[4122,4123,4124,4125,4126,4127,4128]],[[4134]],[[4087,4088,4089,4090,4091,4092,4093,4094,4095,4096,4097,4098,4099,4100,4101,4102,4103,4104,4105,3940,3941,3942,3943,3944,3945,3946,3947,3948,3949,3950,3951,3952,3953,3954,3955,3956,3957,3958,3959,3960,3961,3962,3963,3964,3965,3966,3967,3968,3969,3970,3971,3972,3973,3974,3975,3976,3977,3978,3979,3980,3981,3982,3983,3984,3985,3986,3987,3988,3989,3990,3991,3992,3993,3994,3995,3996,3997,3998,3999,4000,4001,4002,4003,4004,4005,4006,4007,-2970,-3439,-3443,-3437,-3442,-3441,-3440,-1766,-3583,-3582,-3581,-3580,4008,-3578,4009,3575,-3652,-3574,4150,4151,4014,4015,4016,4017,4018,4019,4020,4021,4022,4023,4024,4025,4026,4027,4028,4029,4030,4031,4032,4033,4034,4035,4036,4037,4038,4039,4040,4041,4042,4043,4044,4045,4046,4047,4048,4049,4050,4051,4052,4053,4054,4055,4056,4057,4058,4059,4060,4061,4062,4063,4064,4065,4066,4067,4068,4069,4070,4071,4072,4073,4074,4075,4076,4077,4078,4079,4080,4081,4082,4083,4084,4085,4086]],[[4135]],[[4142]],[[4146]],[[4149]],[[4137]],[[4144]]],"type":"MultiPolygon","properties":{"n":"India","s":19370401,"e":19470814}},{"arcs":[[[4106]],[[4107]],[[4108]],[[4112]],[[4140]],[[4142]],[[4144]],[[4146]],[[4149]],[[4134]],[[4152,4153,-3580,4008,-3578,4009,3575,-3652,-3574,4150,4154,4155,4086]],[[4137]],[[4135]]],"type":"MultiPolygon","properties":{"n":"India","s":19470815,"e":19490104}},{"arcs":[[[4106]],[[4107]],[[4108]],[[4112]],[[4140]],[[4142]],[[4144]],[[4146]],[[4149]],[[4134]],[[4152,4156,4157,-3649,-3581,-3580,4008,-3578,4009,3575,-3652,-3574,4150,4154,4155,4086]],[[4137]],[[4135]]],"type":"MultiPolygon","properties":{"n":"India","s":19490105,"e":20191231}},{"arcs":[[-3576,-4010,-3577]],"type":"Polygon","properties":{"n":"Bhutan","s":18860101,"e":19470814}},{"arcs":[[-3576,-4010,-3577]],"type":"Polygon","properties":{"n":"Bhutan","s":19470815,"e":19481231}},{"arcs":[[-3576,-4010,-3577]],"type":"Polygon","properties":{"n":"Bhutan","s":19490101,"e":20191231}},{"arcs":[[[4051,4158,4159,4054,4160,4056,4161,4058,4162,4060,4163,4062,4164,4165,4166,4066,4167,4068,4168,4070,4169,4072,4170,4171,4075,4172,4077,4173,4079,4174,4081,4175,4176,4084,-4155,4151,4014,4177,4016,4178,4179,4180,4181,4021,4182,4183,4024,4184,4185,4027,4186,4029,4187,4031,4188,4033,4189,4035,4190,4037,4191,4039,4192,4193,4042,4194,4195,4045,4196,4047,4197,4049,4198]],[[4110]],[[4199,4200,-4157,-4153,4087,4201,4089,4202,4091,4203,4093,4204,4205,4096,4206,4207,4099,4208,4101,4209,4210,4104,4211,4212,4213,4214,4215,4216,4217,4218,3947,4219,4220,3950,4221,4222,4223,4224,4225,3956,4226,4227,3959,4228,3961,4229,3963,4230,3965,4231,3967,4232,4233,3970,4234,3972,4235,4236,3975,4237,3977,4238,4239,3980,4240,3982,4241,3984,4242,4243,3987,4244,3989,4245,4246,4247,3993,4248,4249,3996,4250,4251,4252,4000,4253,4002,4254,4255,4256,4006,4257,-2970,-3439,-3443,-3437,-3442]],[[4258,4116,4259,4118,4260,4120]],[[4123,4261,4125,4262,4263,4128,4264]],[[4121]],[[4114]],[[4113]]],"type":"MultiPolygon","properties":{"n":"Pakistan","s":19470815,"e":19490104}},{"arcs":[[[4051,4158,4159,4054,4160,4056,4161,4058,4162,4060,4163,4062,4164,4165,4166,4066,4167,4068,4168,4070,4169,4072,4170,4171,4075,4172,4077,4173,4079,4174,4081,4175,4176,4084,-4155,4151,4014,4177,4016,4178,4179,4180,4181,4021,4182,4183,4024,4184,4185,4027,4186,4029,4187,4031,4188,4033,4189,4035,4190,4037,4191,4039,4192,4193,4042,4194,4195,4045,4196,4047,4197,4049,4198]],[[4110]],[[-3650,-4158,-4157,-4153,4087,4201,4089,4202,4091,4203,4093,4204,4205,4096,4206,4207,4099,4208,4101,4209,4210,4104,4211,4212,4213,4214,4215,4216,4217,4218,3947,4219,4220,3950,4221,4222,4223,4224,4225,3956,4226,4227,3959,4228,3961,4229,3963,4230,3965,4231,3967,4232,4233,3970,4234,3972,4235,4236,3975,4237,3977,4238,4239,3980,4240,3982,4241,3984,4242,4243,3987,4244,3989,4245,4246,4247,3993,4248,4249,3996,4250,4251,4252,4000,4253,4002,4254,4255,4256,4006,4257,-2970,-3439,-3443,-3437,-3442,-3441,-3651]],[[4258,4116,4259,4118,4260,4120]],[[4123,4261,4125,4262,4263,4128,4264]],[[4121]],[[4114]],[[4113]]],"type":"MultiPolygon","properties":{"n":"Pakistan","s":19490105,"e":19590930}},{"arcs":[[[4051,4158,4159,4054,4160,4056,4161,4058,4162,4060,4163,4062,4164,4165,4166,4066,4167,4068,4168,4070,4169,4072,4170,4171,4075,4172,4077,4173,4079,4174,4081,4175,4176,4084,-4155,4151,4014,4177,4016,4178,4179,4180,4181,4021,4182,4183,4024,4184,4185,4027,4186,4029,4187,4031,4188,4033,4189,4035,4190,4037,4191,4039,4192,4193,4042,4194,4195,4045,4196,4047,4197,4049,4198]],[[4110]],[[-3650,-4158,-4157,-4153,4087,4201,4089,4202,4091,4203,4093,4204,4205,4096,4206,4207,4099,4208,4101,4209,4210,4104,4211,4212,4213,4214,4215,4216,4217,4218,3947,4219,4220,3950,4221,4222,4223,4224,4225,3956,4226,4227,3959,4228,3961,4229,3963,4230,3965,4231,3967,4232,4233,3970,4234,3972,4235,4236,3975,4237,3977,4238,4239,3980,4240,3982,4241,3984,4242,4243,3987,4244,3989,4245,4246,4247,3993,4248,4249,3996,4250,4251,4252,4000,4253,4002,4254,4255,4256,4006,4257,-2970,-3439,-3443,-3437,-3442,-3441,-3651]],[[4258,4116,4259,4118,4260,4120]],[[4123,4261,4125,4262,4263,4128,4264]],[[4121]],[[4114]],[[4113]]],"type":"MultiPolygon","properties":{"n":"Pakistan","s":19591001,"e":19670813}},{"arcs":[[[4051,4158,4159,4054,4160,4056,4161,4058,4162,4060,4163,4062,4164,4165,4166,4066,4167,4068,4168,4070,4169,4072,4170,4171,4075,4172,4077,4173,4079,4174,4081,4175,4176,4084,-4155,4151,4014,4177,4016,4178,4179,4180,4181,4021,4182,4183,4024,4184,4185,4027,4186,4029,4187,4031,4188,4033,4189,4035,4190,4037,4191,4039,4192,4193,4042,4194,4195,4045,4196,4047,4197,4049,4198]],[[4110]],[[-3650,-4158,-4157,-4153,4087,4201,4089,4202,4091,4203,4093,4204,4205,4096,4206,4207,4099,4208,4101,4209,4210,4104,4211,4212,4213,4214,4215,4216,4217,4218,3947,4219,4220,3950,4221,4222,4223,4224,4225,3956,4226,4227,3959,4228,3961,4229,3963,4230,3965,4231,3967,4232,4233,3970,4234,3972,4235,4236,3975,4237,3977,4238,4239,3980,4240,3982,4241,3984,4242,4243,3987,4244,3989,4245,4246,4247,3993,4248,4249,3996,4250,4251,4252,4000,4253,4002,4254,4255,4256,4006,4257,-2970,-3439,-3443,-3437,-3442,-3441,-3651]],[[4258,4116,4259,4118,4260,4120]],[[4123,4261,4125,4262,4263,4128,4264]],[[4121]],[[4114]],[[4113]]],"type":"MultiPolygon","properties":{"n":"Pakistan","s":19670814,"e":19711215}},{"arcs":[[-3650,-4158,-4157,-4153,4087,4201,4089,4202,4091,4203,4093,4204,4205,4096,4206,4207,4099,4208,4101,4209,4210,4104,4211,4212,4213,4214,4215,4216,4217,4218,3947,4219,4220,3950,4221,4222,4223,4224,4225,3956,4226,4227,3959,4228,3961,4229,3963,4230,3965,4231,3967,4232,4233,3970,4234,3972,4235,4236,3975,4237,3977,4238,4239,3980,4240,3982,4241,3984,4242,4243,3987,4244,3989,4245,4246,4247,3993,4248,4249,3996,4250,4251,4252,4000,4253,4002,4254,4255,4256,4006,4257,-2970,-3439,-3443,-3437,-3442,-3441,-3651]],"type":"Polygon","properties":{"n":"Pakistan","s":19711216,"e":20191231}},{"arcs":[[[4051,4158,4159,4054,4160,4056,4161,4058,4162,4060,4163,4062,4164,4165,4166,4066,4167,4068,4168,4070,4169,4072,4170,4171,4075,4172,4077,4173,4079,4174,4081,4175,4176,4084,-4155,4151,4014,4177,4016,4178,4179,4180,4181,4021,4182,4183,4024,4184,4185,4027,4186,4029,4187,4031,4188,4033,4189,4035,4190,4037,4191,4039,4192,4193,4042,4194,4195,4045,4196,4047,4197,4049,4198]],[[4110]],[[4121]],[[4258,4116,4259,4118,4260,4120]],[[4123,4261,4125,4262,4263,4128,4264]],[[4113]],[[4114]]],"type":"MultiPolygon","properties":{"n":"Bangladesh","s":19711216,"e":20191231}},{"arcs":[[[4131]],[[4129]],[[4109]],[[4111]],[[-4152,-4151,-3573,-3572,4010,4011,4012,4013]],[[4133]],[[4132]],[[4130]],[[4136]],[[4138]],[[4147]],[[4148]],[[4139]],[[4143]],[[4145]],[[4141]]],"type":"MultiPolygon","properties":{"n":"Myanmar (Burma)","s":19370401,"e":19480103}},{"arcs":[[[4131]],[[4129]],[[4109]],[[4111]],[[-4152,-4151,-3573,-3572,4010,4011,4012,4013]],[[4133]],[[4132]],[[4130]],[[4136]],[[4138]],[[4147]],[[4148]],[[4139]],[[4143]],[[4145]],[[4141]]],"type":"MultiPolygon","properties":{"n":"Myanmar (Burma)","s":19480104,"e":20051105}},{"arcs":[[[4131]],[[4129]],[[4109]],[[4111]],[[-4152,-4151,-3573,-3572,4010,4011,4012,4013]],[[4133]],[[4132]],[[4130]],[[4136]],[[4138]],[[4147]],[[4148]],[[4139]],[[4143]],[[4145]],[[4141]]],"type":"MultiPolygon","properties":{"n":"Myanmar (Burma)","s":20051106,"e":20191231}},{"arcs":[[4265]],"type":"Polygon","properties":{"n":"Sri Lanka (Ceylon)","s":18860101,"e":19480203}},{"arcs":[[4265]],"type":"Polygon","properties":{"n":"Sri Lanka (Ceylon)","s":19480204,"e":20191231}},{"arcs":[[4266]],"type":"Polygon","properties":{"n":"Maldives","s":18871216,"e":19650525}},{"arcs":[[4266]],"type":"Polygon","properties":{"n":"Maldives","s":19650526,"e":20191231}},{"arcs":[[-4009,-3579]],"type":"Polygon","properties":{"n":"Nepal","s":18860101,"e":20191231}},{"arcs":[[[4267,4268,4269,4270,4271,4272,4273,4274]],[[4275,4276]],[[4277]],[[4278,4279,4280,4281,4282,4283,4284,4285,4286,4287,4288,4289,4290,4291,4292,4293,4294,4295,4296,4297,4298,4299,4300,4301,4302,4303,4304,4305,4306,4307,4308,4309,4310,4311,4312,4313,4314,4315,4316,4317,4318,4319,4320,4321,4322,4323,4324,4325,4326,4327,4328,4329,4330,4331,4332,4333,4334,4335,4336,4337,4338,4339,4340,4341,4342,4343,4344,4345,4346,4347,4348,4349,4350,4351,4352,4353,4354,4355,4356,4357,4358,4359,4360,4361,4362,4363,4364,4365,4366,4367,4368,4369,4370,4371,4372,4373,4374,4375,4376,4377,4378,4379,4380,4381,4382,4383,4384,4385,4386,4387,4388,4389,4390,4391,4392,4393,4394,4395,4396,4397,4398,4399,4400,4401,4402,4403,4404,4405,4406,4407,4408,4409,4410,4411,-4013,-4012,4412,4413,4414,4415,4416,4417,4418,4419,4420,4421,4422,4423]],[[4424,4425,4426,4427,4428]],[[4429,4430]],[[4431,4432,4433,4434,4435,4436,4437]],[[4438]]],"type":"MultiPolygon","properties":{"n":"Thailand","s":18860101,"e":18931002}},{"arcs":[[[4267,4268,4269,4270,4271,4272,4273,4274]],[[4275,4276]],[[4277]],[[4278,4279,4280,4281,4282,4283,4284,4285,4286,4287,4288,4289,4290,4291,4292,4293,4294,4295,4296,4297,4298,4299,4300,4301,4302,4303,4304,4305,4306,4307,4308,4309,4310,4311,4312,4313,4314,4315,4316,4317,4318,4319,4320,4321,4322,4323,4324,4325,4326,4327,4328,4329,4330,4331,4332,4333,4334,4335,4336,4337,4338,4339,4340,4341,4342,4343,4344,4345,4346,4347,4348,4349,4350,4351,4352,4353,4354,4355,4356,4357,4358,4359,4360,4361,4362,4363,4364,4365,4366,4367,4368,4369,4370,4371,4372,4373,4374,4375,4376,4377,4378,4379,4380,4381,4382,4383,4384,4385,4386,4387,4388,4389,4390,4391,4392,4393,4394,4395,4396,4397,4398,4399,4400,4401,4402,4403,4404,4405,4406,4407,4408,4409,4410,4411,-4013,4439,4440,4416,4417,4418,4419,4420,4421,4422,4423]],[[4424,4425,4426,4427,4428]],[[4429,4430]],[[4431,4432,4433,4434,4435,4436,4437]],[[4438]]],"type":"MultiPolygon","properties":{"n":"Thailand","s":18931003,"e":19040217}},{"arcs":[[[4270,4441,4272,4442,4274,4443,4268,4444]],[[4277]],[[4445,4446,4278]],[[4447,4276]],[[4279,4448,4281,4449,4283,4450,4285,4451,4452,4288,4453,4454,4291,4455,4293,4456,4295,4457,4297,4458,4299,4459,4460,4302,4461,4462,4463,4464,4307,4465,4466,4310,4467,4468,4313,4469,4315,4470,4471,4318,4472,4320,4473,4322,4474,4475,4325,4476,4327,4477,4329,4478,4331,4479,4333,4480,4335,4481,4337,4482,4339,4483,4341,4484,4343,4485,4345,4486,4487,4488,4349,4489,4351,4490,4353,4491,4492,4493,4494,4358,4495,4496,4361,4497,4498,4364,4499,4500,4367,4501,4502,4370,4503,4372,4373,4374,4375,4376,4377,4378,4504,4380,4381,4505,4383,4506,4507,4386,4508,4388,4509,4390,4510,4511,4512,4513,4395,4514,4515,4516,4399,4517,4518,4519,4403,4520,4521,4522,4407,4523,4524,4525,4411,-4013,4439,4526,4527,4417,4528,4529,4420,4530,4531]],[[4532,4533,4428,4534,4425]],[[4535,4430]],[[4536,4537,4436,4538,4431,4539,4433]],[[4438]]],"type":"MultiPolygon","properties":{"n":"Thailand","s":19040218,"e":19070322}},{"arcs":[[[4270,4441,4272,4442,4274,4443,4268,4444]],[[4277]],[[4445,4446,4278]],[[4447,4276]],[[4279,4448,4281,4449,4283,4450,4285,4451,4452,4288,4453,4454,4291,4455,4293,4456,4295,4457,4297,4458,4299,4459,4460,4302,4461,4462,4463,4464,4307,4465,4466,4310,4467,4468,4313,4469,4315,4470,4471,4318,4472,4320,4473,4322,4474,4475,4325,4476,4327,4477,4329,4478,4331,4479,4333,4480,4335,4481,4337,4482,4339,4483,4341,4484,4343,4485,4345,4486,4487,4488,4349,4489,4351,4490,4353,4491,4492,4493,4494,4358,4495,4496,4361,4497,4498,4364,4499,4500,4367,4501,4502,4370,4503,4372,4373,4374,4375,4376,4377,4378,4504,4380,4381,4505,4383,4506,4507,4386,4508,4388,4509,4390,4510,4511,4512,4513,4395,4514,4515,4516,4399,4517,4518,4519,4403,4520,4521,4522,4407,4523,4524,4525,4411,-4013,4439,4526,4540,4531]],[[4532,4533,4428,4534,4425]],[[4535,4430]],[[4536,4537,4436,4538,4431,4539,4433]],[[4438]]],"type":"MultiPolygon","properties":{"n":"Thailand","s":19070323,"e":19090309}},{"arcs":[[[4270,4441,4272,4442,4274,4443,4268,4444]],[[4277]],[[4445,4446,4278]],[[4279,4448,4281,4449,4283,4450,4285,4451,4452,4288,4453,4454,4291,4455,4293,4456,4295,4457,4297,4458,4299,4459,4460,4302,4461,4462,4463,4464,4307,4465,4466,4310,4467,4468,4313,4469,4315,4470,4471,4318,4472,4320,4473,4322,4474,4475,4325,4476,4327,4477,4329,4478,4331,4479,4333,4480,4335,4481,4337,4482,4339,4483,4341,4484,4343,4485,4345,4486,4487,4488,4349,4489,4351,4490,4353,4491,4492,4493,4494,4541,4542,4543,4381,4505,4383,4506,4507,4386,4508,4388,4509,4390,4510,4511,4512,4513,4395,4514,4515,4516,4399,4517,4518,4519,4403,4520,4521,4522,4407,4523,4524,4525,4411,-4013,4439,4526,4540,4531]],[[4535,4430]],[[4536,4537,4436,4538,4431,4539,4433]],[[4447,4276]],[[4438]]],"type":"MultiPolygon","properties":{"n":"Thailand","s":19090310,"e":20191231}},{"arcs":[[4544,4545,4546,4547,4548,4549,4550,4551,4552,4553,4554,4555,4556,4557,4558,4559,4560,4561,-4422,-4421,-4420,-4419,-4418,-4417,-4416,4562]],"type":"Polygon","properties":{"n":"Cambodia (Kampuchea)","s":18860101,"e":18931002}},{"arcs":[[4544,4545,4546,4547,4548,4549,4550,4551,4552,4553,4554,4555,4556,4557,4558,4559,4560,4561,-4422,-4421,-4420,-4419,-4418,-4417,-4416,4562]],"type":"Polygon","properties":{"n":"Cambodia (Kampuchea)","s":18931003,"e":19040217}},{"arcs":[[-4446,-4532,-4531,-4421,-4530,-4529,-4418,-4528,-4527,4440,-4416,4562,4544,4563,4546,4564,4548,4565,4550,4566,4552,4567,4568,4555,4569,4570,4571,4559,4572,4573,4422]],"type":"Polygon","properties":{"n":"Cambodia (Kampuchea)","s":19040218,"e":19070322}},{"arcs":[[-4446,-4532,-4541,-4527,4440,-4416,4562,4544,4563,4546,4564,4548,4565,4550,4566,4552,4567,4568,4555,4569,4570,4571,4559,4572,4573,4422]],"type":"Polygon","properties":{"n":"Cambodia (Kampuchea)","s":19070323,"e":19531108}},{"arcs":[[-4446,-4532,-4541,-4527,4440,-4416,4562,4544,4563,4546,4564,4548,4565,4550,4566,4552,4567,4568,4555,4569,4570,4571,4559,4572,4573,4422]],"type":"Polygon","properties":{"n":"Cambodia (Kampuchea)","s":19531109,"e":20191231}},{"arcs":[[4574,4413,4414,4415,-4441,-4440,-4012,-4011,-3571]],"type":"Polygon","properties":{"n":"Laos","s":18931003,"e":18960114}},{"arcs":[[4574,4413,4414,4415,-4441,-4440,-4012,-4011,-3571]],"type":"Polygon","properties":{"n":"Laos","s":18960115,"e":19540430}},{"arcs":[[4574,4413,4414,4415,-4441,-4440,-4012,-4011,-3571]],"type":"Polygon","properties":{"n":"Laos","s":19540501,"e":20191231}},{"arcs":[[[4575]],[[4576,4577,-4563,-4415,-4414,-4413,-4011,-3571,-3570,4578,4579]],[[4580]],[[4581]],[[4582]]],"type":"MultiPolygon","properties":{"n":"Vietnam (Annam/Cochin China/Tonkin)","s":18860101,"e":18870531}},{"arcs":[[[4575]],[[4576,4577,-4563,-4415,-4414,-4413,-4011,-3571,-3570,4578,4579]],[[4580]],[[4581]],[[4582]]],"type":"MultiPolygon","properties":{"n":"Vietnam (Annam/Cochin China/Tonkin)","s":18870601,"e":18930101}},{"arcs":[[[4575]],[[4576,4577,-4563,-4415,-4414,-4413,-4011,-3571,-3570,4578,4579]],[[4580]],[[4581]],[[4582]]],"type":"MultiPolygon","properties":{"n":"Vietnam (Annam/Cochin China/Tonkin)","s":18930102,"e":18931002}},{"arcs":[[[4575]],[[4576,4577,-4563,-4415,-4414,-4575,-3570,4578,4579]],[[4580]],[[4581]],[[4582]]],"type":"MultiPolygon","properties":{"n":"Vietnam (Annam/Cochin China/Tonkin)","s":18931003,"e":19540430}},{"arcs":[[[4583,-4414,-4575,-3570,4578,4579]],[[4581]],[[4582]]],"type":"MultiPolygon","properties":{"n":"Vietnam, Democratic Republic of","s":19540501,"e":19750430}},{"arcs":[[[4575]],[[4576,4577,-4563,-4415,-4414,-4575,-3570,4578,4579]],[[4580]],[[4581]],[[4582]]],"type":"MultiPolygon","properties":{"n":"Vietnam, Democratic Republic of","s":19750501,"e":20191231}},{"arcs":[[[4575]],[[4580]],[[-4563,-4415,-4584,4584,4577]]],"type":"MultiPolygon","properties":{"n":"Vietnam, Republic of","s":19540501,"e":19750430}},{"arcs":[[[4585]],[[4586,4587,4588,4589]],[[4532,4533,4428,4534,4425]],[[-4543,-4542,4358,4495,4496,4361,4497,4498,4364,4499,4500,4367,4501,4502,4370,4503,4372,4590,4591,4592,4593,4594,4595,4596,4597,4598,4599,4600,4601,4602,4603,4604,4605,4606,4607,4608,4609,4610,4611,4612,4613,4614,4615,4616,4617,4618,4619,4620,4621,4622,4623,4624,4625,4626,4627,4628,4629,4630,4631,4632,4633,4634,4635,4636,4637,4638,4639,4640,4641,4642,4643,4644,4645,4646,4647,4648,4378,4504,4380,-4544]]],"type":"MultiPolygon","properties":{"n":"Malaysia","s":19460401,"e":19570830}},{"arcs":[[[4585]],[[4586,4587,4588,4589]],[[4532,4533,4428,4534,4425]],[[-4543,-4542,4358,4495,4496,4361,4497,4498,4364,4499,4500,4367,4501,4502,4370,4503,4372,4590,4591,4592,4593,4594,4595,4596,4597,4598,4599,4600,4601,4602,4603,4604,4605,4606,4607,4608,4609,4610,4611,4612,4613,4614,4615,4616,4617,4618,4619,4620,4621,4622,4623,4624,4625,4626,4627,4628,4629,4630,4631,4632,4633,4634,4635,4636,4637,4638,4639,4640,4641,4642,4643,4644,4645,4646,4647,4648,4378,4504,4380,-4544]]],"type":"MultiPolygon","properties":{"n":"Malaysia","s":19570831,"e":19630915}},{"arcs":[[[4649]],[[4650]],[[4585]],[[4651,4652,4653,4654,4655]],[[4656]],[[4657,4587,4658,4589]],[[4424,4425,4426,4427,4428]],[[-4543,-4542,4358,4359,4360,4361,4362,4363,4364,4365,4366,4367,4368,4369,4370,4371,4372,4590,4659,4592,4660,4594,4661,4596,4662,4598,4599,4663,4601,4664,4665,4604,4666,4606,4667,4608,4668,4669,4611,4670,4613,4671,4615,4672,4673,4618,4619,4674,4675,4622,4623,4676,4677,4626,4627,4678,4629,4679,4680,4632,4681,4682,4635,4636,4683,4638,4684,4685,4641,4686,4687,4688,4645,4689,4690,4648,4378,4379,4380,-4544]],[[4691,4692,4693,4694,4695,4696,4697,4698,4699,4700]],[[4701]],[[4702]]],"type":"MultiPolygon","properties":{"n":"Malaysia","s":19630916,"e":19650808}},{"arcs":[[[4650]],[[4585]],[[4651,4652,4653,4654,4655]],[[4656]],[[4657,4587,4658,4589]],[[4424,4425,4426,4427,4428]],[[-4543,-4542,4358,4359,4360,4361,4362,4363,4364,4365,4366,4367,4368,4369,4370,4371,4372,4590,4659,4592,4660,4594,4661,4596,4662,4598,4599,4663,4601,4664,4665,4604,4666,4606,4667,4608,4668,4669,4611,4670,4613,4671,4615,4672,4673,4618,4619,4674,4675,4622,4623,4676,4677,4626,4627,4678,4629,4679,4680,4632,4681,4682,4635,4636,4683,4638,4684,4685,4641,4686,4687,4688,4645,4689,4690,4648,4378,4379,4380,-4544]],[[4691,4692,4693,4694,4695,4696,4697,4698,4699,4700]],[[4701]],[[4702]]],"type":"MultiPolygon","properties":{"n":"Malaysia","s":19650809,"e":20191231}},{"arcs":[[[4585]],[[-4375,-4374,4590,4591,4592,4593,4594,4595,4596,4597,4598,4703,4704,4705,4623,4624,4625,4626,4627,4628,4629,4630,4631,4632,4633,4634,4635,4636,4637,4638,4639,4640,4641,4642,4643,4644,4706,-4377,-4376]]],"type":"MultiPolygon","properties":{"n":"Federated Malay States","s":18960701,"e":19090309}},{"arcs":[[[4585]],[[-4375,-4374,4590,4591,4592,4593,4594,4595,4596,4597,4598,4703,4704,4705,4623,4624,4625,4626,4627,4628,4629,4630,4631,4632,4633,4634,4635,4636,4637,4638,4639,4640,4641,4642,4643,4644,4706,-4377,4707,-4543,4708]]],"type":"MultiPolygon","properties":{"n":"Federated Malay States","s":19090310,"e":19460331}},{"arcs":[[4599,4600,4601,4602,4603,4604,4605,4606,4607,4608,4609,4610,4611,4612,4613,4614,4615,4616,4617,4618,4709,-4705,-4704]],"type":"Polygon","properties":{"n":"Unfederated Malay States","s":18860101,"e":19090309}},{"arcs":[[[4599,4600,4601,4602,4603,4604,4605,4606,4607,4608,4609,4610,4611,4612,4613,4614,4615,4616,4617,4618,4709,-4705,-4704]],[[4361,4497,4498,4364,4499,4500,4367,4501,4502,4370,4503,4372,4373,4374,-4709,-4542,4358,4495,4496]],[[4532,4533,4428,4534,4425]],[[-4708,4376,4377,4378,4504,4380,-4544]]],"type":"MultiPolygon","properties":{"n":"Unfederated Malay States","s":19090310,"e":19460331}},{"arcs":[[[4651,4652,4653,4654,4655]],[[4656]],[[4691,4710,4700]],[[4701]],[[4702]]],"type":"MultiPolygon","properties":{"n":"Sabah (North Borneo)","s":18880512,"e":18890619}},{"arcs":[[[4651,4652,4653,4654,4655]],[[4656]],[[4691,4710,4700]],[[4701]],[[4702]]],"type":"MultiPolygon","properties":{"n":"Sabah (North Borneo)","s":18890620,"e":19460714}},{"arcs":[[[4651,4652,4653,4654,4655]],[[4656]],[[4691,4710,4700]],[[4701]],[[4702]]],"type":"MultiPolygon","properties":{"n":"Sabah (North Borneo)","s":19460715,"e":19630915}},{"arcs":[[[4650]],[[4692,4693,4694,4695,4696,4697,4698,4699,-4711]]],"type":"MultiPolygon","properties":{"n":"Sarawak","s":18880614,"e":18890619}},{"arcs":[[[4650]],[[4692,4693,4694,4695,4696,4697,4698,4699,-4711]]],"type":"MultiPolygon","properties":{"n":"Sarawak","s":18890620,"e":19460630}},{"arcs":[[[4650]],[[4692,4693,4694,4695,4696,4697,4698,4699,-4711]]],"type":"MultiPolygon","properties":{"n":"Sarawak","s":19460701,"e":19630915}},{"arcs":[[[4649]],[[-4710,4619,4620,4621,4622,-4706]],[[4586,4587,4588,4589]],[[-4707,4645,4646,4647,4648,-4378]]],"type":"MultiPolygon","properties":{"n":"Straits Settlements","s":18860101,"e":19460331}},{"arcs":[[4649]],"type":"Polygon","properties":{"n":"Singapore","s":19460401,"e":19621231}},{"arcs":[[4649]],"type":"Polygon","properties":{"n":"Singapore","s":19650809,"e":20191231}},{"arcs":[[[4711,-4697,4712,-4699]],[[4713,-4695]]],"type":"MultiPolygon","properties":{"n":"Brunei","s":18880917,"e":19831231}},{"arcs":[[[4711,-4697,4712,-4699]],[[4713,-4695]]],"type":"MultiPolygon","properties":{"n":"Brunei","s":19840101,"e":20191231}},{"arcs":[[[4714]],[[4715]],[[4716]],[[4717]],[[4718]],[[4719]],[[4720]],[[4721]],[[4722]],[[4723]],[[4724]],[[4725]],[[4726]],[[4727]],[[4728]],[[4729]],[[4730]],[[4731]],[[4732]],[[4733]],[[4734]],[[4735]],[[4736]],[[4737]],[[4738]],[[4739]],[[4740]],[[4741]],[[4742]],[[4743]],[[4744]],[[4745]],[[4746]],[[4747]],[[4748]],[[4749]],[[4750]],[[4751]],[[4752]],[[4753]],[[4754]],[[4755]],[[4756]],[[4757]],[[4758]]],"type":"MultiPolygon","properties":{"n":"Philippines","s":18860101,"e":18981210}},{"arcs":[[[4714]],[[4715]],[[4716]],[[4717]],[[4718]],[[4719]],[[4720]],[[4721]],[[4722]],[[4723]],[[4724]],[[4725]],[[4726]],[[4727]],[[4728]],[[4729]],[[4730]],[[4731]],[[4732]],[[4733]],[[4734]],[[4735]],[[4736]],[[4737]],[[4738]],[[4739]],[[4740]],[[4741]],[[4742]],[[4743]],[[4744]],[[4745]],[[4746]],[[4747]],[[4748]],[[4749]],[[4750]],[[4751]],[[4752]],[[4753]],[[4754]],[[4755]],[[4756]],[[4757]],[[4758]]],"type":"MultiPolygon","properties":{"n":"Philippines","s":18981211,"e":19460703}},{"arcs":[[[4714]],[[4715]],[[4716]],[[4717]],[[4718]],[[4719]],[[4720]],[[4721]],[[4722]],[[4723]],[[4724]],[[4725]],[[4726]],[[4727]],[[4728]],[[4729]],[[4730]],[[4731]],[[4732]],[[4733]],[[4734]],[[4735]],[[4736]],[[4737]],[[4738]],[[4739]],[[4740]],[[4741]],[[4742]],[[4743]],[[4744]],[[4745]],[[4746]],[[4747]],[[4748]],[[4749]],[[4750]],[[4751]],[[4752]],[[4753]],[[4754]],[[4755]],[[4756]],[[4757]],[[4758]]],"type":"MultiPolygon","properties":{"n":"Philippines","s":19460704,"e":19480716}},{"arcs":[[[4714]],[[4715]],[[4716]],[[4717]],[[4718]],[[4719]],[[4720]],[[4721]],[[4722]],[[4723]],[[4724]],[[4725]],[[4726]],[[4727]],[[4728]],[[4729]],[[4730]],[[4731]],[[4732]],[[4733]],[[4734]],[[4735]],[[4736]],[[4737]],[[4738]],[[4739]],[[4740]],[[4741]],[[4742]],[[4743]],[[4744]],[[4745]],[[4746]],[[4747]],[[4748]],[[4749]],[[4750]],[[4751]],[[4752]],[[4753]],[[4754]],[[4755]],[[4756]],[[4757]],[[4758]]],"type":"MultiPolygon","properties":{"n":"Philippines","s":19480717,"e":19760528}},{"arcs":[[[4714]],[[4715]],[[4716]],[[4717]],[[4718]],[[4719]],[[4720]],[[4721]],[[4722]],[[4723]],[[4724]],[[4725]],[[4726]],[[4727]],[[4728]],[[4729]],[[4730]],[[4731]],[[4732]],[[4733]],[[4734]],[[4735]],[[4736]],[[4737]],[[4738]],[[4739]],[[4740]],[[4741]],[[4742]],[[4743]],[[4744]],[[4745]],[[4746]],[[4747]],[[4748]],[[4749]],[[4750]],[[4751]],[[4752]],[[4753]],[[4754]],[[4755]],[[4756]],[[4757]],[[4758]]],"type":"MultiPolygon","properties":{"n":"Philippines","s":19760529,"e":20191231}},{"arcs":[[[4759]],[[4760]],[[4761]],[[4762,4763,4764,4765,4766,4767,4768,4769,4770,4771,4772,4773,4774,4775,4776,4777,4778,4779,4780,4781,4782]],[[4783]],[[4784]],[[4785]],[[4786]],[[4787]],[[4788]],[[4789]],[[4790]],[[4791]],[[4792]],[[4793]],[[4794]],[[4795]],[[4796]],[[4797]],[[4798]],[[4799]],[[4800]],[[4801]],[[4802]],[[4803]],[[4804]],[[4805]],[[4806]],[[4807]],[[4808]],[[4809]],[[4810]],[[4811]],[[4812]],[[4813]],[[4814]],[[4815]],[[4816]],[[4817]],[[4818]],[[4819]],[[4820]],[[4821]],[[4822]],[[4823]],[[4824]],[[4825]],[[4826]],[[4827]],[[4828]],[[4829]],[[4830]],[[4831]],[[4832]],[[4833]],[[4834]],[[4835]],[[4836]],[[4837]],[[4838]],[[4839]],[[4840]],[[4841]],[[4842]],[[4843]],[[4844]],[[4845]],[[4846]],[[4847]],[[4848]],[[4849]],[[4850]],[[4851]],[[4852]],[[4853]],[[4854]],[[4855]],[[4856]],[[4857]],[[4858]],[[4859]],[[4860]],[[4861]],[[4862]],[[4863]],[[4864]],[[4865]],[[4866]],[[4867]],[[4868]],[[4869,4870,4871]],[[4872]],[[4873]],[[4874]],[[4875]],[[4876]],[[4877]],[[4878]],[[4879]],[[4880]],[[4881]],[[4882]],[[4883]],[[4884]],[[4885]],[[4886]],[[4887]],[[4888]],[[4889]],[[4890]],[[4891]],[[4892]],[[4893]],[[4894]],[[4895]],[[4896]],[[4897]],[[4898]],[[4899]],[[4900]],[[4901]],[[4902]],[[4903]],[[4904]],[[4905]],[[4906]],[[4907]],[[4908]],[[4909,4910,4911,4912,4913]],[[4914]],[[4915]],[[4916]],[[4917]],[[-4693,-4692,4918]],[[4919]]],"type":"MultiPolygon","properties":{"n":"Indonesia","s":18860101,"e":18890619}},{"arcs":[[[4759]],[[4760]],[[4761]],[[4762,4763,4764,4765,4766,4767,4768,4769,4770,4771,4772,4773,4774,4775,4776,4777,4778,4779,4780,4781,4782]],[[4783]],[[4784]],[[4785]],[[4786]],[[4787]],[[4788]],[[4789]],[[4790]],[[4791]],[[4792]],[[4793]],[[4794]],[[4795]],[[4796]],[[4797]],[[4798]],[[4799]],[[4800]],[[4801]],[[4802]],[[4803]],[[4804]],[[4805]],[[4806]],[[4807]],[[4808]],[[4809]],[[4810]],[[4811]],[[4812]],[[4813]],[[4814]],[[4815]],[[4816]],[[4817]],[[4818]],[[4819]],[[4820]],[[4821]],[[4822]],[[4823]],[[4824]],[[4825]],[[4826]],[[4827]],[[4828]],[[4829]],[[4830]],[[4831]],[[4832]],[[4833]],[[4834]],[[4835]],[[4836]],[[4837]],[[4838]],[[4839]],[[4840]],[[4841]],[[4842]],[[4843]],[[4844]],[[4845]],[[4846]],[[4847]],[[4848]],[[4849]],[[4850]],[[4851]],[[4852]],[[4853]],[[4854]],[[4855]],[[4856]],[[4857]],[[4858]],[[4859]],[[4860]],[[4861]],[[4862]],[[4863]],[[4864]],[[4865]],[[4866]],[[4867]],[[4868]],[[4869,4870,4871]],[[4872]],[[4873]],[[4874]],[[4875]],[[4876]],[[4877]],[[4878]],[[4879]],[[4880]],[[4881]],[[4882]],[[4883]],[[4884]],[[4885]],[[4886]],[[4887]],[[4888]],[[4889]],[[4890]],[[4891]],[[4892]],[[4893]],[[4894]],[[4895]],[[4896]],[[4897]],[[4898]],[[4899]],[[4900]],[[4901]],[[4902]],[[4903]],[[4904]],[[4905]],[[4906]],[[4907]],[[4908]],[[4909,4910,4920,-4654,4912,4913]],[[4914]],[[4915]],[[4916]],[[4917]],[[-4693,-4692,4918]],[[4919]]],"type":"MultiPolygon","properties":{"n":"Indonesia","s":18890620,"e":19450816}},{"arcs":[[[4759]],[[4760]],[[4761]],[[4762,4763,4764,4765,4766,4767,4768,4769,4770,4771,4772,4773,4774,4775,4776,4777,4778,4779,4780,4781,4782]],[[4783]],[[4784]],[[4785]],[[4786]],[[4787]],[[4788]],[[4789]],[[4790]],[[4791]],[[4792]],[[4793]],[[4794]],[[4795]],[[4796]],[[4797]],[[4798]],[[4799]],[[4800]],[[4801]],[[4802]],[[4803]],[[4804]],[[4805]],[[4806]],[[4807]],[[4808]],[[4809]],[[4810]],[[4811]],[[4812]],[[4813]],[[4814]],[[4815]],[[4816]],[[4817]],[[4818]],[[4819]],[[4820]],[[4821]],[[4822]],[[4823]],[[4824]],[[4825]],[[4826]],[[4827]],[[4828]],[[4829]],[[4830]],[[4831]],[[4832]],[[4833]],[[4834]],[[4835]],[[4836]],[[4837]],[[4838]],[[4839]],[[4840]],[[4841]],[[4842]],[[4843]],[[4844]],[[4845]],[[4846]],[[4847]],[[4848]],[[4849]],[[4850]],[[4851]],[[4852]],[[4853]],[[4854]],[[4855]],[[4856]],[[4857]],[[4858]],[[4859]],[[4860]],[[4861]],[[4862]],[[4863]],[[4864]],[[4865]],[[4866]],[[4867]],[[4868]],[[4869,4870,4871]],[[4872]],[[4873]],[[4874]],[[4875]],[[4876]],[[4877]],[[4878]],[[4879]],[[4880]],[[4881]],[[4882]],[[4883]],[[4884]],[[4885]],[[4886]],[[4887]],[[4888]],[[4889]],[[4890]],[[4891]],[[4892]],[[4893]],[[4894]],[[4895]],[[4896]],[[4897]],[[4898]],[[4899]],[[4900]],[[4901]],[[4902]],[[4903]],[[4904]],[[4905]],[[4906]],[[4907]],[[4908]],[[4909,4910,4920,-4654,4912,4913]],[[4914]],[[4915]],[[4916]],[[4917]],[[-4693,-4692,4918]],[[4919]]],"type":"MultiPolygon","properties":{"n":"Indonesia","s":19450817,"e":19491228}},{"arcs":[[[4759]],[[4760]],[[4761]],[[4762,4763,4764,4765,4766,4767,4768,4769,4770,4771,4772,4773,4774,4775,4776,4777,4778,4779,4780,4781,4782]],[[4783]],[[4784]],[[4785]],[[4786]],[[4787]],[[4788]],[[4789]],[[4790]],[[4791]],[[4793]],[[4794]],[[4795]],[[4796]],[[4797]],[[4798]],[[4799]],[[4800]],[[4801]],[[4802]],[[4803]],[[4804]],[[4806]],[[4807]],[[4808]],[[4809]],[[4810]],[[4811]],[[4812]],[[4813]],[[4815]],[[4816]],[[4817]],[[4818]],[[4819]],[[4820]],[[4821]],[[4822]],[[4823]],[[4824]],[[4825]],[[4826]],[[4827]],[[4828]],[[4829]],[[4830]],[[4831]],[[4832]],[[4834]],[[4835]],[[4836]],[[4837]],[[4838]],[[4839]],[[4840]],[[4841]],[[4842]],[[4843]],[[4844]],[[4845]],[[4846]],[[4847]],[[4848]],[[4849]],[[4850]],[[4852]],[[4854]],[[4855]],[[4856]],[[4857]],[[4858]],[[4860]],[[4862]],[[4866]],[[4868]],[[4872]],[[4873]],[[4874]],[[4875]],[[4876]],[[4877]],[[4879]],[[4880]],[[4881]],[[4882]],[[4883]],[[4884]],[[4885]],[[4886]],[[4887]],[[4888]],[[4889]],[[4890]],[[4891]],[[4892]],[[4893]],[[4894]],[[4895]],[[4896]],[[4897]],[[4898]],[[4899]],[[4900]],[[4901]],[[4902]],[[4903]],[[4904]],[[4905]],[[4906]],[[4907]],[[4908]],[[4909,4910,4920,-4654,4912,4913]],[[4914]],[[4915]],[[4916]],[[4917]],[[-4693,-4692,4918]],[[4919]]],"type":"MultiPolygon","properties":{"n":"Indonesia","s":19491229,"e":19690916}},{"arcs":[[[4759]],[[4760]],[[4761]],[[4762,4763,4764,4765,4766,4767,4768,4769,4770,4771,4772,4773,4774,4775,4776,4777,4778,4779,4780,4781,4782]],[[4783]],[[4784]],[[4785]],[[4786]],[[4787]],[[4788]],[[4789]],[[4790]],[[4791]],[[4792]],[[4793]],[[4794]],[[4795]],[[4796]],[[4797]],[[4798]],[[4799]],[[4800]],[[4801]],[[4802]],[[4803]],[[4804]],[[4805]],[[4806]],[[4807]],[[4808]],[[4809]],[[4810]],[[4811]],[[4812]],[[4813]],[[4814]],[[4815]],[[4816]],[[4817]],[[4818]],[[4819]],[[4820]],[[4821]],[[4822]],[[4823]],[[4824]],[[4825]],[[4826]],[[4827]],[[4828]],[[4829]],[[4830]],[[4831]],[[4832]],[[4833]],[[4834]],[[4835]],[[4836]],[[4837]],[[4838]],[[4839]],[[4840]],[[4841]],[[4842]],[[4843]],[[4844]],[[4845]],[[4846]],[[4847]],[[4848]],[[4849]],[[4850]],[[4851]],[[4852]],[[4853]],[[4854]],[[4855]],[[4856]],[[4857]],[[4858]],[[4859]],[[4860]],[[4861]],[[4862]],[[4863]],[[4864]],[[4865]],[[4866]],[[4867]],[[4868]],[[4869,4870,4871]],[[4872]],[[4873]],[[4874]],[[4875]],[[4876]],[[4877]],[[4878]],[[4879]],[[4880]],[[4881]],[[4882]],[[4883]],[[4884]],[[4885]],[[4886]],[[4887]],[[4888]],[[4889]],[[4890]],[[4891]],[[4892]],[[4893]],[[4894]],[[4895]],[[4896]],[[4897]],[[4898]],[[4899]],[[4900]],[[4901]],[[4902]],[[4903]],[[4904]],[[4905]],[[4906]],[[4907]],[[4908]],[[4909,4910,4920,-4654,4912,4913]],[[4914]],[[4915]],[[4916]],[[4917]],[[-4693,-4692,4918]],[[4919]]],"type":"MultiPolygon","properties":{"n":"Indonesia","s":19690917,"e":19760716}},{"arcs":[[[4759]],[[4760]],[[4761]],[[4783]],[[4784]],[[4785]],[[4786]],[[4921,4922,4923,4924,4925,4926,4927,4928,4929,4930,4931,4932,4933,4934,4935,4936,4937,4938,4939,4772,4940,4941,4780,4942,4943,4944,4945,4946,4947,4948,4949,4950,4951,4952,4953,4954,4955,4956,4957]],[[4787]],[[4788]],[[4789]],[[4790]],[[4791]],[[4792]],[[4793]],[[4958]],[[4794]],[[4795]],[[4796]],[[4797]],[[4798]],[[4799]],[[4800]],[[4801]],[[4802]],[[4803]],[[4804]],[[4805]],[[4806]],[[4807]],[[4808]],[[4809]],[[4810]],[[4811]],[[4812]],[[4813]],[[4814]],[[4815]],[[4816]],[[4817]],[[4818]],[[4819]],[[4820]],[[4821]],[[4822]],[[4823]],[[4824]],[[4825]],[[4826]],[[4827]],[[4828]],[[4829]],[[4830]],[[4831]],[[4832]],[[4833]],[[4834]],[[4835]],[[4836]],[[4837]],[[4838]],[[4839]],[[4840]],[[4841]],[[4842]],[[4843]],[[4844]],[[4845]],[[4846]],[[4847]],[[4848]],[[4849]],[[4850]],[[4851]],[[4852]],[[4853]],[[4854]],[[4855]],[[4856]],[[4857]],[[4858]],[[4859]],[[4860]],[[4861]],[[4862]],[[4863]],[[4864]],[[4865]],[[4866]],[[4867]],[[4868]],[[4869,4870,4871]],[[4872]],[[4873]],[[4874]],[[4875]],[[4876]],[[4877]],[[4878]],[[4879]],[[4880]],[[4881]],[[4882]],[[4883]],[[4884]],[[4885]],[[4886]],[[4887]],[[4888]],[[4889]],[[4890]],[[4891]],[[4892]],[[4893]],[[4894]],[[4895]],[[4896]],[[4897]],[[4898]],[[4899]],[[4900]],[[4901]],[[4902]],[[4903]],[[4904]],[[4905]],[[4906]],[[4907]],[[4908]],[[4909,4910,4920,-4654,4912,4913]],[[4914]],[[4915]],[[4916]],[[4917]],[[-4693,-4692,4918]],[[4919]]],"type":"MultiPolygon","properties":{"n":"Indonesia","s":19760717,"e":20020519}},{"arcs":[[[4759]],[[4760]],[[4761]],[[4762,4763,4764,4765,4766,4767,4768,4769,4770,4771,4772,4773,4774,4775,4776,4777,4778,4779,4780,4781,4782]],[[4783]],[[4784]],[[4785]],[[4786]],[[4787]],[[4788]],[[4789]],[[4790]],[[4791]],[[4792]],[[4793]],[[4794]],[[4795]],[[4796]],[[4797]],[[4798]],[[4799]],[[4800]],[[4801]],[[4802]],[[4803]],[[4804]],[[4805]],[[4806]],[[4807]],[[4808]],[[4809]],[[4810]],[[4811]],[[4812]],[[4813]],[[4814]],[[4815]],[[4816]],[[4817]],[[4818]],[[4819]],[[4820]],[[4821]],[[4822]],[[4823]],[[4824]],[[4825]],[[4826]],[[4827]],[[4828]],[[4829]],[[4830]],[[4831]],[[4832]],[[4833]],[[4834]],[[4835]],[[4836]],[[4837]],[[4838]],[[4839]],[[4840]],[[4841]],[[4842]],[[4843]],[[4844]],[[4845]],[[4846]],[[4847]],[[4848]],[[4849]],[[4850]],[[4851]],[[4852]],[[4853]],[[4854]],[[4855]],[[4856]],[[4857]],[[4858]],[[4859]],[[4860]],[[4861]],[[4862]],[[4863]],[[4864]],[[4865]],[[4866]],[[4867]],[[4868]],[[4869,4870,4871]],[[4872]],[[4873]],[[4874]],[[4875]],[[4876]],[[4877]],[[4878]],[[4879]],[[4880]],[[4881]],[[4882]],[[4883]],[[4884]],[[4885]],[[4886]],[[4887]],[[4888]],[[4889]],[[4890]],[[4891]],[[4892]],[[4893]],[[4894]],[[4895]],[[4896]],[[4897]],[[4898]],[[4899]],[[4900]],[[4901]],[[4902]],[[4903]],[[4904]],[[4905]],[[4906]],[[4907]],[[4908]],[[4909,4910,4920,4959,4912,4913]],[[4914]],[[4915]],[[4916]],[[4917]],[[-4693,-4692,4918]],[[4919]]],"type":"MultiPolygon","properties":{"n":"Indonesia","s":20020520,"e":20191231}},{"arcs":[[[4792]],[[4805]],[[4814]],[[4833]],[[4851]],[[4853]],[[4859]],[[4861]],[[4863]],[[4864]],[[4865]],[[4867]],[[4869,4870,4871]],[[4878]]],"type":"MultiPolygon","properties":{"n":"West Irian (Dutch New Guinea)","s":19491229,"e":19620814}},{"arcs":[[[4792]],[[4805]],[[4814]],[[4833]],[[4851]],[[4853]],[[4859]],[[4861]],[[4863]],[[4864]],[[4865]],[[4867]],[[4869,4870,4871]],[[4878]]],"type":"MultiPolygon","properties":{"n":"West Irian (Dutch New Guinea)","s":19620815,"e":19630430}},{"arcs":[[[4792]],[[4805]],[[4814]],[[4833]],[[4851]],[[4853]],[[4859]],[[4861]],[[4863]],[[4864]],[[4865]],[[4867]],[[4869,4870,4871]],[[4878]]],"type":"MultiPolygon","properties":{"n":"West Irian (Dutch New Guinea)","s":19630501,"e":19690916}},{"arcs":[[[-4777,4960,-4775,4961,4940,4962,4963,-4779,4964]],[[4965,4922,4966,4924,4967,4926,4968,4928,4969,4930,4970,4932,4971,4934,4972,4936,4973,4938,4974,4975,4976,-4769,4977,4978,-4766,4979,-4764,4980,4981,4982,4942,4983,4944,4984,4946,4985,4948,4986,4950,4987,4952,4988,4954,4989,4956,4990]],[[4958]]],"type":"MultiPolygon","properties":{"n":"East Timor","s":18860101,"e":19760716}},{"arcs":[[[-4777,4960,-4775,4961,4940,4962,4963,-4779,4964]],[[4965,4922,4966,4924,4967,4926,4968,4928,4969,4930,4970,4932,4971,4934,4972,4936,4973,4938,4974,4975,4976,-4769,4977,4978,-4766,4979,-4764,4980,4981,4982,4942,4983,4944,4984,4946,4985,4948,4986,4950,4987,4952,4988,4954,4989,4956,4990]],[[4958]]],"type":"MultiPolygon","properties":{"n":"East Timor","s":20020520,"e":20191231}},{"arcs":[[[4991]],[[4992]],[[4993]],[[4994]],[[4995]],[[4996]],[[4997]],[[4998]],[[4999]],[[5000]],[[5001]],[[5002]],[[5003]],[[5004]],[[5005]],[[5006]],[[5007]],[[5008]],[[5009]],[[5010,5011,5012,5013,5014,5015,5016,5017,5018]],[[5019]],[[5020]],[[5021]],[[5022]],[[5023]],[[5024]],[[5025]],[[5026]],[[5027]],[[5028]],[[5029]],[[5030]],[[5031]],[[5032]]],"type":"MultiPolygon","properties":{"n":"Australia","s":19010101,"e":19270508}},{"arcs":[[[4991]],[[4992]],[[4993]],[[4994]],[[4995]],[[4996]],[[4997]],[[4998]],[[4999]],[[5000]],[[5001]],[[5002]],[[5003]],[[5004]],[[5005]],[[5006]],[[5007]],[[5008]],[[5009]],[[5010,5011,5012,5013,5014,5015,5016,5017,5018]],[[5019]],[[5020]],[[5021]],[[5022]],[[5023]],[[5024]],[[5025]],[[5026]],[[5027]],[[5028]],[[5029]],[[5030]],[[5031]],[[5032]]],"type":"MultiPolygon","properties":{"n":"Australia","s":19270509,"e":20191231}},{"arcs":[[5033,5034,5035,5013]],"type":"Polygon","properties":{"n":"New South Wales","s":18860101,"e":19001231}},{"arcs":[[[5001]],[[5036,5018]],[[4999]],[[5023]],[[5024]]],"type":"MultiPolygon","properties":{"n":"Western Australia","s":18860101,"e":19001231}},{"arcs":[[[5006]],[[5005]],[[5021]],[[5022]],[[5026]],[[5025]],[[5028]],[[5029]],[[5027]],[[5017,-5037,5010,5037,-5035,5038,5016]],[[5031]],[[5032]]],"type":"MultiPolygon","properties":{"n":"South Australia","s":18860101,"e":19001231}},{"arcs":[[5014,5039,-5039,-5034]],"type":"Polygon","properties":{"n":"Victoria","s":18860101,"e":19001231}},{"arcs":[[[5002]],[[5000]],[[5003]],[[5008]],[[5040,-5036,-5038,5011]],[[4998]],[[5009]],[[5019]],[[5020]],[[5030]]],"type":"MultiPolygon","properties":{"n":"Queensland","s":18860101,"e":19001231}},{"arcs":[[[4993]],[[4994]],[[4995]],[[4996]],[[4991]],[[4992]],[[5007]],[[4997]]],"type":"MultiPolygon","properties":{"n":"Tasmania","s":18860101,"e":19001231}},{"arcs":[[[5041]],[[5042]],[[5043]],[[5044]],[[5045]],[[5046]],[[5047]],[[5048]],[[5049]],[[5050]],[[5051]],[[5052]],[[5053]],[[5054]],[[5055,5056,5057]],[[5058]],[[5059]],[[5060]],[[5061]],[[5062,5063,5064,-4871,-4870,5065]],[[5066]],[[5067]],[[5068]],[[5069]]],"type":"MultiPolygon","properties":{"n":"Papua New Guinea","s":19490701,"e":19750915}},{"arcs":[[[5041]],[[5042]],[[5043]],[[5044]],[[5045]],[[5046]],[[5047]],[[5048]],[[5049]],[[5050]],[[5051]],[[5052]],[[5053]],[[5054]],[[5055,5056,5057]],[[5058]],[[5059]],[[5060]],[[5061]],[[5062,5063,5064,-4871,-4870,5065]],[[5066]],[[5067]],[[5068]],[[5069]]],"type":"MultiPolygon","properties":{"n":"Papua New Guinea","s":19750916,"e":20191231}},{"arcs":[[[5041]],[[5042]],[[5043]],[[5044]],[[5045]],[[5046]],[[5047]],[[5048]],[[5049]],[[5050]],[[5051]],[[5062,5070,5064,-4871,5071]]],"type":"MultiPolygon","properties":{"n":"Papua","s":18860101,"e":18871231}},{"arcs":[[[5041]],[[5042]],[[5043]],[[5044]],[[5045]],[[5046]],[[5047]],[[5048]],[[5049]],[[5050]],[[5051]],[[5062,5070,5064,-4871,5071]]],"type":"MultiPolygon","properties":{"n":"Papua","s":18880101,"e":19051115}},{"arcs":[[[5041]],[[5042]],[[5043]],[[5044]],[[5045]],[[5046]],[[5047]],[[5048]],[[5049]],[[5050]],[[5051]],[[5062,5070,5064,-4871,5071]]],"type":"MultiPolygon","properties":{"n":"Papua","s":19051116,"e":19201216}},{"arcs":[[[5041]],[[5042]],[[5043]],[[5044]],[[5045]],[[5046]],[[5047]],[[5048]],[[5049]],[[5050]],[[5051]],[[5062,5070,5064,-4871,5071]]],"type":"MultiPolygon","properties":{"n":"Papua","s":19201217,"e":19490630}},{"arcs":[[[5052]],[[5054]],[[5058]],[[5059]],[[5060]],[[5061]],[[-5072,-4870,5065]],[[5066]],[[5067]],[[5068]],[[5069]]],"type":"MultiPolygon","properties":{"n":"New Guinea (German New Guinea) (Kaiser Wilhelmsland)","s":18860101,"e":18901231}},{"arcs":[[[5052]],[[5054]],[[5058]],[[5059]],[[5060]],[[5061]],[[-5072,-4870,5065]],[[5066]],[[5067]],[[5068]],[[5069]]],"type":"MultiPolygon","properties":{"n":"New Guinea (German New Guinea) (Kaiser Wilhelmsland)","s":18910101,"e":18991231}},{"arcs":[[[5052]],[[5054]],[[5058]],[[5059]],[[5060]],[[5061]],[[-5072,-4870,5065]],[[5066]],[[5067]],[[5068]],[[5069]]],"type":"MultiPolygon","properties":{"n":"New Guinea (German New Guinea) (Kaiser Wilhelmsland)","s":19000101,"e":19091231}},{"arcs":[[[5052]],[[5054]],[[5058]],[[5059]],[[5060]],[[5061]],[[-5072,-4870,5065]],[[5066]],[[5067]],[[5068]],[[5069]]],"type":"MultiPolygon","properties":{"n":"New Guinea (German New Guinea) (Kaiser Wilhelmsland)","s":19100101,"e":19141110}},{"arcs":[[[5052]],[[5054]],[[5058]],[[5059]],[[5060]],[[5061]],[[-5072,-4870,5065]],[[5066]],[[5067]],[[5068]],[[5069]]],"type":"MultiPolygon","properties":{"n":"New Guinea (German New Guinea) (Kaiser Wilhelmsland)","s":19141111,"e":19200627}},{"arcs":[[[5052]],[[5053]],[[5054]],[[5055,5056,5057]],[[5058]],[[5059]],[[5060]],[[5061]],[[-5072,-4870,5065]],[[5066]],[[5067]],[[5068]],[[5069]]],"type":"MultiPolygon","properties":{"n":"New Guinea (German New Guinea) (Kaiser Wilhelmsland)","s":19200628,"e":19490630}},{"arcs":[[[5072]],[[5073]],[[5074]],[[5075]],[[5076]],[[5077]],[[5078]],[[5079]],[[5080]],[[5081]],[[5082]],[[5083]]],"type":"MultiPolygon","properties":{"n":"New Zealand","s":18860101,"e":19070831}},{"arcs":[[[5072]],[[5073]],[[5074]],[[5075]],[[5076]],[[5077]],[[5078]],[[5079]],[[5080]],[[5081]],[[5082]],[[5083]]],"type":"MultiPolygon","properties":{"n":"New Zealand","s":19070901,"e":20191231}},{"arcs":[[[5084]],[[5085]],[[5086]],[[5087]],[[5088]]],"type":"MultiPolygon","properties":{"n":"New Caledonia and Dependencies","s":18860101,"e":20191231}},{"arcs":[[[5089]],[[5090]],[[5091]],[[5092]],[[5093]],[[5094]],[[5095]],[[5096]],[[5097]],[[5098]],[[5099]],[[5100]],[[5101]],[[5102]],[[5103]],[[5104]],[[5105]]],"type":"MultiPolygon","properties":{"n":"Solomon Islands","s":18930315,"e":18991113}},{"arcs":[[[5089]],[[5090]],[[5091]],[[5092]],[[5093]],[[5094]],[[5095]],[[5096]],[[5097]],[[5098]],[[5099]],[[5106]],[[5100]],[[5101]],[[5102]],[[5103]],[[5104]],[[5105]],[[5107]],[[5108]],[[5109]],[[5110]]],"type":"MultiPolygon","properties":{"n":"Solomon Islands","s":18991114,"e":19511231}},{"arcs":[[[5089]],[[5090]],[[5091]],[[5092]],[[5093]],[[5094]],[[5095]],[[5096]],[[5097]],[[5098]],[[5099]],[[5106]],[[5100]],[[5101]],[[5102]],[[5103]],[[5104]],[[5105]],[[5107]],[[5108]],[[5109]],[[5110]]],"type":"MultiPolygon","properties":{"n":"Solomon Islands","s":19520101,"e":19780706}},{"arcs":[[[5089]],[[5090]],[[5091]],[[5092]],[[5093]],[[5094]],[[5095]],[[5096]],[[5097]],[[5098]],[[5099]],[[5106]],[[5100]],[[5101]],[[5102]],[[5103]],[[5104]],[[5105]],[[5107]],[[5108]],[[5109]],[[5110]]],"type":"MultiPolygon","properties":{"n":"Solomon Islands","s":19780707,"e":20191231}},{"arcs":[[[5111]],[[5112]],[[5113]],[[5114]],[[5115]],[[5116]],[[5117]]],"type":"MultiPolygon","properties":{"n":"Fiji","s":18860101,"e":19701009}},{"arcs":[[[5111]],[[5112]],[[5113]],[[5114]],[[5115]],[[5116]],[[5117]]],"type":"MultiPolygon","properties":{"n":"Fiji","s":19701010,"e":20191231}},{"arcs":[[[5118]],[[5119]],[[5120]],[[5121]],[[5122]],[[5123]],[[5124]],[[5125]],[[5126]],[[5127]],[[5128]],[[5129]],[[5130]],[[5131]],[[5132]],[[5133]],[[5134]],[[5135]],[[5136]],[[5137]],[[5138]],[[5139]],[[5140]],[[5141]],[[5142]],[[5143]],[[5144]],[[5145]],[[5146]],[[5147]],[[5148]],[[5149]],[[5150]],[[5151]],[[5152]],[[5153]],[[5154]]],"type":"MultiPolygon","properties":{"n":"French Polynesia","s":19030519,"e":20191231}},{"arcs":[[445,446,-443,-449]],"type":"Polygon","properties":{"n":"Inini","s":19300706,"e":19460318}},{"arcs":[[-1011,1019,1020,1021,1022,5155,-1013,-1012]],"type":"Polygon","properties":{"n":"Bosnia","s":18860101,"e":19081006}},{"arcs":[[-980,-979,1044,1018,-1015,-1014,-5156,1023]],"type":"Polygon","properties":{"n":"Herzegovina","s":18860101,"e":19081006}},{"arcs":[[5156,2725,-2648,5157]],"type":"Polygon","properties":{"n":"Lagos","s":18860101,"e":19060215}},{"arcs":[[-2707,-2706,2727,-5157,5158]],"type":"Polygon","properties":{"n":"Oil Rivers Protectorate","s":18860101,"e":18981231}},{"arcs":[[-2707,-2706,2727,-5157,5158]],"type":"Polygon","properties":{"n":"Southern Nigeria","s":18990101,"e":19060215}},{"arcs":[[[2725,-2648,5157,5158,-2707,-2706,2727]],[[2728]]],"type":"MultiPolygon","properties":{"n":"Southern Nigeria","s":19060216,"e":19131231}},{"arcs":[[-2620,-2619,2589,2660,2726,-2710,-2709,-2708,-5159,-5158,-2653,-2654,-2623,-2622,-2621]],"type":"Polygon","properties":{"n":"Northern Nigeria","s":18990101,"e":19021231}},{"arcs":[[-2620,-2619,2589,2660,2726,-2710,-2709,-2708,-5159,-5158,-2653,-2654,-2623,-2622,-2621]],"type":"Polygon","properties":{"n":"Northern Nigeria","s":19030101,"e":19040407}},{"arcs":[[-2662,2726,-2710,-2709,-2708,-5159,-5158,-2653,-2654,-2623,-2664,-2663]],"type":"Polygon","properties":{"n":"Northern Nigeria","s":19040408,"e":19131231}},{"arcs":[[-2787,-2796,-2795,2813,-2821,5159,2818]],"type":"Polygon","properties":{"n":"Italian Somaliland","s":18891119,"e":18970319}},{"arcs":[[-2787,-2796,-2795,2813,-2821,5159,2818]],"type":"Polygon","properties":{"n":"Italian Somaliland","s":18970320,"e":19080429}},{"arcs":[[-2787,-2796,-2795,2813,-2821,5159,2818]],"type":"Polygon","properties":{"n":"Italian Somaliland","s":19080430,"e":19240630}},{"arcs":[[2787,-2802,-2801,2799,-2795,2813,-2821,5159,2818]],"type":"Polygon","properties":{"n":"Italian Somaliland","s":19240701,"e":19410319}},{"arcs":[[2787,-2802,-2801,2799,-2795,2813,-2821,5159,2818]],"type":"Polygon","properties":{"n":"Italian Somaliland","s":19410320,"e":19500331}},{"arcs":[[2787,-2802,-2801,2799,-2795,2813,-2821,5159,2818]],"type":"Polygon","properties":{"n":"Italian Somaliland","s":19500401,"e":19600630}},{"arcs":[[2873,-2867,5160,-2754,-2806]],"type":"Polygon","properties":{"n":"Northeastern Rhodesia","s":19000129,"e":19110817}},{"arcs":[[-5161,-2866,2874,2872,-2852,-2755]],"type":"Polygon","properties":{"n":"Northwestern Rhodesia","s":19000129,"e":19050529}},{"arcs":[[-2755,-5161,-2866,2874,2872,2852,-2855,-2756]],"type":"Polygon","properties":{"n":"Northwestern Rhodesia","s":19050530,"e":19110817}},{"arcs":[[-2917,2889,-2916,-2892,2902,-2902,-2920,-2919,-2886,-2918]],"type":"Polygon","properties":{"n":"British Bechuanaland","s":18860101,"e":18900629}},{"arcs":[[-2917,2889,-2916,-2892,2902,-2902,-2920,-2919,-2886,-2918]],"type":"Polygon","properties":{"n":"British Bechuanaland","s":18900630,"e":18951115}},{"arcs":[[2624,-2657,2614,2615,2616]],"type":"Polygon","properties":{"n":"Southern zone of Spanish Morocco","s":19560407,"e":19580409}},{"arcs":[[3312,3176,3177,-3320]],"type":"Polygon","properties":{"n":"Gaza","s":19480514,"e":19670609}},{"arcs":[[-3307,-3317]],"type":"Polygon","properties":{"n":"West Bank","s":19480514,"e":19670609}},{"arcs":[[[3392]],[[3393]],[[3394,3395,3396,3397,3398,3399,-3101,-3390,-3372,-3371,3400,3401]]],"type":"MultiPolygon","properties":{"n":"Federation of South Arabia","s":19620404,"e":19671129}},{"arcs":[[[3392]],[[3393]],[[5161,-3405,-3371,3400,3401]]],"type":"MultiPolygon","properties":{"n":"East Aden Protectorate","s":19370401,"e":19620403}},{"arcs":[[-1776,-1775,-1774,-1773,-1772,-1771,-1770,-1769,-1768,2159,2160,2161,-2158,-2157,-2156,-2155,-2154,-1777]],"type":"Polygon","properties":{"n":"Bokhara","s":18860101,"e":19200901}},{"arcs":[[-1783,-1782,-1781,-1780,-1779,-1778,2153,2154,2155,2156,2157,2158,-1787,-1786,-1785,-1784]],"type":"Polygon","properties":{"n":"Khiva","s":18860101,"e":19200201}},{"arcs":[[5162,1350,5163,1352,5164,5165,5166,1356,5167,1358,5168,1360,5169,5170,5171,5172,1365,5173,1367,5174,1369,5175,1371,5176,1373,5177,5178,1376,5179,1378,5180,1380,5181,1382,5182,5183,5184,5185,1387,5186,1389,5187,5188,1392,5189,1394,5190,5191,1397,5192,1399,5193,1401,5194,5195,1404,5196,5197,1407,5198,5199,1410,5200,5201,5202,1414,5203,1416,5204,1418,5205,1420,-2136,5206,1423,5207,1425,5208,1427,5209,5210,1430,5211,1432,5212,1434,5213,1436,5214,1438,5215,1440,5216,1442,5217]],"type":"Polygon","properties":{"n":"Southern Sakhalin Island","s":19050905,"e":19450814}},{"arcs":[[-3581,-4154,4156,4157,-3649]],"type":"Polygon","properties":{"n":"Jammu and Kashmir","s":19470815,"e":19490104}},{"arcs":[[-3441,-3651,-3650,-4158,-4201,-4200]],"type":"Polygon","properties":{"n":"Kashmir (North, Azad)","s":19470815,"e":19490104}},{"arcs":[[-4375,5218,5219,4636,4637,4638,4639,4640,4641,4642,4643,4644,4706,-4377,-4376]],"type":"Polygon","properties":{"n":"Perak","s":18860101,"e":18960630}},{"arcs":[[5220,4627,4628,4629,4630,4631,4632,4633,4634,4635,-5220,5221]],"type":"Polygon","properties":{"n":"Selangore","s":18860101,"e":18960630}},{"arcs":[[[4585]],[[4590,4591,4592,4593,4594,4595,4596,4597,4598,4703,5222,-5222,-5219,-4374]]],"type":"MultiPolygon","properties":{"n":"Pahang","s":18880101,"e":18960630}},{"arcs":[[[5106]],[[5107]],[[5108]],[[5109]],[[5110]],[[5053]],[[5223,5224,5057]]],"type":"MultiPolygon","properties":{"n":"German Solomon Islands","s":18860101,"e":18991113}}]}}}